appid,ccu,owners,positive,negative,name,type,is_free,price_uyu,original_price_uyu,discount_pct,release_date,supported_languages,metacritic_score,genres,categories,platforms_windows,platforms_mac,platforms_linux,min_requirements,developers,publishers,review_score,has_es_latam,is_indie,is_multiplayer,is_singleplayer,pct_min_wage,year,age_years,era,ram_gb,storage_gb
730,1013936,"100,000,000 .. 200,000,000",7642084,1173003,Counter-Strike 2,game,True,0.0,0.0,0,2012-08-21,"Czech, Danish, Dutch, English<strong>*</strong>, Finnish, French, German, Hungarian, Italian, Japanese, Korean, Norwegian, Polish, Portuguese - Portugal, Portuguese - Brazil, Romanian, Russian, Simplified Chinese, Spanish - Spain, Swedish, Thai, Traditional Chinese, Turkish, Bulgarian, Ukrainian, Greek, Spanish - Latin America, Vietnamese, Indonesian<br><strong>*</strong>languages with full audio support",,"Action,Free To Play","Multi-player,Cross-Platform Multiplayer,Steam Trading Cards,Steam Workshop,In-App Purchases,Adjustable Text Size,Camera Comfort,Color Alternatives,Custom Volume Controls,Playable without Timed Input,Stereo Sound,Surround Sound,Valve Anti-Cheat enabled,Stats,Remote Play on Phone,Remote Play on Tablet,Remote Play on TV,Steam Timeline",True,False,True,Minimum:     OS:  Windows® 10    Processor:  4 hardware CPU threads - Intel® Core™ i5 750 or higher    Memory:  8 GB RAM    Graphics:  Video card must be 1 GB or more and should be a DirectX 11-compatible with support for Shader Model 5.0    DirectX:  Version 11    Storage:  85 GB available space,Valve,Valve,0.8669,True,False,True,False,0.0,2012.0,13.8,Classic,8.0,85.0
578080,314682,"100,000,000 .. 200,000,000",1520457,1037487,PUBG: BATTLEGROUNDS,game,True,0.0,0.0,0,2017-12-21,"English, Korean, Simplified Chinese, French, German, Spanish - Spain, Arabic, Japanese, Polish, Portuguese - Portugal, Russian, Turkish, Thai, Italian, Portuguese - Brazil, Traditional Chinese, Ukrainian",,"Action,Adventure,Massively Multiplayer,Free To Play","Multi-player,PvP,Online PvP,Custom Volume Controls,Stereo Sound,Surround Sound,Partial Controller Support,Stats,Remote Play on Phone,Remote Play on Tablet,Family Sharing",True,False,False,Minimum:    Requires a 64-bit processor and operating system    OS:  64-bit Windows 10    Processor:  Intel Core i5-4430 / AMD FX-6300    Memory:  8 GB RAM    Graphics:  NVIDIA GeForce GTX 960 2GB / AMD Radeon R7 370 2GB    DirectX:  Version 11    Network:  Broadband Internet connection    Storage:  40 GB available space,PUBG Corporation,"KRAFTON, Inc.",0.5944,False,False,True,False,0.0,2017.0,8.5,Established,8.0,40.0
2622380,163599,"2,000,000 .. 5,000,000",48901,16771,ELDEN RING NIGHTREIGN,game,False,1399.0,1399.0,0,2025-05-29,"English<strong>*</strong>, Japanese, French, Italian, German, Spanish - Spain, Arabic, Korean, Polish, Portuguese - Brazil, Russian, Simplified Chinese, Spanish - Latin America, Thai, Traditional Chinese<br><strong>*</strong>languages with full audio support",,"Action,RPG","Single-player,Multi-player,Co-op,Online Co-op,Steam Achievements,Full controller support,Camera Comfort,Custom Volume Controls,Playable without Timed Input,Stereo Sound,Surround Sound,Steam Cloud,Family Sharing",True,False,False,Minimum:    Requires a 64-bit processor and operating system    OS:  Windows 10    Processor:  Intel Core i5-10600 / AMD RYZEN 5 5500    Memory:  12 GB RAM    Graphics:  NVIDIA GeForce GTX 1060 3GB / AMD Radeon RX 580 4GB    DirectX:  Version 12    Storage:  30 GB available space    Sound Card:  Windows compatible audio device,"FromSoftware, Inc.","FromSoftware, Inc.,Bandai Namco Entertainment",0.7446,True,False,True,True,6.36,2025.0,1.1,Recent,12.0,30.0
252490,143870,"20,000,000 .. 50,000,000",1071135,156649,Rust,game,False,579.0,1159.0,50,2018-02-08,"English<strong>*</strong>, French<strong>*</strong>, Italian<strong>*</strong>, German<strong>*</strong>, Spanish - Spain<strong>*</strong>, Japanese<strong>*</strong>, Korean<strong>*</strong>, Russian<strong>*</strong>, Simplified Chinese<strong>*</strong>, Ukrainian<strong>*</strong>, Polish<strong>*</strong>, Portuguese - Portugal<strong>*</strong>, Turkish<strong>*</strong>, Arabic, Czech, Danish, Dutch, Finnish, Greek, Norwegian, Portuguese - Brazil, Spanish - Latin America, Swedish, Traditional Chinese, Vietnamese<br><strong>*</strong>languages with full audio support",69.0,"Action,Adventure,Indie,Massively Multiplayer,RPG","Multi-player,MMO,PvP,Online PvP,Co-op,Online Co-op,Cross-Platform Multiplayer,Steam Achievements,Steam Trading Cards,Steam Workshop,In-App Purchases,Adjustable Text Size,Camera Comfort,Color Alternatives,Custom Volume Controls,Adjustable Difficulty,Stereo Sound,Subtitle Options,Surround Sound,Valve Anti-Cheat enabled,Stats,Remote Play on Tablet",True,True,False,"Minimum:    Requires a 64-bit processor and operating system    OS:  Windows 11 64bit    Processor:  AMD Ryzen 5 1400 or Intel Core i5-6600    Memory:  12 GB RAM    Graphics:  AMD Radeon RX 470, NVIDIA GeForce GTX 1060, Intel® Arc™ A580    DirectX:  Version 11    Network:  Broadband Internet connection    Storage:  45 GB available space    Additional Notes:  SSD is highly recommended or expect longer than average load times.",Facepunch Studios,Facepunch Studios,0.8724,True,True,True,False,2.63,2018.0,8.4,Established,12.0,45.0
1172470,124262,"100,000,000 .. 200,000,000",668053,326926,Apex Legends™,game,True,0.0,0.0,0,2020-11-04,"English<strong>*</strong>, French<strong>*</strong>, Italian<strong>*</strong>, German<strong>*</strong>, Spanish - Spain<strong>*</strong>, Japanese<strong>*</strong>, Korean<strong>*</strong>, Polish<strong>*</strong>, Portuguese - Brazil, Russian<strong>*</strong>, Simplified Chinese<strong>*</strong>, Traditional Chinese, Spanish - Latin America, Arabic<br><strong>*</strong>languages with full audio support",88.0,"Action,Adventure,Free To Play","Multi-player,PvP,Online PvP,Co-op,Online Co-op,Steam Achievements,Full controller support,Steam Trading Cards,In-App Purchases,Chat Speech-to-text,Playable without Timed Input",True,False,False,"Minimum:    Requires a 64-bit processor and operating system    OS:  64-bit Windows 10    Processor:  AMD FX 4350 or Equivalent, Intel Core i3 6300 or Equivalent    Memory:  6 GB RAM    Graphics:  AMD Radeon™ HD 7790 (2 GB), NVIDIA GeForce® GTX 950    DirectX:  Version 12    Network:  Broadband Internet connection    Storage:  75 GB available space    Additional Notes:  ~3.8GB for 1 localized language",Respawn,Electronic Arts,0.6714,True,False,True,False,0.0,2020.0,5.6,Established,6.0,75.0
431960,91184,"20,000,000 .. 50,000,000",876898,17560,Wallpaper Engine,game,False,159.0,159.0,0,2018-11-16,"English, German, Simplified Chinese, Polish, Portuguese - Brazil, French, Italian, Spanish - Spain, Finnish, Japanese, Korean, Swedish, Thai, Traditional Chinese, Turkish, Portuguese - Portugal, Russian, Danish, Czech, Arabic, Ukrainian, Indonesian, Persian",,"Casual,Indie,Animation & Modeling,Design & Illustration,Photo Editing,Utilities","Steam Achievements,Steam Trading Cards,Steam Workshop,Steam Workshop,Includes level editor",True,False,False,"Minimum:     OS:  Windows 10, Windows 11    Processor:  1.66 GHz Intel i5 or equivalent    Memory:  1024 MB RAM    Graphics:  HD Graphics 4000 or above    DirectX:  Version 11    Storage:  512 MB available space    Additional Notes:  Windows N versions require the 'Media Feature Pack' from Microsoft.",Wallpaper Engine Team,Wallpaper Engine Team,0.9804,False,True,False,False,0.72,2018.0,7.6,Established,,
1671210,83936,"1,000,000 .. 2,000,000",2804,31,DELTARUNE,game,False,740.0,740.0,0,2025-06-04,"English, Japanese",,"Indie,RPG","Single-player,Full controller support,Steam Cloud,Family Sharing",True,True,False,Minimum:    Requires a 64-bit processor and operating system    OS:  Windows 10 or higher    Memory:  2 GB RAM    Graphics:  128 MB    DirectX:  Version 12    Storage:  1 GB available space,tobyfox,tobyfox,0.9891,False,True,False,True,3.36,2025.0,1.0,Recent,2.0,1.0
271590,67851,"50,000,000 .. 100,000,000",1739980,250576,Grand Theft Auto V Legacy,game,False,0.0,0.0,0,2015-04-13,"English<strong>*</strong>, French, Italian, German, Spanish - Spain, Korean, Polish, Portuguese - Brazil, Russian, Traditional Chinese, Japanese, Simplified Chinese, Spanish - Latin America<br><strong>*</strong>languages with full audio support",96.0,"Action,Adventure","Single-player,Multi-player,PvP,Online PvP,Co-op,Online Co-op,Steam Achievements,Full controller support,Remote Play on Phone,Remote Play on Tablet,Remote Play on TV",True,False,False,"Minimum:    Requires a 64-bit processor and operating system    OS:  Windows 10 64 Bit    Processor:  Intel Core 2 Quad CPU Q6600 @ 2.40GHz (4 CPUs) / AMD Phenom 9850 Quad-Core Processor (4 CPUs) @ 2.5GHz    Memory:  4 GB RAM    Graphics:  NVIDIA 9800 GT 1GB / AMD HD 4870 1GB (DX 10, 10.1, 11)    Storage:  125 GB available space    Sound Card:  100% DirectX 10 compatible    Additional Notes:  Over time downloadable content and programming changes will change the system requirements for this game.  Please refer to your hardware manufacturer and  for current compatibility information. Some system components such as mobile chipsets, integrated, and AGP graphics cards may be incompatible. Unlisted specifications may not be supported by publisher.     Other requirements:  Installation and online play requires log-in to Rockstar Games Social Club (13+) network; internet connection required for activation, online play, and periodic entitlement verification; software installations required including Rockstar Games Social Club platform, DirectX , Chromium, and Microsoft Visual C++ 2008 sp1 Redistributable Package, and authentication software that recognizes certain hardware attributes for entitlement, digital rights management, system, and other support purposes.     SINGLE USE SERIAL CODE REGISTRATION VIA INTERNET REQUIRED; REGISTRATION IS LIMITED TO ONE ROCKSTAR GAMES SOCIAL CLUB ACCOUNT (13+) PER SERIAL CODE; ONLY ONE PC LOG-IN ALLOWED PER SOCIAL CLUB ACCOUNT AT ANY TIME; SERIAL CODE(S) ARE NON-TRANSFERABLE ONCE USED; SOCIAL CLUB ACCOUNTS ARE NON-TRANSFERABLE.  Partner Requirements:  Please check the terms of service of this site before purchasing this software.",Rockstar North,Rockstar Games,0.8741,True,False,True,True,0.0,2015.0,11.2,Classic,4.0,125.0
1938090,67419,"50,000,000 .. 100,000,000",419594,294520,Call of Duty®,game,False,0.0,0.0,0,2022-10-27,"English<strong>*</strong>, French<strong>*</strong>, Italian<strong>*</strong>, German<strong>*</strong>, Spanish - Spain<strong>*</strong>, Korean, Polish, Russian, Traditional Chinese, Japanese<strong>*</strong>, Spanish - Latin America<strong>*</strong>, Arabic, Simplified Chinese<strong>*</strong>, Portuguese - Brazil<strong>*</strong><br><strong>*</strong>languages with full audio support",,Action,"Single-player,Multi-player,PvP,Online PvP,Co-op,Online Co-op,Cross-Platform Multiplayer,Steam Achievements,Captions available,In-App Purchases,Adjustable Text Size,Camera Comfort,Color Alternatives,Custom Volume Controls,Playable without Timed Input,Stereo Sound,Subtitle Options,Surround Sound,Partial Controller Support,HDR available",True,False,False,"Minimum:    Requires a 64-bit processor and operating system    OS:  Windows® 10 64 Bit (latest update)    Processor:  AMD Ryzen™ 5 1400 or Intel® Core™ i5-6600    Memory:  8 GB RAM    Graphics:  AMD Radeon™ RX 470, NVIDIA® GeForce® GTX 970 / 1060 or Intel® Arc™ A580    DirectX:  Version 12    Network:  Broadband Internet connection    Additional Notes:  SSD with 161 GB available space at launch","Treyarch,Raven Software,Beenox,High Moon Studios,Sledgehammer Games,Infinity Ward,Activision Shanghai,Demonware",Activision,0.5876,True,False,True,True,0.0,2022.0,3.6,Modern,8.0,161.0
1203220,66954,"10,000,000 .. 20,000,000",225960,98967,NARAKA: BLADEPOINT,game,True,0.0,0.0,0,2021-08-11,"English<strong>*</strong>, Simplified Chinese<strong>*</strong>, Traditional Chinese<strong>*</strong>, Japanese<strong>*</strong>, Korean<strong>*</strong>, French, German, Spanish - Spain, Russian, Turkish, Portuguese - Portugal, Vietnamese, Thai<br><strong>*</strong>languages with full audio support",,"Action,Adventure,Massively Multiplayer,Free To Play","Multi-player,PvP,Online PvP,Steam Achievements,Steam Trading Cards,In-App Purchases,Partial Controller Support,HDR available",True,False,False,"Minimum:     OS *:  Windows 7 64-bit or newer    Processor:  Intel i5 4th generation or AMD FX 6300 or equivalent    Memory:  8 GB RAM    Graphics:  NVIDIA GeForce GTX 750TI, Intel Arc A380, AMD HD 6950 or equivalent    DirectX:  Version 11    Network:  Broadband Internet connection    Storage:  55 GB available space    Additional Notes:  a) Can run at 720p/60fps; b) We advise you install the game on an SSD for a more streamlined experience. c) Requires “Windows Memory integrity and VBS enablement” to be disabled",24 Entertainment,NetEase Games ,0.6954,False,False,True,False,0.0,2021.0,4.9,Modern,8.0,55.0
1086940,54771,"20,000,000 .. 50,000,000",736688,23974,Baldur's Gate 3,game,False,1599.0,1599.0,0,2023-08-03,"English<strong>*</strong>, French, German, Spanish - Spain, Polish, Russian, Simplified Chinese, Turkish, Portuguese - Brazil, Italian, Spanish - Latin America, Traditional Chinese, Ukrainian, Korean, Japanese<br><strong>*</strong>languages with full audio support",96.0,"Adventure,RPG,Strategy","Single-player,Multi-player,Co-op,Online Co-op,LAN Co-op,Cross-Platform Multiplayer,Steam Achievements,Full controller support,Steam Trading Cards,Adjustable Text Size,Camera Comfort,Color Alternatives,Custom Volume Controls,Adjustable Difficulty,Playable without Timed Input,Save Anytime,Stereo Sound,Subtitle Options,Surround Sound,Steam Cloud,Remote Play on TV,Remote Play Together,Family Sharing",True,True,False,Minimum:    Requires a 64-bit processor and operating system    OS:  Windows 10 64-bit    Processor:  Intel I5 4690 / AMD FX 8350 / Snapdragon X Elite    Memory:  8 GB RAM    Graphics:  Nvidia GTX 970 / RX 480 / Intel Arc A380 / Qualcomm Adreno X1 (4GB+ of VRAM)    DirectX:  Version 11    Storage:  150 GB available space    Additional Notes:  SSD required,Larian Studios,Larian Studios,0.9685,True,False,True,True,7.27,2023.0,2.9,Modern,8.0,150.0
553850,53399,"20,000,000 .. 50,000,000",775883,241752,HELLDIVERS™ 2,game,False,1599.0,1599.0,0,2024-02-08,"English<strong>*</strong>, French<strong>*</strong>, Italian<strong>*</strong>, German<strong>*</strong>, Spanish - Spain<strong>*</strong>, Japanese<strong>*</strong>, Korean, Portuguese - Brazil<strong>*</strong>, Spanish - Latin America<strong>*</strong>, Polish, Portuguese - Portugal, Russian, Simplified Chinese<strong>*</strong>, Traditional Chinese<br><strong>*</strong>languages with full audio support",,Action,"Multi-player,Co-op,Online Co-op,Steam Achievements,In-App Purchases,Adjustable Text Size,Camera Comfort,Chat Speech-to-text,Chat Text-to-speech,Color Alternatives,Custom Volume Controls,Adjustable Difficulty,Narrated Game Menus,Playable without Timed Input,Stereo Sound,Subtitle Options,Surround Sound,Partial Controller Support,Family Sharing",True,False,False,Minimum:    Requires a 64-bit processor and operating system    OS:  Windows 10    Processor:  Intel Core i7-4790K or AMD Ryzen 5 1500X    Memory:  8 GB RAM    Graphics:  NVIDIA GeForce GTX 1050 Ti or AMD Radeon RX 470    Storage:  135 GB available space,Arrowhead Game Studios,PlayStation Publishing LLC,0.7624,True,False,True,False,7.27,2024.0,2.4,Modern,8.0,135.0
359550,51847,"20,000,000 .. 50,000,000",1172854,225730,Tom Clancy's Rainbow Six Siege,game,True,0.0,0.0,0,2015-12-01,"English<strong>*</strong>, French<strong>*</strong>, Italian<strong>*</strong>, German<strong>*</strong>, Spanish - Spain<strong>*</strong>, Czech, Dutch, Japanese<strong>*</strong>, Korean, Polish, Portuguese - Brazil<strong>*</strong>, Russian<strong>*</strong>, Traditional Chinese, Simplified Chinese, Turkish, Thai<br><strong>*</strong>languages with full audio support",,"Action,Free To Play","Single-player,Multi-player,PvP,Online PvP,Co-op,Online Co-op,Full controller support,Steam Trading Cards,In-App Purchases,Remote Play on Phone,Remote Play on Tablet",True,False,False,"Minimum:     OS:  Windows 10, Windows 11 (64-bit versions)    Processor:  AMD Ryzen 3 3100 / Intel i3-8100    Memory:  8 GB RAM    Graphics:  Nvidia GTX 1650 4GB / AMD RX 5500XT 4GB / Intel ARC A380 6GB    DirectX:  Version 12    Network:  Broadband Internet connection    Storage:  65 GB available space    Sound Card:  DirectX® 9.0c compatible sound card with latest drivers    Additional Notes:  For an up-to-date list of supported chipsets, please visit the FAQ for this game on our support website. Game contains BattleEye anti-cheat technology.",Ubisoft Montreal,Ubisoft,0.8386,False,False,True,True,0.0,2015.0,10.6,Classic,8.0,65.0
413150,50662,"20,000,000 .. 50,000,000",872384,13811,Stardew Valley,game,False,329.0,329.0,0,2016-02-26,"English, German, Spanish - Spain, Japanese, Portuguese - Brazil, Russian, Simplified Chinese, French, Italian, Hungarian, Korean, Turkish",89.0,"Indie,RPG,Simulation","Single-player,Multi-player,Co-op,Online Co-op,LAN Co-op,Shared/Split Screen Co-op,Shared/Split Screen,Steam Achievements,Full controller support,Steam Trading Cards,Steam Cloud,Remote Play on Phone,Remote Play on Tablet,Remote Play Together,Family Sharing",True,True,True,"Minimum:     OS *:  Windows Vista or greater    Processor:  2 Ghz    Memory:  2 GB RAM    Graphics:  256 mb video memory, shader model 3.0+    DirectX:  Version 10    Storage:  500 MB available space",ConcernedApe,ConcernedApe,0.9844,False,True,True,True,1.5,2016.0,10.3,Classic,2.0,
236390,50478,"20,000,000 .. 50,000,000",484469,272617,War Thunder,game,True,0.0,0.0,0,2013-08-15,"English<strong>*</strong>, German<strong>*</strong>, French<strong>*</strong>, Italian<strong>*</strong>, Spanish - Spain<strong>*</strong>, Simplified Chinese, Russian<strong>*</strong>, Japanese<strong>*</strong>, Polish<strong>*</strong>, Czech<strong>*</strong>, Turkish<strong>*</strong>, Portuguese - Portugal, Korean, Portuguese - Brazil, Hungarian, Ukrainian, Traditional Chinese, Romanian<br><strong>*</strong>languages with full audio support",81.0,"Action,Massively Multiplayer,Simulation,Free To Play","Single-player,Multi-player,MMO,PvP,Online PvP,Co-op,Online Co-op,Cross-Platform Multiplayer,Steam Achievements,Full controller support,VR Supported,Steam Trading Cards,In-App Purchases,Adjustable Text Size,Camera Comfort,Color Alternatives,Custom Volume Controls,Playable without Timed Input,Stereo Sound,Surround Sound,Remote Play on Phone,Remote Play on Tablet",True,True,True,Minimum:     OS:  Windows 10 (64bit)    Processor:  Dual-Core 2.2 GHz    Memory:  4 GB RAM    Graphics:  DirectX 11 level video card: AMD Radeon 77XX / NVIDIA GeForce GTX 660. The minimum supported resolution for the game is 720p.    DirectX:  Version 11    Network:  Broadband Internet connection    Storage:  70 GB available space    VR Support:  SteamVR. Keyboard or gamepad required,Gaijin Entertainment,Gaijin Network Ltd,0.6399,False,False,True,True,0.0,2013.0,12.9,Classic,4.0,70.0
2252570,47931,"1,000,000 .. 2,000,000",20927,2121,Football Manager 2024,game,False,0.0,0.0,0,2023-11-06,"English, French, Italian, German, Spanish - Spain, Danish, Dutch, Greek, Japanese, Korean, Norwegian, Polish, Portuguese - Portugal, Russian, Simplified Chinese, Swedish, Turkish",,"Simulation,Sports,Strategy","Single-player,Multi-player,Steam Achievements,Steam Cloud,Family Sharing",True,True,False,"Minimum:    Requires a 64-bit processor and operating system    OS:  Windows 10/11 with updates - 64 bit    Processor:  Intel Core 2 or AMD Athlon 64 X2    Memory:  4 GB RAM    Graphics:  Intel GMA X4500, NVIDIA GeForce 9600M GT, AMD/ATI Mobility Radeon HD 3650 - requires 256MB VRAM and DirectX® 11    DirectX:  Version 11    Storage:  7 GB available space    Additional Notes:  Display: 1024x768. Performance scales with higher-end systems. Microsoft no longer supports Windows 10 or older versions.",Sports Interactive,SEGA,0.908,False,False,True,True,0.0,2023.0,2.6,Modern,4.0,7.0
381210,44886,"20,000,000 .. 50,000,000",630223,166993,Dead by Daylight,game,False,212.0,530.0,60,2016-06-14,"English<strong>*</strong>, French<strong>*</strong>, Italian, German, Spanish - Spain, Russian, Simplified Chinese, Portuguese - Brazil, Thai, Traditional Chinese, Japanese<strong>*</strong>, Korean, Polish, Spanish - Latin America, Turkish<br><strong>*</strong>languages with full audio support",,Action,"Multi-player,PvP,Online PvP,Co-op,Online Co-op,Cross-Platform Multiplayer,Steam Achievements,Full controller support,Steam Trading Cards,Color Alternatives,Custom Volume Controls,Stereo Sound,Subtitle Options,Surround Sound,Steam Cloud,Remote Play on Phone,Remote Play on Tablet,Remote Play on TV,Family Sharing",True,False,False,"Minimum:    Requires a 64-bit processor and operating system    OS:  Windows 10 64-bit Operating System    Processor:  Intel Core i3-4170 or AMD FX-8120    Memory:  8 GB RAM    Graphics:  DX11 Compatible GeForce GTX 460 1GB or AMD HD 6850 1GB    DirectX:  Version 11    Network:  Broadband Internet connection    Storage:  50 GB available space    Sound Card:  DX11 compatible    Additional Notes:  With these requirements, it is recommended that the game is played on Low quality settings.",Behaviour Interactive Inc.,Behaviour Interactive Inc.,0.7905,True,False,True,False,0.96,2016.0,10.0,Established,8.0,50.0
440,43819,"50,000,000 .. 100,000,000",1044264,117208,Team Fortress 2,game,True,0.0,0.0,0,2007-10-10,"English<strong>*</strong>, Danish, Dutch, Finnish, French, German, Italian, Japanese, Norwegian, Polish, Portuguese - Portugal, Russian, Simplified Chinese, Spanish - Spain, Swedish, Traditional Chinese, Korean, Czech, Hungarian, Portuguese - Brazil, Turkish, Greek, Bulgarian, Romanian, Thai, Ukrainian, Spanish - Latin America<br><strong>*</strong>languages with full audio support",92.0,"Action,Free To Play","Multi-player,Cross-Platform Multiplayer,Steam Achievements,Steam Trading Cards,Captions available,Steam Workshop,In-App Purchases,Camera Comfort,Color Alternatives,Custom Volume Controls,Stereo Sound,Surround Sound,Partial Controller Support,Valve Anti-Cheat enabled,Stats,Includes level editor,Commentary available,Remote Play on Phone,Remote Play on Tablet",True,False,True,Minimum:     OS *:  Windows® 7 (32/64-bit)/Vista/XP    Processor:  1.7 GHz Processor or better    Memory:  512 MB RAM    DirectX:  Version 8.1    Network:  Broadband Internet connection    Storage:  15 GB available space,Valve,Valve,0.8991,True,False,True,False,0.0,2007.0,18.7,Classic,,15.0
2669320,42032,"5,000,000 .. 10,000,000",37253,37543,EA SPORTS FC™ 25,game,False,2700.0,2700.0,0,2024-09-26,"English<strong>*</strong>, French<strong>*</strong>, Italian<strong>*</strong>, German<strong>*</strong>, Spanish - Spain<strong>*</strong>, Arabic<strong>*</strong>, Czech, Danish, Dutch<strong>*</strong>, Japanese<strong>*</strong>, Korean<strong>*</strong>, Norwegian, Polish<strong>*</strong>, Portuguese - Brazil<strong>*</strong>, Portuguese - Portugal, Russian<strong>*</strong>, Simplified Chinese<strong>*</strong>, Spanish - Latin America<strong>*</strong>, Swedish, Traditional Chinese, Turkish<br><strong>*</strong>languages with full audio support",,"Simulation,Sports","Single-player,Multi-player,PvP,Online PvP,Shared/Split Screen PvP,Co-op,Online Co-op,Shared/Split Screen Co-op,Shared/Split Screen,Cross-Platform Multiplayer,Steam Achievements,Full controller support,In-App Purchases,Adjustable Difficulty,Keyboard Only Option,Stereo Sound,Remote Play Together,HDR available",True,False,False,Minimum:    Requires a 64-bit processor and operating system    OS:  Windows 10 - 64-Bit (Latest Update)    Processor:  AMD Ryzen 5 1600 or Intel Core i5 6600k    Memory:  8 GB RAM    Graphics:  AMD RX 570 or Nvidia GTX 1050 Ti    DirectX:  Version 12    Network:  Broadband Internet connection    Storage:  100 GB available space    Sound Card:  DirectX: 12 Compatible video card or equivalent (feature level 12_0),"EA Canada,EA Romania",Electronic Arts,0.4981,True,False,True,True,12.27,2024.0,1.7,Recent,8.0,100.0
1366800,41428,"2,000,000 .. 5,000,000",29275,2077,Crosshair X,game,False,70.0,70.0,0,2020-08-17,"English<strong>*</strong>, German<strong>*</strong>, Portuguese - Brazil<strong>*</strong>, Russian<strong>*</strong>, Simplified Chinese<strong>*</strong>, Spanish - Latin America<strong>*</strong>, French<strong>*</strong>, Italian<strong>*</strong>, Spanish - Spain<strong>*</strong>, Czech<strong>*</strong>, Polish<strong>*</strong>, Swedish<strong>*</strong>, Turkish<strong>*</strong>, Japanese<strong>*</strong>, Korean<strong>*</strong><br><strong>*</strong>languages with full audio support",,"Action,Adventure,Indie,Software Training,Utilities","Captions available,Steam Workshop,Partial Controller Support,Steam Cloud",True,False,False,Minimum:     OS:  Windows 10,CenterPoint Gaming,CenterPoint Gaming,0.9338,True,True,False,False,0.32,2020.0,5.8,Established,,
3240220,39502,"5,000,000 .. 10,000,000",38595,17286,Grand Theft Auto V Enhanced,game,False,1139.0,1139.0,0,2025-03-04,"English<strong>*</strong>, French, Italian, German, Spanish - Spain, Japanese, Korean, Polish, Portuguese - Brazil, Russian, Simplified Chinese, Spanish - Latin America, Traditional Chinese<br><strong>*</strong>languages with full audio support",,"Action,Adventure,Racing","Single-player,Multi-player,PvP,Online PvP,Co-op,Online Co-op,Steam Achievements,In-App Purchases,Partial Controller Support,Remote Play on Phone,Remote Play on Tablet",True,False,False,"Minimum:    Requires a 64-bit processor and operating system    OS:  Windows 10 (latest service pack)    Processor:  Intel® Core™ i7-4770 | AMD FX™-9590    Memory:  8 GB RAM    Graphics:  NVIDIA GeForce® GTX 1630 (4GB VRAM) | AMD Radeon™ RX 6400 (4GB VRAM)    Storage:  105 GB available space    Sound Card:  DirectX 10 Compatible    Additional Notes:  SSD Required  |  Over time downloadable content and programming changes will change the system requirements for this game. Please refer to your hardware manufacturer and  for current compatibility information. Some system components such as mobile chipsets, integrated, and AGP graphics cards may be incompatible. Unlisted specifications may not be supported by publisher.  Other requirements: Installation and online play requires log-in to Rockstar Games account (minimum age varies) network; internet connection required for activation, online play, and periodic entitlement verification; software installations required including Rockstar Games Launcher, DirectX, Chromium, and Microsoft Visual C++ 2008 sp1 Redistributable Package, and authentication and verification software that recognizes certain hardware attributes for entitlement, digital rights management, anti-cheat and moderation software, system, and other support purposes.  *Compatible PC and/or device required. 3D Audio via Windows Spatial Sound compatible audio systems",Rockstar North,Rockstar Games,0.6907,True,False,True,True,5.18,2025.0,1.3,Recent,8.0,105.0
221100,37066,"10,000,000 .. 20,000,000",330349,99903,DayZ,game,False,719.0,1599.0,55,2018-12-13,"English, French, Italian, German, Spanish - Spain, Czech, Russian, Simplified Chinese, Traditional Chinese, Japanese, Polish, Portuguese - Brazil",,"Action,Adventure,Massively Multiplayer","Multi-player,MMO,PvP,Online PvP,Co-op,Online Co-op,Steam Achievements,Steam Trading Cards,Steam Workshop,Steam Cloud,Valve Anti-Cheat enabled",True,False,False,Minimum:     OS:  Windows 10 64-bit    Processor:  Intel Core i5-4430 or AMD Ryzen 5 2600 Six-Core    Memory:  8 GB RAM    Graphics:  NVIDIA GeForce GTX 760 or AMD R9 270X    DirectX:  Version 11    Storage:  25 GB available space    Sound Card:  DirectX®-compatible    Additional Notes:  Internet connection,Bohemia Interactive,Bohemia Interactive,0.7678,False,False,True,False,3.27,2018.0,7.5,Established,8.0,25.0
230410,36195,"20,000,000 .. 50,000,000",545393,81110,Warframe,game,True,0.0,0.0,0,2013-03-25,"English<strong>*</strong>, German, French, Italian, Korean, Spanish - Spain, Simplified Chinese, Russian, Japanese, Polish, Portuguese - Brazil, Traditional Chinese, Turkish, Ukrainian, Thai<br><strong>*</strong>languages with full audio support",69.0,"Action,RPG,Free To Play","Single-player,Multi-player,Co-op,Online Co-op,Cross-Platform Multiplayer,Steam Achievements,Full controller support,Steam Trading Cards,Steam Workshop,In-App Purchases,Camera Comfort,Color Alternatives,Custom Volume Controls,Playable without Timed Input,Stereo Sound,Surround Sound,Remote Play on Phone,Remote Play on Tablet,Remote Play on TV,HDR available",True,False,False,"Minimum:     OS *: Windows 7 64-Bit (32-bit not supported) 	   Processor: Intel Core i7 860, Intel Core i5 750, or AMD FX-4100 (SSE 4.2 support required)            Video: DirectX 11+ capable Graphics Card 	   Memory: 4 GB RAM 	   Storage: 75 GB available HD space 	   Internet: Broadband Internet Connection Required   Note: There is no Mac or Linux client currently available.  DirectX 12 support requires at least Windows 10 20H2 (released in 2020) or Windows 11",Digital Extremes,Digital Extremes,0.8705,False,False,True,True,0.0,2013.0,13.2,Classic,4.0,75.0
438100,34699,"20,000,000 .. 50,000,000",181623,58732,VRChat,game,True,0.0,0.0,0,2017-02-01,"English, French, Italian, German, Spanish - Spain, Japanese, Polish, Portuguese - Brazil, Russian, Simplified Chinese, Traditional Chinese",,"Adventure,Casual,Massively Multiplayer,Simulation,Sports,Free To Play,Early Access","Multi-player,MMO,PvP,Online PvP,Co-op,Online Co-op,Cross-Platform Multiplayer,Full controller support,Tracked Controller Support,VR Supported,In-App Purchases,Family Sharing",True,False,False,Minimum:    Requires a 64-bit processor and operating system    OS:  Windows 10/11    Processor:  Intel® i5-4590 / AMD FX 8350 equivalent or greater    Memory:  4 GB RAM    Graphics:  NVIDIA GeForce® GTX 970 / AMD Radeon™ R9 290 equivalent or greater    DirectX:  Version 11    Network:  Broadband Internet connection    Storage:  1 GB available space    VR Support:  SteamVR,VRChat Inc.,VRChat Inc.,0.7556,False,False,True,False,0.0,2017.0,9.4,Established,4.0,1.0
3241660,32349,"10,000,000 .. 20,000,000",179154,6488,R.E.P.O.,game,False,202.0,289.0,30,2025-02-26,English<strong>*</strong><br><strong>*</strong>languages with full audio support,,"Action,Early Access","Single-player,Multi-player,Co-op,Online Co-op,Camera Comfort,Custom Volume Controls,Playable without Timed Input,Stereo Sound,Steam Cloud,Family Sharing",True,False,False,Minimum:     OS:  Windows 10    Processor:  Core i5 6600    Memory:  8 GB RAM    Graphics:  GTX 970    DirectX:  Version 10    Network:  Broadband Internet connection    Storage:  1 GB available space,semiwork,semiwork,0.9651,False,False,True,True,0.92,2025.0,1.3,Recent,8.0,1.0
394360,32112,"5,000,000 .. 10,000,000",305168,36982,Hearts of Iron IV,game,False,345.0,1729.0,80,2016-06-06,"English, French, German, Polish, Portuguese - Brazil, Russian, Spanish - Spain, Japanese, Simplified Chinese, Korean",83.0,"Simulation,Strategy","Single-player,Multi-player,Co-op,Cross-Platform Multiplayer,Steam Achievements,Steam Trading Cards,Steam Workshop,Steam Cloud,Remote Play on Tablet,Family Sharing",True,True,True,"Minimum:     OS:  Windows® 10 Home 64 Bit    Processor:  Intel® Core™ i5 750 | AMD® FX 4300    Memory:  4 GB RAM    Graphics:  Nvidia® GeForce™ GTX 470 (1.28GB) | AMD® HD 5850 (1GB) | Intel Iris Xe G7 (Tiger Lake) | AMD® Radeon™ RX Vega 11    DirectX:  Version 9.0c    Storage:  2 GB available space    Sound Card:  Direct X- compatible soundcard.    Additional Notes:  Mouse and keyboard are required. / Latest available WHQL drivers from both manufacturers/  Internet Connection or LAN for multiplayer, Up to 32 other players in multiplayer mode.",Paradox Development Studio,Paradox Interactive,0.8919,False,False,True,True,1.57,2016.0,10.0,Established,4.0,2.0
322330,30542,"10,000,000 .. 20,000,000",475393,23668,Don't Starve Together,game,False,32.0,329.0,90,2016-04-21,"English<strong>*</strong>, Simplified Chinese<strong>*</strong>, French<strong>*</strong>, Italian<strong>*</strong>, German<strong>*</strong>, Japanese<strong>*</strong>, Korean<strong>*</strong>, Polish<strong>*</strong>, Portuguese - Portugal<strong>*</strong>, Russian<strong>*</strong>, Spanish - Latin America<strong>*</strong>, Traditional Chinese<strong>*</strong><br><strong>*</strong>languages with full audio support",83.0,"Action,Adventure,Indie,RPG,Simulation,Strategy","Single-player,Multi-player,PvP,Online PvP,LAN PvP,Co-op,Online Co-op,LAN Co-op,Full controller support,Steam Trading Cards,Steam Workshop,In-App Purchases,Adjustable Text Size,Camera Comfort,Color Alternatives,Custom Volume Controls,Adjustable Difficulty,Keyboard Only Option,Mouse Only Option,Playable without Timed Input,Save Anytime,Stereo Sound,Remote Play on Phone,Remote Play on Tablet,Remote Play on TV,Family Sharing",True,True,True,Minimum:     OS *:  Windows Vista/Windows 7/Windows 8    Processor:  1.7+ GHz or better    Memory:  1 GB RAM    Graphics:  Radeon HD5450 or better; 256 MB or higher    DirectX:  Version 9.0c    Network:  Broadband Internet connection    Storage:  3 GB available space    Sound Card:  100% DirectX9.0c compatible sound card and drivers,Klei Entertainment,Klei Entertainment,0.9526,True,True,True,True,0.15,2016.0,10.2,Classic,1.0,3.0
1174180,29885,"10,000,000 .. 20,000,000",676667,56875,Red Dead Redemption 2,game,False,2299.0,2299.0,0,2019-12-05,"English<strong>*</strong>, French, Italian, German, Spanish - Spain, Japanese, Korean, Polish, Russian, Simplified Chinese, Spanish - Latin America, Traditional Chinese, Portuguese - Brazil<br><strong>*</strong>languages with full audio support",93.0,"Action,Adventure","Single-player,Multi-player,PvP,Online PvP,Co-op,Online Co-op,Steam Achievements,In-App Purchases,Partial Controller Support,Remote Play on Phone,Remote Play on Tablet",True,False,False,Minimum:    Requires a 64-bit processor and operating system    OS:  Windows 10 - 64-bit    Processor:  Intel® Core™ i5-2500K / AMD FX-6300    Memory:  8 GB RAM    Graphics:  Nvidia GeForce GTX 770 2GB / AMD Radeon R9 280 3GB    Network:  Broadband Internet connection    Storage:  150 GB available space    Sound Card:  Direct X Compatible,Rockstar Games,Rockstar Games,0.9225,True,False,True,True,10.45,2019.0,6.5,Established,8.0,150.0
1245620,29529,"20,000,000 .. 50,000,000",981540,75137,ELDEN RING,game,False,2024.0,2024.0,0,2022-02-24,"English<strong>*</strong>, French, Italian, German, Spanish - Spain, Japanese, Korean, Polish, Portuguese - Brazil, Russian, Simplified Chinese, Spanish - Latin America, Thai, Traditional Chinese, Arabic<br><strong>*</strong>languages with full audio support",94.0,"Action,RPG","Single-player,Multi-player,PvP,Online PvP,Co-op,Online Co-op,Steam Achievements,Full controller support,Steam Trading Cards,Camera Comfort,Custom Volume Controls,Playable without Timed Input,Save Anytime,Stereo Sound,Surround Sound,Steam Cloud,Family Sharing",True,False,False,Minimum:    Requires a 64-bit processor and operating system    OS:  Windows 10    Processor:  INTEL CORE I5-8400 or AMD RYZEN 3 3300X    Memory:  12 GB RAM    Graphics:  NVIDIA GEFORCE GTX 1060 3 GB or AMD RADEON RX 580 4 GB    DirectX:  Version 12    Storage:  60 GB available space    Sound Card:  Windows Compatible Audio Device    Additional Notes:,"FromSoftware, Inc.","FromSoftware, Inc.,Bandai Namco Entertainment",0.9289,True,False,True,True,9.2,2022.0,4.3,Modern,12.0,60.0
1903340,27880,"2,000,000 .. 5,000,000",106216,4816,Clair Obscur: Expedition 33,game,False,1500.0,1500.0,0,2025-04-24,"English<strong>*</strong>, French<strong>*</strong>, Italian, German, Spanish - Spain, Japanese, Korean, Polish, Portuguese - Brazil, Russian, Simplified Chinese, Traditional Chinese, Czech, Indonesian, Spanish - Latin America, Thai, Turkish, Ukrainian, Vietnamese<br><strong>*</strong>languages with full audio support",91.0,"Action,RPG","Single-player,Steam Achievements,Full controller support,Adjustable Text Size,Custom Volume Controls,Adjustable Difficulty,Stereo Sound,Subtitle Options,Surround Sound,Steam Cloud,Family Sharing",True,False,False,Minimum:    Requires a 64-bit processor and operating system    OS:  Windows 10    Processor:  Intel Core i7-8700K / AMD Ryzen 5 1600X    Memory:  8 GB RAM    Graphics:  NVIDIA GeForce GTX 1060 6 GB / AMD Radeon RX 5600 XT 6 GB / Intel Arc A380 6 GB    DirectX:  Version 12    Storage:  55 GB available space    Additional Notes:  SSD required. Minimum specs allow for 1080p 30FPS low settings gameplay.,Sandfall Interactive,Kepler Interactive,0.9566,True,False,False,True,6.82,2025.0,1.2,Recent,8.0,55.0
322170,27850,"5,000,000 .. 10,000,000",401026,28895,Geometry Dash,game,False,159.0,159.0,0,2014-12-22,English,,"Action,Indie","Single-player,Steam Achievements,Steam Trading Cards,Partial Controller Support,Includes level editor,Remote Play on Phone,Remote Play on Tablet,Family Sharing",True,True,False,Minimum:     OS *:  Windows XP    Processor:  2.0+ GHz    Memory:  512 MB RAM    Graphics:  OpenGL 2.0 support    Storage:  100 MB available space,RobTop Games,RobTop Games,0.9328,False,True,False,True,0.72,2014.0,11.5,Classic,,
2878980,27486,"1,000,000 .. 2,000,000",18767,13207,NBA 2K25,game,False,2699.0,2699.0,0,2024-10-28,"English<strong>*</strong>, French, Italian, German, Spanish - Spain, Japanese, Korean, Simplified Chinese, Traditional Chinese<br><strong>*</strong>languages with full audio support",,"Simulation,Sports","Single-player,Multi-player,PvP,Online PvP,Shared/Split Screen PvP,Co-op,Online Co-op,Shared/Split Screen Co-op,Shared/Split Screen,Steam Achievements,In-App Purchases,Partial Controller Support,Steam Cloud,Remote Play Together,Family Sharing",True,False,False,"Minimum:    Requires a 64-bit processor and operating system    OS:  Windows 10 64-Bit (latest update)    Processor:  Intel® Core™ i3-9100 or AMD Ryzen™ 3 1200    Memory:  8 GB RAM    Graphics:  NVIDIA® GeForce® GTX 960 4 GB or AMD Radeon™ RX 570 4 GB or Intel® Arc™ A580    DirectX:  Version 12    Network:  Broadband Internet connection    Storage:  150 GB available space    Additional Notes:  SSD Required.  Dual-analog Gamepad recommended.  Initial installation requires one-time internet connection for Steam authentication; software installations required (included with the game) include DirectX and Visual C++ Redistributable 2019.  In order to play NBA 2K25 on PC, you need a processor capable of supporting AVX2 and a graphics card capable of supporting DirectX feature level 12.0.",Visual Concepts,2K,0.5869,False,False,True,True,12.27,2024.0,1.6,Recent,8.0,150.0
218620,27254,"20,000,000 .. 50,000,000",594327,68755,PAYDAY 2,game,False,289.0,289.0,0,2013-08-13,"English<strong>*</strong>, German, French, Italian, Spanish - Spain, Dutch, Russian, Japanese, Simplified Chinese, Spanish - Latin America, Korean, Polish<br><strong>*</strong>languages with full audio support",79.0,"Action,RPG","Single-player,Multi-player,Co-op,Online Co-op,Steam Achievements,Full controller support,Tracked Controller Support,VR Supported,Steam Trading Cards,In-App Purchases,Camera Comfort,Custom Volume Controls,Adjustable Difficulty,Playable without Timed Input,Stereo Sound,Steam Cloud,Remote Play on Phone,Remote Play on Tablet,Remote Play on TV,Family Sharing",True,False,True,Minimum:     OS *:  Windows 7    Processor:  2 GHz Intel Dual Core Processor    Memory:  4 GB RAM    Graphics:  Nvidia &amp; AMD (512MB VRAM)    DirectX:  Version 9.0c    Storage:  83 GB available space    VR Support:  SteamVR. Standing or Room Scale. Requires installing the free VR DLC.,OVERKILL - a Starbreeze Studio.,Starbreeze Entertainment,0.8963,True,False,True,True,1.31,2013.0,12.9,Classic,4.0,83.0
289070,25420,"10,000,000 .. 20,000,000",304053,45867,Sid Meier’s Civilization® VI,game,False,77.0,771.0,90,2016-10-20,"English<strong>*</strong>, French<strong>*</strong>, Italian<strong>*</strong>, German<strong>*</strong>, Spanish - Spain<strong>*</strong>, Japanese<strong>*</strong>, Korean<strong>*</strong>, Polish<strong>*</strong>, Portuguese - Brazil, Russian<strong>*</strong>, Simplified Chinese<strong>*</strong>, Traditional Chinese<strong>*</strong><br><strong>*</strong>languages with full audio support",88.0,Strategy,"Single-player,Multi-player,PvP,Online PvP,LAN PvP,Shared/Split Screen PvP,Shared/Split Screen,Cross-Platform Multiplayer,Steam Achievements,Steam Trading Cards,Steam Workshop,In-App Purchases,Steam Turn Notifications,Remote Play on Tablet,Remote Play Together,Family Sharing",True,True,True,"Minimum:    Requires a 64-bit processor and operating system    OS *:  Windows 7x64 / Windows 8.1x64 / Windows 10x64    Processor:  Intel Core i3 2.5 Ghz or AMD Phenom II 2.6 Ghz or greater    Memory:  4 GB RAM    Graphics:  1 GB &amp; AMD 5570 or nVidia 450 or Intel Integrated Graphics 530    DirectX:  Version 11    Storage:  17 GB available space    Sound Card:  DirectX Compatible Sound Device    Additional Notes:  Initial installation requires one-time Internet connection for Steam authentication; software installations required (included with the game) include Steam Client, Microsoft Visual C++ 2012 and 2015 Runtime Libraries, and Microsoft DirectX. Internet connection and acceptance of Steam™ Subscriber Agreement required for activation. See  for details.","Firaxis Games,Aspyr (Mac),Aspyr (Linux)","2K,Aspyr (Mac),Aspyr (Linux)",0.8689,False,False,True,True,0.35,2016.0,9.7,Established,4.0,17.0
1222670,25276,"10,000,000 .. 20,000,000",149064,21663,The Sims™ 4,game,True,0.0,0.0,0,2020-06-18,"English, French, Italian, German, Spanish - Spain, Czech, Danish, Dutch, Japanese, Norwegian, Polish, Portuguese - Brazil, Russian, Swedish, Finnish, Traditional Chinese, Simplified Chinese, Korean",,"Adventure,Casual,Simulation,Free To Play","Single-player,Steam Trading Cards,In-App Purchases,Mouse Only Option,Playable without Timed Input,Save Anytime,Stereo Sound,Surround Sound,Remote Play on Tablet",True,False,False,"Minimum:    Requires a 64-bit processor and operating system    OS:  64 Bit Required. Windows 10    Processor:  3.3 GHz Intel Core i3-3220 (2 cores, 4 threads), AMD Ryzen 3 1200 3.1 GHz (4 cores) or better    Memory:  4 GB RAM    Graphics:  128 MB of Video RAM and support for Pixel Shader 3.0. Supported Video Cards: NVIDIA GeForce 6600 or better, ATI Radeon X1300 or better, Intel GMA X4500 or better    DirectX:  Version 11    Network:  Broadband Internet connection    Storage:  26 GB available space",Maxis,Electronic Arts,0.8731,False,False,False,True,0.0,2020.0,6.0,Established,4.0,26.0
550,25122,"50,000,000 .. 100,000,000",940221,23762,Left 4 Dead 2,game,False,310.0,310.0,0,2009-11-16,"Danish, Dutch, English<strong>*</strong>, Finnish, French<strong>*</strong>, German<strong>*</strong>, Italian, Japanese, Korean, Norwegian, Polish, Portuguese - Portugal, Russian<strong>*</strong>, Simplified Chinese, Spanish - Spain<strong>*</strong>, Swedish, Traditional Chinese, Hungarian, Turkish, Bulgarian, Czech, Greek, Portuguese - Brazil, Romanian, Spanish - Latin America, Thai, Ukrainian, Vietnamese<br><strong>*</strong>languages with full audio support",89.0,Action,"Single-player,Multi-player,PvP,Online PvP,Co-op,Online Co-op,Steam Achievements,Full controller support,Steam Trading Cards,Captions available,Steam Workshop,Camera Comfort,Color Alternatives,Custom Volume Controls,Adjustable Difficulty,Playable without Timed Input,Stereo Sound,Surround Sound,Steam Cloud,Valve Anti-Cheat enabled,Stats,Includes Source SDK,Commentary available,Remote Play on Phone,Remote Play on Tablet,Remote Play on TV,Remote Play Together,Family Sharing,Steam Timeline",True,False,True,"Minimum:     OS *:  Windows® 7 32/64-bit / Vista 32/64 / XP    Processor:  Pentium 4 3.0GHz    Memory:  2 GB RAM    Graphics:  Video card with 128 MB, Shader model 2.0. ATI X800, NVidia 6600 or better    DirectX:  Version 9.0c    Storage:  13 GB available space    Sound Card:  DirectX 9.0c compatible sound card",Valve,Valve,0.9754,True,False,True,True,1.41,2009.0,16.6,Classic,2.0,13.0
489830,25085,"5,000,000 .. 10,000,000",310162,26896,The Elder Scrolls V: Skyrim Special Edition,game,False,1199.0,1199.0,0,2016-10-27,"English<strong>*</strong>, French<strong>*</strong>, Italian<strong>*</strong>, German<strong>*</strong>, Spanish - Spain<strong>*</strong>, Polish<strong>*</strong>, Traditional Chinese, Russian<strong>*</strong>, Japanese<strong>*</strong><br><strong>*</strong>languages with full audio support",74.0,RPG,"Single-player,Steam Achievements,Playable without Timed Input,Save Anytime,Stereo Sound,Surround Sound,Partial Controller Support,Steam Cloud,Remote Play on Phone,Remote Play on Tablet,Family Sharing",True,False,False,Minimum:     OS *:  Windows 7/8.1/10 (64-bit Version)    Processor:  Intel i5-750/AMD Phenom II X4-945    Memory:  8 GB RAM    Graphics:  NVIDIA GTX 470 1GB /AMD HD 7870 2GB    Storage:  12 GB available space,Bethesda Game Studios,Bethesda Softworks,0.9202,False,False,False,True,5.45,2016.0,9.6,Established,8.0,12.0
1085660,24619,"20,000,000 .. 50,000,000",497891,127725,Destiny 2,game,True,0.0,0.0,0,2019-10-01,"English<strong>*</strong>, French<strong>*</strong>, Italian<strong>*</strong>, German<strong>*</strong>, Spanish - Spain<strong>*</strong>, Japanese<strong>*</strong>, Korean<strong>*</strong>, Polish<strong>*</strong>, Portuguese - Brazil<strong>*</strong>, Russian<strong>*</strong>, Simplified Chinese<strong>*</strong>, Spanish - Latin America<strong>*</strong>, Traditional Chinese<br><strong>*</strong>languages with full audio support",83.0,"Action,Adventure,Free To Play","Single-player,Multi-player,PvP,Online PvP,Co-op,Online Co-op,Steam Achievements,In-App Purchases,Color Alternatives,Custom Volume Controls,Subtitle Options,Partial Controller Support,Family Sharing",True,False,False,"Minimum:    Requires a 64-bit processor and operating system    OS:  Windows® 10 64-bit (latest Service Pack)    Processor:  Intel® Core™ i3 3250 3.5 GHz or Intel Pentium G4560 3.5 GHz / AMD FX-4350 4.2 GHz    Memory:  6 GB RAM    Graphics:  NVIDIA® GeForce® GTX 660 2GB or GTX 1050 2GB / AMD Radeon HD 7850 2GB    Network:  Broadband Internet connection    Storage:  105 GB available space    Additional Notes:  Beginning on June 4, 2024, Destiny 2 is ending support for Windows 7, Windows 8, and Windows 8.1 operating systems.",Bungie,Bungie,0.7958,True,False,True,True,0.0,2019.0,6.7,Established,6.0,105.0
105600,24580,"20,000,000 .. 50,000,000",1373979,35494,Terraria,game,False,310.0,310.0,0,2011-05-16,"English, French, Italian, German, Spanish - Spain, Polish, Portuguese - Brazil, Russian, Simplified Chinese",83.0,"Action,Adventure,Indie,RPG","Single-player,Multi-player,PvP,Online PvP,Co-op,Online Co-op,Steam Achievements,Full controller support,Steam Trading Cards,Steam Cloud,Remote Play on Phone,Remote Play on Tablet,Remote Play on TV,Family Sharing",True,True,True,"REQUIRED     OS: Windows Xp, Vista, 7, 8/8.1, 10   										   Processor: 2.0 Ghz   										   Memory: 2.5GB  										   Hard Disk Space: 200MB   	 										   Video Card: 128mb Video Memory, capable of Shader Model 2.0+   										   DirectX®: 9.0c or Greater",Re-Logic,Re-Logic,0.9748,False,True,True,True,1.41,2011.0,15.1,Classic,,
108600,22864,"10,000,000 .. 20,000,000",355171,21892,Project Zomboid,game,False,595.0,595.0,0,2013-11-08,"English, French, Italian, German, Spanish - Spain, Danish, Dutch, Hungarian, Norwegian, Polish, Portuguese - Portugal, Russian, Turkish, Japanese, Simplified Chinese, Portuguese - Brazil, Finnish, Korean, Thai, Traditional Chinese, Ukrainian",,"Indie,RPG,Simulation,Early Access","Single-player,Multi-player,PvP,Online PvP,Co-op,Online Co-op,Shared/Split Screen Co-op,Shared/Split Screen,Cross-Platform Multiplayer,Steam Trading Cards,Steam Workshop,Partial Controller Support,Steam Cloud,Remote Play Together,Family Sharing",True,True,True,"OS:  Windows 10, 64 Bit 	   64bit OS required 	   Processor:  Intel 2.77GHz Quad-core 	   Memory:  8Gb Ram 	   Hard Disk Space:  5gig 	 	   Video Card:   Dedicated graphics card with 2 GB of RAM minimum, OpenGL 2.1 and GLSL 1.2 support (generally 2012 or newer)            Sound:  FMOD compatible sound card",The Indie Stone,The Indie Stone,0.9419,False,True,True,True,2.7,2013.0,12.6,Classic,8.0,
3164500,22757,"10,000,000 .. 20,000,000",200803,3238,Schedule I,game,False,595.0,595.0,0,2025-03-24,English<strong>*</strong><br><strong>*</strong>languages with full audio support,,"Action,Indie,Simulation,Strategy,Early Access","Single-player,Multi-player,Co-op,Online Co-op,Steam Achievements,Adjustable Text Size,Camera Comfort,Custom Volume Controls,Playable without Timed Input,Save Anytime,Stereo Sound,Steam Cloud,Family Sharing",True,False,False,Minimum:    Requires a 64-bit processor and operating system    OS:  Windows 10 (64-bit)    Processor:  3GHz 4-Core or similar    Memory:  8 GB RAM    Graphics:  GeForce GTX 1060 or Radeon RX 580    Storage:  8 GB available space,TVGS,TVGS,0.9841,False,True,True,True,2.7,2025.0,1.2,Recent,8.0,8.0
1091500,22265,"20,000,000 .. 50,000,000",713071,131850,Cyberpunk 2077,game,False,479.0,1599.0,70,2020-12-09,"English<strong>*</strong>, French<strong>*</strong>, Italian<strong>*</strong>, German<strong>*</strong>, Spanish - Spain<strong>*</strong>, Arabic, Czech, Hungarian, Japanese<strong>*</strong>, Korean<strong>*</strong>, Polish<strong>*</strong>, Portuguese - Brazil<strong>*</strong>, Russian<strong>*</strong>, Simplified Chinese<strong>*</strong>, Spanish - Latin America, Thai, Traditional Chinese, Turkish, Ukrainian<br><strong>*</strong>languages with full audio support",86.0,RPG,"Single-player,Steam Achievements,Full controller support,Steam Trading Cards,Adjustable Text Size,Camera Comfort,Color Alternatives,Custom Volume Controls,Adjustable Difficulty,Playable without Timed Input,Save Anytime,Stereo Sound,Subtitle Options,Surround Sound,Steam Cloud,HDR available,Family Sharing",True,True,False,"Minimum:    Requires a 64-bit processor and operating system    OS:  64-bit Windows 10    Processor:  Core i7-6700 or Ryzen 5 1600    Memory:  12 GB RAM    Graphics:  GeForce GTX 1060 6GB or Radeon RX 580 8GB or Arc A380    DirectX:  Version 12    Storage:  70 GB available space    Additional Notes:  SSD required. Attention: In this game you will encounter a variety of visual effects that may provide seizures or loss of consciousness in a minority of people. If you or someone you know experiences any of the above symptoms while playing, stop and seek medical attention immediately.",CD PROJEKT RED,CD PROJEKT RED,0.8439,True,False,False,True,2.18,2020.0,5.5,Established,12.0,70.0
346110,22170,"20,000,000 .. 50,000,000",612177,117993,ARK: Survival Evolved,game,False,455.0,455.0,0,2017-08-27,"English<strong>*</strong>, French<strong>*</strong>, Italian<strong>*</strong>, German<strong>*</strong>, Spanish - Spain<strong>*</strong>, Russian<strong>*</strong>, Portuguese - Brazil<strong>*</strong>, Simplified Chinese<strong>*</strong>, Czech<strong>*</strong>, Danish<strong>*</strong>, Dutch<strong>*</strong>, Hungarian<strong>*</strong>, Polish<strong>*</strong>, Swedish<strong>*</strong>, Thai<strong>*</strong>, Traditional Chinese<strong>*</strong>, Turkish<strong>*</strong>, Ukrainian<strong>*</strong>, Finnish<strong>*</strong>, Japanese<strong>*</strong>, Korean<strong>*</strong><br><strong>*</strong>languages with full audio support",70.0,"Action,Adventure,Indie,Massively Multiplayer,RPG","Single-player,Multi-player,MMO,Co-op,Steam Achievements,Full controller support,Steam Workshop,Steam Cloud,Valve Anti-Cheat enabled,Includes level editor,Remote Play on Tablet,Family Sharing",True,True,False,Minimum:     OS *:  Windows 7/8.1/10 (64-bit versions)    Processor:  Intel Core i5-2400/AMD FX-8320 or better    Memory:  8 GB RAM    Graphics:  NVIDIA GTX 670 2GB/AMD Radeon HD 7870 2GB or better    DirectX:  Version 10    Storage:  60 GB available space    Additional Notes:  Requires broadband internet connection for multiplayer,"Studio Wildcard,Instinct Games,Efecto Studios,Virtual Basement LLC","Studio Wildcard,Snail Games USA",0.8384,False,True,True,True,2.07,2017.0,8.8,Established,8.0,60.0
252950,21106,"10,000,000 .. 20,000,000",509445,73775,Rocket League®,game,False,0.0,0.0,0,2015-07-06,"English, French, Italian, German, Spanish - Spain, Dutch, Portuguese - Portugal, Japanese, Korean, Russian, Turkish, Polish",86.0,"Action,Indie,Racing,Sports","Single-player,Multi-player,PvP,Online PvP,Shared/Split Screen PvP,Co-op,Online Co-op,Shared/Split Screen Co-op,Shared/Split Screen,Cross-Platform Multiplayer,Steam Achievements,Steam Trading Cards,Steam Workshop,Partial Controller Support,Steam Cloud,Stats,Remote Play on Phone,Remote Play on Tablet,Remote Play on TV,Remote Play Together,Family Sharing",True,False,False,"Minimum:    Requires a 64-bit processor and operating system    OS *:  Windows 7 (64 bit) or Newer (64 bit) Windows OS    Processor:  2.5 GHz Dual core    Memory:  4 GB RAM    Graphics:  NVIDIA GeForce 760, AMD Radeon R7 270X, or better    DirectX:  Version 11    Network:  Broadband Internet connection    Storage:  20 GB available space",Psyonix LLC,Psyonix LLC,0.8735,False,True,True,True,0.0,2015.0,11.0,Classic,4.0,20.0
39210,19824,"2,000,000 .. 5,000,000",70254,9782,FINAL FANTASY XIV Online,game,False,429.0,429.0,0,2014-02-18,"English<strong>*</strong>, French<strong>*</strong>, German<strong>*</strong>, Japanese<strong>*</strong><br><strong>*</strong>languages with full audio support",83.0,"Massively Multiplayer,RPG","Single-player,Multi-player,MMO,PvP,Online PvP,Co-op,Online Co-op,Cross-Platform Multiplayer,Adjustable Text Size,Custom Volume Controls,Keyboard Only Option,Save Anytime,Stereo Sound,Surround Sound,Partial Controller Support,Remote Play on Tablet,Family Sharing",True,False,False,"Minimum:    Requires a 64-bit processor and operating system    OS:  Windows® 11 64 bit    Processor:  Intel® Core™i5-8400 or higher    Memory:  8 GB RAM    Graphics:  NVIDIA GeForce GTX 970 or higher, AMD Radeon RX 480 or higher    DirectX:  Version 11    Network:  Broadband Internet connection    Storage:  140 GB available space    Sound Card:  DirectSound® supported sound card    Additional Notes:  System Requirements may be subject to change. If you are using a router, please set up your ports so that the below packets can pass through. [Ports that may be used] TCP：80, 443, 54992～54994, 55006～55007, 55021～55040",Square Enix,Square Enix,0.8778,False,False,True,True,1.95,2014.0,12.3,Classic,8.0,140.0
2993780,19498,"200,000 .. 500,000",7019,575,FANTASY LIFE i: The Girl Who Steals Time,game,False,2199.0,2199.0,0,2025-05-21,"Japanese<strong>*</strong>, English<strong>*</strong>, French, Italian, German, Spanish - Spain, Simplified Chinese, Traditional Chinese, Korean<br><strong>*</strong>languages with full audio support",,RPG,"Single-player,Multi-player,Co-op,Online Co-op,Cross-Platform Multiplayer,Steam Achievements,Full controller support,Steam Cloud,HDR available,Family Sharing",True,False,False,Minimum:    Requires a 64-bit processor and operating system    OS:  Windows 10 64bit / Windows 11 64bit    Processor:  Intel Core i3-3225 / AMD A10-7850K    Memory:  8 GB RAM    Graphics:  NVIDIA GeForce GTX 750Ti(2GB) / AMD Radeon R7 370(2GB)    DirectX:  Version 12    Network:  Broadband Internet connection    Storage:  20 GB available space    Sound Card:  DirectX compatible soundcard / Onboard chipset    Additional Notes:  Estimated performance: 1920x1080@30fps with graphics preset settings at &quot;Low&quot;.,LEVEL5 Inc.,LEVEL5 Inc.,0.9243,False,False,True,True,10.0,2025.0,1.1,Recent,8.0,20.0
294100,19211,"5,000,000 .. 10,000,000",206216,4301,RimWorld,game,False,1030.0,1030.0,0,2018-10-17,"English, French, German, Polish, Russian, Italian, Spanish - Spain, Czech, Danish, Dutch, Hungarian, Japanese, Norwegian, Portuguese - Portugal, Portuguese - Brazil, Simplified Chinese, Swedish, Traditional Chinese, Turkish, Ukrainian, Finnish, Korean, Romanian, Spanish - Latin America",87.0,"Indie,Simulation,Strategy","Single-player,Steam Workshop,Adjustable Text Size,Camera Comfort,Custom Volume Controls,Adjustable Difficulty,Mouse Only Option,Playable without Timed Input,Save Anytime,Partial Controller Support,Steam Cloud,Remote Play on Tablet,Family Sharing",True,True,True,Minimum:     OS *:  Windows 7    Processor:  Core 2 Duo    Memory:  4 GB RAM    Graphics:  Intel HD Graphics 4000 or other shader model 4.0    Storage:  1 GB available space,Ludeon Studios,Ludeon Studios,0.9796,True,True,False,True,4.68,2018.0,7.7,Established,4.0,1.0
4000,18400,"20,000,000 .. 50,000,000",1122546,37161,Garry's Mod,game,False,114.0,229.0,50,2006-11-29,"English<strong>*</strong>, French, Italian, German, Spanish - Spain, Bulgarian, Czech, Danish, Dutch, Finnish, Greek, Hungarian, Japanese, Korean, Norwegian, Polish, Portuguese - Portugal, Portuguese - Brazil, Russian, Simplified Chinese, Swedish, Thai, Traditional Chinese, Turkish, Ukrainian, Vietnamese, Croatian, Estonian, Hebrew, Lithuanian, Slovak<br><strong>*</strong>languages with full audio support",,"Casual,Indie,Simulation","Single-player,Multi-player,PvP,Online PvP,LAN PvP,Co-op,Online Co-op,LAN Co-op,Cross-Platform Multiplayer,Steam Achievements,Steam Trading Cards,Captions available,Steam Workshop,Color Alternatives,Custom Volume Controls,Adjustable Difficulty,Playable without Timed Input,Save Anytime,Stereo Sound,Steam Cloud,Valve Anti-Cheat enabled,Includes level editor,Includes Source SDK,Remote Play on Tablet,Family Sharing",True,True,True,"Minimum:     OS:  Windows® 10    Processor:  2 GHz Processor or better    Memory:  4 GB RAM    Graphics:  1GB dedicated VRAM or better    DirectX:  Version 9.0c    Network:  Broadband Internet connection    Storage:  10 GB available space    Sound Card:  DirectX® 9 compatible    Additional Notes:  Mouse, Keyboard, Monitor",Facepunch Studios,Valve,0.968,False,True,True,True,0.52,2006.0,19.6,Classic,4.0,10.0
1623730,18028,"50,000,000 .. 100,000,000",358266,22443,Palworld,game,False,885.0,885.0,0,2024-01-18,"English, Simplified Chinese, Traditional Chinese, Japanese, French, Italian, German, Spanish - Spain, Portuguese - Brazil, Russian, Korean, Indonesian, Spanish - Latin America, Thai, Turkish, Vietnamese, Polish",,"Action,Adventure,Indie,RPG,Early Access","Single-player,Multi-player,Co-op,Online Co-op,Cross-Platform Multiplayer,Steam Achievements,Full controller support,Steam Trading Cards,Steam Workshop,Steam Cloud,Family Sharing",True,False,False,Minimum:    Requires a 64-bit processor and operating system    OS:  Windows 10 or later (64-Bit)    Processor:  i5-3570K 3.4 GHz 4 Core    Memory:  16 GB RAM    Graphics:  GeForce GTX 1050 (2GB)    DirectX:  Version 11    Network:  Broadband Internet connection    Storage:  40 GB available space    Additional Notes:  Internet connection required for multiplayer. SSD required.,Pocketpair,Pocketpair,0.941,True,True,True,True,4.02,2024.0,2.4,Modern,16.0,40.0
1599340,17355,"50,000,000 .. 100,000,000",143481,58540,Lost Ark,game,True,0.0,0.0,0,2022-02-11,"English<strong>*</strong>, Spanish - Spain<strong>*</strong><br><strong>*</strong>languages with full audio support",,"Action,Adventure,Massively Multiplayer,RPG,Free To Play","Single-player,Multi-player,MMO,PvP,Online PvP,Co-op,Online Co-op,Steam Achievements,In-App Purchases,Adjustable Text Size,Camera Comfort,Color Alternatives,Custom Volume Controls,Keyboard Only Option,Playable without Timed Input,Save Anytime,Partial Controller Support",True,False,False,"Minimum:    Requires a 64-bit processor and operating system    OS:  Windows 10 (64-bit only)    Processor:  Intel Core i3 – 10100 AMD Ryzen3 3100    Memory:  16 GB RAM    Graphics:  Nvidia Geforce GTX 1050 Ti / AMD Radeon RX 560    DirectX:  Version 11    Network:  Broadband Internet connection    Storage:  110 GB available space    Additional Notes:  Internet connection required to play, offers in-game purchases. System requirements for this game may change over time.",Smilegate RPG,Amazon Game Studios,0.7102,False,False,True,True,0.0,2022.0,4.4,Modern,16.0,110.0
227300,17281,"10,000,000 .. 20,000,000",844480,22924,Euro Truck Simulator 2,game,False,595.0,595.0,0,2012-10-12,"English, German, French, Italian, Korean, Spanish - Spain, Simplified Chinese, Russian, Japanese, Portuguese - Portugal, Polish, Danish, Dutch, Finnish, Norwegian, Swedish, Hungarian, Czech, Romanian, Turkish, Portuguese - Brazil, Bulgarian, Greek, Ukrainian, Traditional Chinese, Catalan, Lithuanian, Serbian, Slovak, Slovenian",79.0,"Indie,Simulation","Single-player,Multi-player,Co-op,Online Co-op,Steam Achievements,Steam Trading Cards,Steam Workshop,Camera Comfort,Custom Volume Controls,Adjustable Difficulty,Keyboard Only Option,Playable without Timed Input,Save Anytime,Stereo Sound,Surround Sound,Partial Controller Support,Steam Cloud,Includes level editor,Remote Play on Phone,Remote Play on Tablet,Remote Play Together,Family Sharing",True,True,True,Minimum:     OS:  Windows 10 64-bit    Processor:  Intel Core i5-6400 or AMD Ryzen 3 1200 or similar    Memory:  8 GB RAM    Graphics:  NVIDIA GeForce GTX 660 or AMD Radeon RX 460 or Intel HD 630 (2GB VRAM)    Hard Drive:  25 GB available space (Euro Truck Simulator 2 base game),SCS Software,SCS Software,0.9736,False,True,True,True,2.7,2012.0,13.7,Classic,8.0,25.0
2379780,17123,"2,000,000 .. 5,000,000",150524,3042,Balatro,game,False,455.0,455.0,0,2024-02-20,"English, French, Italian, German, Spanish - Spain, Dutch, Japanese, Polish, Portuguese - Brazil, Simplified Chinese, Spanish - Latin America, Traditional Chinese",90.0,"Casual,Indie,Strategy","Single-player,Steam Achievements,Full controller support,Steam Trading Cards,Color Alternatives,Custom Volume Controls,Mouse Only Option,Playable without Timed Input,Touch Only Option,Steam Cloud,Family Sharing",True,True,False,"Minimum:    Requires a 64-bit processor and operating system    OS *:  Windows 7, 8, 10, 11 x64    Processor:  Intel Core i3    Memory:  1 GB RAM    Graphics:  OpenGL 2.1 compatible graphics card, integrated graphics    Storage:  150 MB available space",LocalThunk,Playstack,0.9802,True,True,False,True,2.07,2024.0,2.3,Modern,1.0,
251570,17045,"10,000,000 .. 20,000,000",327889,42157,7 Days to Die,game,False,1280.0,1280.0,0,2024-07-25,"English, French, German, Spanish - Spain, Italian, Japanese, Korean, Polish, Portuguese - Brazil, Russian, Simplified Chinese, Spanish - Latin America, Traditional Chinese, Turkish",,"Action,Adventure,Indie,RPG,Simulation,Strategy","Single-player,Multi-player,PvP,Online PvP,LAN PvP,Co-op,Online Co-op,LAN Co-op,Cross-Platform Multiplayer,Steam Achievements,Full controller support,Steam Trading Cards,Includes level editor,Remote Play on Tablet,Remote Play on TV,Family Sharing",True,True,True,Minimum:    Requires a 64-bit processor and operating system    OS:  Windows 10 or higher (64-bit)    Processor:  2.8 Ghz Quad Core CPU    Memory:  8 GB RAM    Graphics:  2 GB Dedicated Memory    DirectX:  Version 11    Network:  Broadband Internet connection    Storage:  15 GB available space    Sound Card:  Sound Card: DirectX® Compatible    Additional Notes:  Running a Dedicated Server and Client on the same computer will double ram requirements. Also future releases may require more hard drive space.,The Fun Pimps,The Fun Pimps Entertainment LLC,0.8861,True,True,True,True,5.82,2024.0,1.9,Recent,8.0,15.0
1142710,16842,"2,000,000 .. 5,000,000",87141,32717,Total War: WARHAMMER III,game,False,1899.0,1899.0,0,2022-02-16,"English<strong>*</strong>, French, Italian, German, Spanish - Spain, Czech, Korean, Polish, Portuguese - Brazil, Russian, Simplified Chinese, Traditional Chinese, Turkish<br><strong>*</strong>languages with full audio support",86.0,"Action,Strategy","Single-player,Multi-player,PvP,Online PvP,LAN PvP,Co-op,Online Co-op,LAN Co-op,Steam Achievements,Steam Trading Cards,Camera Comfort,Color Alternatives,Custom Volume Controls,Adjustable Difficulty,Playable without Timed Input,Save Anytime,Stereo Sound,Surround Sound,Steam Cloud,Family Sharing",True,True,True,Minimum:     OS *:  Windows 7 64-bit    Processor:  Intel i3/Ryzen 3 series    Memory:  6 GB RAM    Graphics:  Nvidia GTX 900/AMD RX 400 series | Intel Iris Xe Graphics    DirectX:  Version 11    Storage:  120 GB available space    Additional Notes:  This game may be updated over time and have paid for and free. additional content released for it. Please be aware that this may increase the minimum requirements for running the game above the specification stated here. Microsoft no longer supports Windows 10 or older versions.,"CREATIVE ASSEMBLY,Feral Interactive","SEGA,Feral Interactive",0.727,False,False,True,True,8.63,2022.0,4.3,Modern,6.0,120.0
2694490,16727,"20,000,000 .. 50,000,000",118511,50510,Path of Exile 2,game,False,1283.0,1283.0,0,2024-12-06,"English<strong>*</strong>, French, German, Spanish - Spain, Japanese, Korean, Portuguese - Brazil, Russian, Thai<br><strong>*</strong>languages with full audio support",,"Action,Adventure,Massively Multiplayer,RPG,Early Access","Single-player,Multi-player,MMO,Co-op,Online Co-op,Full controller support,HDR available",True,False,False,"Minimum:     OS:  Windows 10    Processor:  Intel® Core™ i7-7700 or AMD™ Ryzen 5 2500x    Memory:  8 GB RAM    Graphics:  NVIDIA® GeForce® GTX 960 (3GB), Intel® Arc™ A380, or ATI Radeon™ RX 470    DirectX:  Version 12    Network:  Broadband Internet connection    Storage:  100 GB available space    Additional Notes:  A GPU with at least 3GB of VRAM is required",Grinding Gear Games,Grinding Gear Games,0.7012,False,False,True,True,5.83,2024.0,1.5,Recent,8.0,100.0
427520,16426,"5,000,000 .. 10,000,000",208770,6439,Factorio,game,False,1000.0,1000.0,0,2020-08-14,"English, French, Italian, German, Spanish - Spain, Hungarian, Dutch, Norwegian, Polish, Portuguese - Portugal, Portuguese - Brazil, Romanian, Finnish, Swedish, Czech, Russian, Ukrainian, Japanese, Simplified Chinese, Traditional Chinese, Korean, Turkish, Greek, Spanish - Latin America, Thai, Vietnamese, Belarusian, Catalan, Kazakh, Georgian",90.0,"Casual,Indie,Simulation,Strategy","Single-player,Multi-player,Co-op,Online Co-op,LAN Co-op,Cross-Platform Multiplayer,Steam Achievements,Adjustable Text Size,Camera Comfort,Custom Volume Controls,Adjustable Difficulty,Playable without Timed Input,Save Anytime,Subtitle Options,Partial Controller Support,Steam Cloud,Includes level editor,Remote Play on Tablet,Family Sharing",True,True,True,"Minimum:     OS:  Windows 11, 10    Processor:  Quad core 3Ghz+    Memory:  8 GB RAM    Graphics:  DirectX 11 capable GPU with 1GB VRAM - GeForce GTX 750 Ti, Radeon R7 360 or Intel UHD Graphics 730    DirectX:  Version 11    Storage:  5 GB available space    Additional Notes:  Normal sprite resolution, Low quality compression, 1080p resolution",Wube Software LTD.,Wube Software LTD.,0.9701,True,True,True,True,4.55,2020.0,5.8,Established,8.0,5.0
306130,15987,"5,000,000 .. 10,000,000",125497,28616,The Elder Scrolls® Online,game,False,569.0,569.0,0,2017-05-22,"English<strong>*</strong>, French<strong>*</strong>, German<strong>*</strong>, Russian, Spanish - Spain, Simplified Chinese, Japanese<strong>*</strong><br><strong>*</strong>languages with full audio support",80.0,"Action,Adventure,Massively Multiplayer,RPG","Multi-player,MMO,PvP,Online PvP,Co-op,Online Co-op,Steam Trading Cards,Captions available,In-App Purchases,Camera Comfort,Chat Text-to-speech,Custom Volume Controls,Playable without Timed Input,Stereo Sound,Surround Sound,Partial Controller Support,HDR available,Family Sharing",True,True,False,Minimum:    Requires a 64-bit processor and operating system    OS:  Windows 10 64-bit    Processor:  Intel® Core™ i5 2300 or AMD FX4350    Memory:  4 GB RAM    Graphics:  Direct X 11.0 compliant video card with 1GB RAM (NVIDIA® GeForce® 560 or AMD Radeon™ 6870)    DirectX:  Version 11    Network:  Broadband Internet connection    Storage:  150 GB available space    Sound Card:  DirectX compatible sound card,ZeniMax Online Studios,Bethesda Softworks,0.8143,False,False,True,False,2.59,2017.0,9.1,Established,4.0,150.0
292030,15893,"20,000,000 .. 50,000,000",802993,32356,The Witcher 3: Wild Hunt,game,False,86.0,864.0,90,2015-05-18,"English<strong>*</strong>, French<strong>*</strong>, Italian, German<strong>*</strong>, Spanish - Spain, Arabic, Czech, Hungarian, Japanese<strong>*</strong>, Korean<strong>*</strong>, Polish<strong>*</strong>, Portuguese - Brazil<strong>*</strong>, Russian<strong>*</strong>, Traditional Chinese, Turkish, Simplified Chinese<strong>*</strong>, Spanish - Latin America<br><strong>*</strong>languages with full audio support",93.0,RPG,"Single-player,Steam Achievements,Steam Trading Cards,Steam Workshop,Adjustable Text Size,Camera Comfort,Color Alternatives,Custom Volume Controls,Adjustable Difficulty,Playable without Timed Input,Save Anytime,Stereo Sound,Surround Sound,Partial Controller Support,Steam Cloud,Remote Play on Tablet,Remote Play on TV,HDR available,Family Sharing",True,False,False,"Minimum:     OS *:  64-bit Windows 7, 64-bit Windows 8 (8.1)    Processor:  Intel CPU Core i5-2500K 3.3GHz / AMD A10-5800K APU (3.8GHz)    Memory:  6 GB RAM    Graphics:  Nvidia GPU GeForce GTX 660 / AMD GPU Radeon HD 7870    DirectX:  Version 11    Storage:  50 GB available space",CD PROJEKT RED,CD PROJEKT RED,0.9613,True,False,False,True,0.39,2015.0,11.1,Classic,6.0,50.0
284160,15863,"5,000,000 .. 10,000,000",313873,8405,BeamNG.drive,game,False,740.0,740.0,0,2015-05-29,"English, French, Japanese, Korean, Portuguese - Portugal, Portuguese - Brazil, Russian, Simplified Chinese, Spanish - Latin America, Traditional Chinese, Spanish - Spain, German, Polish",,"Racing,Simulation,Early Access","Single-player,Steam Achievements,Steam Trading Cards,Camera Comfort,Custom Volume Controls,Keyboard Only Option,Playable without Timed Input,Stereo Sound,Surround Sound,Partial Controller Support,Steam Cloud,Includes level editor,Remote Play on Phone,Remote Play on Tablet,Remote Play Together,Family Sharing",True,False,False,Minimum:    Requires a 64-bit processor and operating system    OS:  Windows 10 64 Bit    Processor:  AMD Ryzen 5 1600 / Intel Core i5 8400    Memory:  16 GB RAM    Graphics:  Minimum 6GB VRAM (AMD Radeon RX 570 / Nvidia GeForce GTX 1060)    DirectX:  Version 11    Storage:  60 GB available space    Additional Notes:  Installing game mods will increase required storage space. Gamepad recommended.,BeamNG,BeamNG,0.9739,True,False,False,True,3.36,2015.0,11.1,Classic,16.0,60.0
629520,15279,"2,000,000 .. 5,000,000",84918,3466,Soundpad,game,False,159.0,159.0,0,2017-09-30,"English, German, French, Korean, Portuguese - Brazil, Russian, Simplified Chinese, Italian, Spanish - Spain, Japanese, Polish, Thai, Czech, Danish, Dutch, Finnish, Norwegian, Swedish, Turkish, Ukrainian, Bulgarian, Greek, Hungarian, Romanian, Vietnamese, Arabic, Indonesian",,"Audio Production,Utilities",Family Sharing,True,False,False,"Minimum:     OS *:  Windows 7 or newer    Processor:  Intel or AMD with 1 GHz or faster    Memory:  512 MB RAM    Storage:  20 MB available space    Sound Card:  A sound card must be installed    Additional Notes:  At least one audio recording device, e.g. microphone",Leppsoft,Leppsoft,0.9608,False,False,False,False,0.72,2017.0,8.7,Established,,
646570,15038,"5,000,000 .. 10,000,000",178250,4027,Slay the Spire,game,False,180.0,720.0,75,2019-01-23,"English, Simplified Chinese, French, German, Korean, Russian, Japanese, Polish, Ukrainian, Spanish - Spain, Italian, Dutch, Traditional Chinese, Turkish, Thai, Portuguese - Brazil, Vietnamese",89.0,"Indie,Strategy","Single-player,Steam Achievements,Full controller support,Steam Trading Cards,Steam Workshop,Adjustable Text Size,Custom Volume Controls,Mouse Only Option,Playable without Timed Input,Save Anytime,Touch Only Option,Steam Cloud,Stats,Steam Leaderboards,Remote Play on Phone,Remote Play on Tablet,Remote Play on TV,Family Sharing",True,True,True,"Minimum:     OS *:  Windows XP, Vista, 7, 8/8.1, 10    Processor:  2.0 Ghz    Memory:  2 GB RAM    Graphics:  1Gb Video Memory, capable of OpenGL 3.0+ support (2.1 with ARB extensions acceptable)    Storage:  1 GB available space",Mega Crit,Mega Crit,0.9779,False,True,False,True,0.82,2019.0,7.4,Established,2.0,1.0
2358720,15004,"50,000,000 .. 100,000,000",1111720,38378,Black Myth: Wukong,game,False,1799.0,1799.0,0,2024-08-19,"English<strong>*</strong>, French, German, Spanish - Spain, Japanese, Korean, Polish, Portuguese - Brazil, Russian, Simplified Chinese<strong>*</strong>, Traditional Chinese, Italian, Turkish, Thai, Czech<br><strong>*</strong>languages with full audio support",,"Action,Adventure,RPG","Single-player,Steam Achievements,Full controller support,Steam Trading Cards,Playable without Timed Input,Stereo Sound,Surround Sound,Steam Cloud,Family Sharing",True,False,False,"Minimum:    Requires a 64-bit processor and operating system    OS:  Windows 10 64-bit    Processor:  Intel Core i5-8400 / AMD Ryzen 5 1600    Memory:  16 GB RAM    Graphics:  NVIDIA GeForce GTX 1060 6GB / AMD Radeon RX 580 8GB    DirectX:  Version 11    Storage:  130 GB available space    Sound Card:  Windows Compatible Audio Device    Additional Notes:  HDD Supported, SSD Recommended. The above specifications were tested with DLSS/FSR/XeSS enabled.",Game Science,Game Science,0.9666,False,False,False,True,8.18,2024.0,1.8,Recent,16.0,130.0
766570,14950,"5,000,000 .. 10,000,000",39598,33887,Russian Fishing 4,game,True,0.0,0.0,0,2021-11-10,"English, German, Russian, Simplified Chinese, French, Spanish - Spain, Polish, Portuguese - Brazil, Dutch, Korean, Japanese, Traditional Chinese, Turkish, Italian, Indonesian",,"Adventure,Casual,Massively Multiplayer,RPG,Simulation,Sports,Free To Play","Single-player,Multi-player,MMO,PvP,Online PvP,Steam Achievements,In-App Purchases,Stats,Family Sharing",True,False,False,Minimum:    Requires a 64-bit processor and operating system    OS *:  Windows 7/8/10 64-bit    Processor:  Intel® i5 3Ghz    Memory:  8 GB RAM    Graphics:  GTX 760    DirectX:  Version 11    Network:  Broadband Internet connection    Storage:  40 GB available space,FishSoft LLC,FishSoft LLC,0.5389,False,False,True,True,0.0,2021.0,4.6,Modern,8.0,40.0
1364780,14920,"2,000,000 .. 5,000,000",48252,8414,Street Fighter™ 6,game,False,1390.0,1390.0,0,2023-06-01,"English<strong>*</strong>, Japanese<strong>*</strong>, French, Italian, German, Spanish - Spain, Arabic, Portuguese - Brazil, Polish, Russian, Simplified Chinese, Traditional Chinese, Korean, Spanish - Latin America<br><strong>*</strong>languages with full audio support",92.0,"Action,Adventure","Single-player,Multi-player,PvP,Online PvP,Shared/Split Screen PvP,Shared/Split Screen,Cross-Platform Multiplayer,Steam Achievements,Steam Trading Cards,In-App Purchases,Camera Comfort,Custom Volume Controls,Adjustable Difficulty,Keyboard Only Option,Save Anytime,Stereo Sound,Surround Sound,Partial Controller Support,Steam Cloud,Family Sharing",True,False,False,Minimum:    Requires a 64-bit processor and operating system    OS:  Windows 10 (64 bit required)    Processor:  Intel Core i5-7500 / AMD Ryzen 3 1200    Memory:  8 GB RAM    Graphics:  GTX1060 (VRAM 6GB) / Radeon RX 580 (VRAM 4GB)    DirectX:  Version 12    Storage:  60 GB available space    Additional Notes:  - The framerate may drop during graphic-intensive scenes. - Additional storage is required for each subsequent update.,"CAPCOM Co., Ltd.","CAPCOM Co., Ltd.",0.8515,True,False,True,True,6.32,2023.0,3.1,Modern,8.0,60.0
250900,14904,"5,000,000 .. 10,000,000",334165,9255,The Binding of Isaac: Rebirth,game,False,329.0,329.0,0,2014-11-04,English<strong>*</strong><br><strong>*</strong>languages with full audio support,,Action,"Single-player,Multi-player,Shared/Split Screen,Steam Achievements,Full controller support,Steam Trading Cards,Steam Cloud,Remote Play on TV,Remote Play Together,Family Sharing",True,True,True,Minimum:     OS:  XP    Processor:  Core 2 Duo    Memory:  2 GB RAM    Graphics:  Discreet video card    Storage:  449 MB available space    Sound Card:  Yes,"Nicalis, Inc.,Edmund McMillen","Nicalis, Inc.",0.9731,False,False,True,True,1.5,2014.0,11.6,Classic,2.0,
261550,14477,"10,000,000 .. 20,000,000",232360,32031,Mount & Blade II: Bannerlord,game,False,1550.0,1550.0,0,2022-10-25,"English<strong>*</strong>, Simplified Chinese, Turkish, Traditional Chinese, French, Italian, Japanese, Korean, Polish, Portuguese - Brazil, Russian, Spanish - Latin America, German<br><strong>*</strong>languages with full audio support",77.0,"Action,Indie,RPG,Simulation,Strategy","Single-player,Multi-player,PvP,Online PvP,Steam Achievements,Steam Trading Cards,Steam Workshop,Partial Controller Support,Steam Cloud,Includes level editor,Remote Play on Tablet,Family Sharing",True,False,False,Minimum:    Requires a 64-bit processor and operating system    OS *:  Windows 7 (64-bit only)    Processor:  Intel® Core™ i3-8100 / AMD Ryzen™ 3 1200 / Snapdragon X Elite    Memory:  6 GB RAM    Graphics:  Intel® UHD Graphics 630 / NVIDIA® GeForce® GTX 660 2GB / AMD Radeon™ HD 7850 2GB    Storage:  60 GB available space    Additional Notes:  Integrated GPUs require additional 2GB of system RAM.,TaleWorlds Entertainment,TaleWorlds Entertainment,0.8788,True,True,True,True,7.05,2022.0,3.7,Modern,6.0,60.0
892970,14439,"10,000,000 .. 20,000,000",471451,28377,Valheim,game,False,679.0,679.0,0,2021-02-02,"English, French, German, Spanish - Spain, Russian, Simplified Chinese, Turkish, Japanese, Portuguese - Brazil, Polish, Ukrainian, Italian, Korean, Traditional Chinese",,"Action,Adventure,Indie,RPG,Early Access","Single-player,Multi-player,Co-op,Online Co-op,Full controller support,Camera Comfort,Custom Volume Controls,Adjustable Difficulty,Save Anytime,Stereo Sound,Steam Cloud,Remote Play on Tablet,Family Sharing",True,True,True,"Minimum:    Requires a 64-bit processor and operating system    OS:  Windows 10 or later    Processor:  2.6 GHz Quad Core or similar    Memory:  8 GB RAM    Graphics:  GeForce GTX 950 or Radeon HD 7970    DirectX:  Version 11    Storage:  1 GB available space    Additional Notes:  The following languages have been partially translated by the community: Svenska, Italiano, Romanian, български, македонски, Suomi, Dansk, íslenska, Lietuvių kalba, čeština, Magyar nyelv, Português europeu, 한국어 (불완전한), Norsk, ภาษาไทย, ქართული ენა, Abenaki, Slovenčina",Iron Gate AB,Coffee Stain Publishing,0.9432,False,True,True,True,3.09,2021.0,5.4,Established,8.0,1.0
2623190,14420,"2,000,000 .. 5,000,000",42316,10242,The Elder Scrolls IV: Oblivion Remastered,game,False,1599.0,1599.0,0,2025-04-22,"English<strong>*</strong>, French, Italian, German, Spanish - Spain, Japanese, Polish, Portuguese - Brazil, Simplified Chinese<br><strong>*</strong>languages with full audio support",,RPG,"Single-player,Steam Achievements,Steam Trading Cards,Custom Volume Controls,Playable without Timed Input,Stereo Sound,Surround Sound,Partial Controller Support,Steam Cloud,Family Sharing",True,False,False,"Minimum:    Requires a 64-bit processor and operating system    OS:  Windows 10 version 21H1 (10.0.19043)    Processor:  AMD Ryzen 5 2600X, Intel Core i7-6800K    Memory:  16 GB RAM    Graphics:  AMD Radeon RX 5700, NVIDIA GeForce 1070 Ti    DirectX:  Version 12    Storage:  125 GB available space    Additional Notes:  SSD Required","Bethesda Game Studios,Virtuos",Bethesda Softworks,0.8051,False,False,False,True,7.27,2025.0,1.2,Recent,16.0,125.0
582660,14345,"5,000,000 .. 10,000,000",64416,22503,Black Desert,game,False,60.0,200.0,70,2017-11-15,"English<strong>*</strong>, French, German, Spanish - Spain, Japanese<strong>*</strong>, Russian<strong>*</strong>, Thai, Turkish, Traditional Chinese<strong>*</strong>, Portuguese - Brazil, Spanish - Latin America<br><strong>*</strong>languages with full audio support",80.0,"Action,Adventure,Massively Multiplayer,RPG,Strategy","Multi-player,MMO,PvP,Online PvP,Co-op,Online Co-op,Steam Trading Cards,In-App Purchases,Partial Controller Support",True,False,False,"Minimum:     OS:  Windows 10 (64-bit)    Processor:  Intel Core i3 (4th Generation)    Memory:  8 GB RAM    Graphics:  GeForce GTX 970, Radeon RX 480    Network:  Broadband Internet connection    Storage:  80 GB available space    Additional Notes:  80GB HDD (SSD recommended)",Pearl Abyss,Pearl Abyss,0.7411,True,False,True,False,0.27,2017.0,8.6,Established,8.0,80.0
1158310,14302,"2,000,000 .. 5,000,000",114259,12650,Crusader Kings III,game,False,1729.0,1729.0,0,2020-09-01,"English<strong>*</strong>, French, German, Spanish - Spain, Russian, Simplified Chinese, Korean, Polish, Japanese<br><strong>*</strong>languages with full audio support",91.0,"RPG,Simulation,Strategy","Single-player,Multi-player,PvP,Online PvP,Steam Achievements,Steam Trading Cards,Steam Workshop,Adjustable Text Size,Camera Comfort,Custom Volume Controls,Adjustable Difficulty,Mouse Only Option,Playable without Timed Input,Save Anytime,Steam Cloud,Remote Play on Tablet,Family Sharing",True,True,True,Minimum:    Requires a 64-bit processor and operating system    OS:  Windows® 10 Home 64 bit    Processor:  Intel Core i5-750 | AMD FX 4300    Memory:  8 GB RAM    Graphics:  NVIDIA GeForce GTX 660 | AMD Radeon HD 7870 | Intel Arc A310 | Intel Iris Plus G7 | AMD Radeon Vega 11    Storage:  20 GB available space,Paradox Development Studio,Paradox Interactive,0.9003,False,False,True,True,7.86,2020.0,5.8,Established,8.0,20.0
291550,14169,"20,000,000 .. 50,000,000",314809,71647,Brawlhalla,game,True,0.0,0.0,0,2017-10-17,"English<strong>*</strong>, French, Italian, German, Spanish - Spain, Japanese, Korean, Portuguese - Brazil, Russian, Simplified Chinese, Traditional Chinese, Spanish - Latin America, Turkish<br><strong>*</strong>languages with full audio support",,"Action,Indie,Free To Play","Single-player,Multi-player,PvP,Online PvP,Shared/Split Screen PvP,Co-op,Online Co-op,Shared/Split Screen Co-op,Shared/Split Screen,Cross-Platform Multiplayer,Steam Achievements,Steam Trading Cards,Partial Controller Support,Remote Play on Phone,Remote Play on Tablet,Remote Play on TV,Remote Play Together",True,True,False,Minimum:     Memory:  2 GB RAM    Storage:  800 MB available space,Blue Mammoth Games,Ubisoft,0.8146,True,True,True,True,0.0,2017.0,8.7,Established,2.0,
281990,13727,"2,000,000 .. 5,000,000",159527,25906,Stellaris,game,False,518.0,1729.0,70,2016-05-09,"English, French, German, Spanish - Spain, Polish, Portuguese - Brazil, Russian, Simplified Chinese, Japanese, Korean",78.0,"Simulation,Strategy","Single-player,Multi-player,Cross-Platform Multiplayer,Steam Achievements,Steam Trading Cards,Steam Workshop,Steam Cloud,Family Sharing",True,True,True,"Minimum:     OS:  Windows® 10 Home 64 Bit    Processor:  Intel® iCore™ i3-530 or AMD® FX-6350    Memory:  4 GB RAM    Graphics:  Nvidia® GeForce™ GTX 460 or AMD® ATI Radeon™ HD 5870  (1GB VRAM), or AMD® Radeon™  RX Vega 11 or Intel® HD Graphics 4600    DirectX:  Version 9.0c    Network:  Broadband Internet connection    Storage:  10 GB available space    Sound Card:  Direct X 9.0c- compatible sound card    Additional Notes:  Controller support: 3-button mouse, keyboard and speakers. Special multiplayer requirements: Internet Connection",Paradox Development Studio,Paradox Interactive,0.8603,False,False,True,True,2.35,2016.0,10.1,Classic,4.0,10.0
813780,13465,"2,000,000 .. 5,000,000",154061,8401,Age of Empires II: Definitive Edition,game,False,850.0,850.0,0,2019-11-14,"English<strong>*</strong>, French<strong>*</strong>, Italian<strong>*</strong>, German<strong>*</strong>, Japanese, Korean<strong>*</strong>, Portuguese - Brazil<strong>*</strong>, Russian, Simplified Chinese<strong>*</strong>, Spanish - Latin America<strong>*</strong>, Traditional Chinese<strong>*</strong>, Turkish, Vietnamese, Spanish - Spain<strong>*</strong>, Polish, Hindi, Malay<br><strong>*</strong>languages with full audio support",84.0,Strategy,"Single-player,Multi-player,PvP,Online PvP,LAN PvP,Co-op,Online Co-op,LAN Co-op,Cross-Platform Multiplayer,Steam Achievements,Steam Trading Cards,Adjustable Text Size,Color Alternatives,Custom Volume Controls,Adjustable Difficulty,Mouse Only Option,Narrated Game Menus,Playable without Timed Input,Save Anytime,Steam Cloud,Includes level editor,Family Sharing",True,True,False,Minimum:     OS:  Windows 10 64bit    Processor:  Intel Core 2 Duo or AMD Athlon 64x2 5600+    Memory:  4 GB RAM    Graphics:  NVIDIA® GeForce® GT 420 or ATI™ Radeon™ HD 6850 or Intel® HD Graphics 4000 or better with 2 GB VRAM    DirectX:  Version 11    Network:  Broadband Internet connection    Storage:  15 GB available space    Additional Notes:  2GB of video memory + 4GB of system memory required,"World's Edge,Forgotten Empires,CaptureAge,Tantalus Media,Wicked Witch,Feral Interactive",Xbox Game Studios,0.9483,True,False,True,True,3.86,2019.0,6.6,Established,4.0,15.0
2300320,13431,"1,000,000 .. 2,000,000",28079,5496,Farming Simulator 25,game,False,1049.0,1049.0,0,2024-11-12,"English<strong>*</strong>, French, Italian, German, Spanish - Spain, Czech, Danish, Dutch, Finnish, Hungarian, Japanese, Korean, Norwegian, Polish, Portuguese - Brazil, Portuguese - Portugal, Romanian, Russian, Simplified Chinese, Spanish - Latin America, Swedish, Traditional Chinese, Turkish, Ukrainian, Vietnamese, Indonesian<br><strong>*</strong>languages with full audio support",,Simulation,"Single-player,Multi-player,Co-op,Online Co-op,Steam Achievements,Full controller support,Steam Cloud,Family Sharing",True,True,False,"Minimum:    Requires a 64-bit processor and operating system    OS:  Windows 10 64bit    Processor:  Intel Core i5-6400, AMD Ryzen 5 1400, or better    Memory:  8 GB RAM    Graphics:  Nvidia GeForce GTX 1050Ti, AMD Radeon RX 470 graphics card or better (min 3GB VRAM, DX12 support)    DirectX:  Version 12    Network:  Broadband Internet connection    Storage:  45 GB available space    Sound Card:  Sound card    VR Support:  N/A    Additional Notes:  These system requirements can´t cover all possible system configurations so issues could occur that avoid or influence the functionality in some cases.",GIANTS Software,GIANTS Software,0.8363,True,False,True,True,4.77,2024.0,1.6,Recent,8.0,45.0
1665460,13404,"10,000,000 .. 20,000,000",44067,48266,eFootball™,game,True,0.0,0.0,0,2021-09-29,"English<strong>*</strong>, French<strong>*</strong>, Italian<strong>*</strong>, German<strong>*</strong>, Spanish - Spain<strong>*</strong>, Arabic<strong>*</strong>, Japanese<strong>*</strong>, Korean<strong>*</strong>, Portuguese - Portugal<strong>*</strong>, Portuguese - Brazil<strong>*</strong>, Russian, Simplified Chinese<strong>*</strong>, Spanish - Latin America<strong>*</strong>, Traditional Chinese<strong>*</strong>, Turkish<strong>*</strong>, Indonesian, Thai<br><strong>*</strong>languages with full audio support",,"Simulation,Sports,Free To Play","Single-player,Multi-player,PvP,Online PvP,Shared/Split Screen PvP,Co-op,Online Co-op,Shared/Split Screen Co-op,Shared/Split Screen,Cross-Platform Multiplayer,In-App Purchases,Partial Controller Support,Family Sharing",True,False,False,"Minimum:    Requires a 64-bit processor and operating system    OS:  Windows 11 - 64bit    Processor:  Intel Core i5-2300, / AMD FX-4350    Memory:  8 GB RAM    Graphics:  GeForce GTX 660 Ti / Radeon HD 7790    Network:  Broadband Internet connection    Storage:  70 GB available space",KONAMI,KONAMI,0.4773,True,False,True,True,0.0,2021.0,4.7,Modern,8.0,70.0
526870,12596,"10,000,000 .. 20,000,000",225479,6585,Satisfactory,game,False,1150.0,1150.0,0,2024-09-10,"English<strong>*</strong>, French, Italian, German, Spanish - Spain, Japanese, Korean, Polish, Portuguese - Brazil, Russian, Simplified Chinese, Traditional Chinese, Ukrainian<br><strong>*</strong>languages with full audio support",91.0,"Adventure,Indie,Simulation,Strategy","Single-player,Multi-player,Co-op,Online Co-op,Cross-Platform Multiplayer,Steam Achievements,Adjustable Text Size,Camera Comfort,Color Alternatives,Custom Volume Controls,Adjustable Difficulty,Playable without Timed Input,Save Anytime,Stereo Sound,Surround Sound,Partial Controller Support,Steam Cloud,Remote Play on Tablet,Family Sharing",True,False,False,"Minimum:    Requires a 64-bit processor and operating system    OS:  Windows 10 or later (64-Bit)    Processor:  i5-3570 3.4 GHz 4 Core    Memory:  8 GB RAM    Graphics:  Nvidia GTX 1650/GTX 1050-ti, or AMD RX 470/RX 570, or equivalent performance &amp; VRAM    Storage:  20 GB available space    Additional Notes:  Internet connection required for multiplayer.",Coffee Stain Studios,Coffee Stain Publishing,0.9716,False,True,True,True,5.23,2024.0,1.8,Recent,8.0,20.0
2246340,12494,"20,000,000 .. 50,000,000",127273,91142,Monster Hunter Wilds,game,False,2699.0,2699.0,0,2025-02-27,"English<strong>*</strong>, French<strong>*</strong>, Italian<strong>*</strong>, German<strong>*</strong>, Spanish - Spain<strong>*</strong>, Arabic, Spanish - Latin America<strong>*</strong>, Portuguese - Brazil<strong>*</strong>, Polish, Russian<strong>*</strong>, Simplified Chinese<strong>*</strong>, Traditional Chinese, Japanese<strong>*</strong>, Korean, Thai<br><strong>*</strong>languages with full audio support",,"Action,Adventure,RPG","Single-player,Multi-player,Co-op,Online Co-op,Cross-Platform Multiplayer,Steam Achievements,Full controller support,Steam Trading Cards,Adjustable Text Size,Camera Comfort,Color Alternatives,Custom Volume Controls,Keyboard Only Option,Stereo Sound,Subtitle Options,Surround Sound,Steam Cloud,HDR available,Family Sharing",True,False,False,Minimum:    Requires a 64-bit processor and operating system    OS:  Windows®10 (64-bit Required)/Windows®11 (64-bit Required)    Processor:  Intel® Core™ i5-10400 or Intel® Core™ i3-12100 or AMD Ryzen™ 5 3600    Memory:  16 GB RAM    Graphics:  NVIDIA® GeForce® GTX 1660(VRAM 6GB) or AMD Radeon™ RX 5500 XT(VRAM 8GB)    DirectX:  Version 12    Network:  Broadband Internet connection    Storage:  75 GB available space    Additional Notes:  SSD required. This game is expected to run at 1080p (upscaled from 720 native resolution) / 30 fps under the &quot;Lowest&quot; graphics setting. DirectStorage supported.,"CAPCOM Co., Ltd.","CAPCOM Co., Ltd.",0.5827,True,False,True,True,12.27,2025.0,1.3,Recent,16.0,75.0
236850,12445,"5,000,000 .. 10,000,000",116432,18004,Europa Universalis IV,game,False,1729.0,1729.0,0,2013-08-13,"English, German, French, Spanish - Spain",87.0,"Simulation,Strategy","Single-player,Multi-player,PvP,Online PvP,Co-op,Online Co-op,Cross-Platform Multiplayer,Steam Achievements,Steam Trading Cards,Steam Workshop,Steam Cloud,Family Sharing",True,True,True,"Minimum:     OS:  Windows® 10 Home 64 bit 	   Processor:  Intel® Core™ i3-2105 / AMD® FX 4300 	   Memory:  4 GB RAM 	   Graphics:  Nvidia® GeForce™ GTX 460 / AMD® Radeon™ HD 5850 	   Video Memory:  1 GB RAM 	   DirectX®: 9.0c 	   Hard Drive: 6 GB HD space 	   Sound: Direct X- compatible soundcard  	   Other Requirements: Broadband Internet connection 	   Additional: Controller support: 3-button mouse, keyboard and speakers. Internet Connection or LAN for multiplayer","Paradox Development Studio,Paradox Tinto",Paradox Interactive,0.8661,False,False,True,True,7.86,2013.0,12.9,Classic,4.0,
1049590,12341,"5,000,000 .. 10,000,000",51694,13352,Eternal Return,game,True,0.0,0.0,0,2023-07-19,"English<strong>*</strong>, Japanese<strong>*</strong>, Simplified Chinese, Korean<strong>*</strong>, Traditional Chinese, French, German, Spanish - Spain, Portuguese - Portugal, Spanish - Latin America, Russian, Thai, Vietnamese, Portuguese - Brazil<br><strong>*</strong>languages with full audio support",,"Indie,Strategy,Free To Play","Multi-player,PvP,Online PvP,Steam Trading Cards,In-App Purchases,Camera Comfort,Color Alternatives,Custom Volume Controls,Playable without Timed Input,Family Sharing",True,False,False,"Minimum:     OS:  WINDOWS® 10 (64Bit)    Processor:  Intel Core i3-3225, AMD FX-4350    Memory:  8 GB RAM    Graphics:  NVIDIA GeForce GTX 660, ATI Radeon HD 7850    DirectX:  Version 11    Network:  Broadband Internet connection    Storage:  15 GB available space",Nimble Neuron,"Nimble Neuron,SapStaR Games,KRAFTON, Inc.",0.7947,True,True,True,False,0.0,2023.0,2.9,Modern,8.0,15.0
275850,12291,"5,000,000 .. 10,000,000",293332,59526,No Man's Sky,game,False,1700.0,1700.0,0,2016-08-12,"English<strong>*</strong>, French<strong>*</strong>, Italian<strong>*</strong>, German<strong>*</strong>, Spanish - Spain<strong>*</strong>, Dutch, Japanese<strong>*</strong>, Korean<strong>*</strong>, Polish<strong>*</strong>, Portuguese - Portugal<strong>*</strong>, Portuguese - Brazil<strong>*</strong>, Russian<strong>*</strong>, Simplified Chinese<strong>*</strong>, Traditional Chinese<strong>*</strong><br><strong>*</strong>languages with full audio support",61.0,"Action,Adventure","Single-player,Multi-player,PvP,Online PvP,Co-op,Online Co-op,Cross-Platform Multiplayer,Steam Achievements,Full controller support,Tracked Controller Support,VR Supported,Steam Trading Cards,Adjustable Text Size,Camera Comfort,Chat Speech-to-text,Color Alternatives,Custom Volume Controls,Adjustable Difficulty,Playable without Timed Input,Save Anytime,Stereo Sound,Subtitle Options,Surround Sound,Steam Cloud,Remote Play on Tablet,Remote Play on TV,HDR available,Family Sharing",True,True,False,"Minimum:    Requires a 64-bit processor and operating system    OS:  Windows 10/11 (64-bit versions)    Processor:  Intel Core i3    Memory:  8 GB RAM    Graphics:  Nvidia GTX 1060 3GB, AMD RX 470 4GB, Intel UHD graphics 630    Storage:  15 GB available space    VR Support:  SteamVR",Hello Games,Hello Games,0.8313,False,False,True,True,7.73,2016.0,9.9,Established,8.0,15.0
8930,12206,"10,000,000 .. 20,000,000",195724,8541,Sid Meier's Civilization® V,game,False,151.0,606.0,75,2010-09-23,"English<strong>*</strong>, French<strong>*</strong>, German<strong>*</strong>, Italian<strong>*</strong>, Spanish - Spain<strong>*</strong>, Polish, Japanese, Korean, Russian, Traditional Chinese<br><strong>*</strong>languages with full audio support",90.0,Strategy,"Single-player,Multi-player,Steam Achievements,Steam Trading Cards,Steam Cloud,Remote Play on Tablet,Family Sharing",True,True,True,"Minimum:  					   OS *:  Windows® Vista SP2/ Windows® 7  						   Processor:  Intel Core 2 Duo 1.8 GHz or AMD Athlon X2 64 2.0 GHz 						   Memory:  2GB RAM  						   Graphics: 256 MB ATI HD2600 XT or better, 256 MB nVidia 7900 GS or better, or Core i3 or better integrated graphics  						   DirectX®:  DirectX® version 9.0c  						   Hard Drive:  8 GB Free  						   Sound:  DirectX 9.0c-compatible sound card  						   Note:  Optimized for the touch-screen Ultrabook™ device","Firaxis Games,Aspyr (Mac),Aspyr (Linux)","2K,Aspyr (Mac),Aspyr (Linux)",0.9582,False,False,True,True,0.69,2010.0,15.7,Classic,2.0,
2399830,12007,"2,000,000 .. 5,000,000",44880,31115,ARK: Survival Ascended,game,False,1790.0,1790.0,0,2023-10-25,"English<strong>*</strong>, French, Italian, German, Spanish - Spain, Danish, Dutch, Japanese, Korean, Portuguese - Brazil, Portuguese - Portugal, Russian, Simplified Chinese, Spanish - Latin America, Traditional Chinese, Turkish<br><strong>*</strong>languages with full audio support",,"Action,Adventure,Indie,Massively Multiplayer,RPG,Early Access","Single-player,Multi-player,MMO,PvP,Online PvP,LAN PvP,Co-op,Online Co-op,LAN Co-op,Shared/Split Screen Co-op,Shared/Split Screen,Cross-Platform Multiplayer,Steam Achievements,Full controller support,Includes level editor,Remote Play Together,Family Sharing",True,False,False,"Minimum:     OS:  Windows 10/11 with updates    Processor:  AMD Ryzen 5 2600X, Intel Core i7-6800K    Memory:  16 GB RAM    Graphics:  AMD Radeon RX 5600 XT, NVIDIA GeForce 1080    DirectX:  Version 12    Network:  Broadband Internet connection    Storage:  180 GB available space    Additional Notes:  SSD Required","Studio Wildcard,Grove Street Games,Instinct Games","Studio Wildcard,Snail Games USA",0.5906,True,True,True,True,8.14,2023.0,2.7,Modern,16.0,180.0
582010,11923,"10,000,000 .. 20,000,000",434239,59151,Monster Hunter: World,game,False,940.0,940.0,0,2018-08-08,"English<strong>*</strong>, French<strong>*</strong>, Italian<strong>*</strong>, German<strong>*</strong>, Spanish - Spain<strong>*</strong>, Arabic, Portuguese - Brazil, Polish, Traditional Chinese, Japanese<strong>*</strong>, Korean, Russian, Simplified Chinese, Spanish - Latin America<br><strong>*</strong>languages with full audio support",88.0,Action,"Single-player,Multi-player,Co-op,Steam Achievements,Steam Trading Cards,Adjustable Text Size,Camera Comfort,Custom Volume Controls,Keyboard Only Option,Stereo Sound,Surround Sound,Partial Controller Support,Steam Cloud,Stats,Steam Leaderboards,Remote Play on Tablet,HDR available,Family Sharing",True,False,False,Minimum:    Requires a 64-bit processor and operating system    OS:  WINDOWS® 10 (64-bit required)    Processor:  Intel® Core™ i5 4460 or Core™ i3 9100F or AMD FX™-6300 or Ryzen™ 3 3200G    Memory:  8 GB RAM    Graphics:  NVIDIA®GeForce®GTX 760 or GTX1050 or AMD Radeon™ R7 260x or RX 560    DirectX:  Version 11    Network:  Broadband Internet connection    Storage:  52 GB available space    Sound Card:  DirectSound (DirectX® 9.0c or later)    Additional Notes:  - These specs allow for the game to be played in 1080p/30fps with graphics settings at &quot;Low&quot;. - 64-bit processor and operating system are required.,"CAPCOM Co., Ltd.","CAPCOM Co., Ltd.",0.8801,True,False,True,True,4.27,2018.0,7.9,Established,8.0,52.0
1874880,11466,"200,000 .. 500,000",23326,7297,Arma Reforger,game,False,839.0,1199.0,30,2023-11-16,"English<strong>*</strong>, French, Italian, German, Czech, Japanese, Korean, Polish, Portuguese - Brazil, Russian, Simplified Chinese, Spanish - Spain, Ukrainian<br><strong>*</strong>languages with full audio support",,"Action,Simulation,Strategy","Single-player,Multi-player,PvP,Online PvP,Co-op,Online Co-op,Cross-Platform Multiplayer,Steam Achievements,Full controller support,Captions available,Steam Cloud",True,False,False,Minimum:    Requires a 64-bit processor and operating system    OS:  Windows 10 64-bit    Processor:  Intel Core i5-4460  / AMD FX-4300    Memory:  8 GB RAM    Graphics:  NVIDIA GeForce GTX 1650 or AMD Radeon RX 570    DirectX:  Version 12    Network:  Broadband Internet connection    Storage:  20 GB available space    Sound Card:  DirectX®-compatible    Additional Notes:  Internet connection and DirectX 12 compatible PC required.,Bohemia Interactive,Bohemia Interactive,0.7617,False,False,True,True,3.81,2023.0,2.6,Modern,8.0,20.0
377160,11179,"10,000,000 .. 20,000,000",326054,66233,Fallout 4,game,False,599.0,599.0,0,2015-11-09,"English<strong>*</strong>, French<strong>*</strong>, Italian<strong>*</strong>, German<strong>*</strong>, Spanish - Spain<strong>*</strong>, Polish, Portuguese - Brazil, Russian, Traditional Chinese, Japanese<strong>*</strong><br><strong>*</strong>languages with full audio support",84.0,RPG,"Single-player,Steam Achievements,Full controller support,Playable without Timed Input,Save Anytime,Stereo Sound,Surround Sound,Steam Cloud,Remote Play on Phone,Remote Play on Tablet,Remote Play on TV,Family Sharing",True,False,False,Minimum:    Requires a 64-bit processor and operating system    OS *:  Windows 7/8/10 (64-bit OS required)    Processor:  Intel Core i5-2300 2.8 GHz/AMD Phenom II X4 945 3.0 GHz or equivalent    Memory:  8 GB RAM    Graphics:  NVIDIA GTX 550 Ti 2GB/AMD Radeon HD 7870 2GB or equivalent    Storage:  30 GB available space,Bethesda Game Studios,Bethesda Softworks,0.8312,False,False,False,True,2.72,2015.0,10.6,Classic,8.0,30.0
1476970,11081,"1,000,000 .. 2,000,000",17310,4406,IdleOn,game,True,0.0,0.0,0,2025-11-06,"English<strong>*</strong>, French<strong>*</strong>, German<strong>*</strong>, Japanese<strong>*</strong>, Korean<strong>*</strong>, Simplified Chinese<strong>*</strong><br><strong>*</strong>languages with full audio support",,"Adventure,Casual,Indie,Massively Multiplayer,RPG,Simulation,Strategy,Free To Play","Single-player,Multi-player,MMO,Co-op,Online Co-op,Cross-Platform Multiplayer,Steam Achievements,In-App Purchases,Family Sharing",True,False,False,Minimum:     OS *:  Windows 7+    Processor:  An Intel Pentium 4 processor or later that's SSE3 capable    Memory:  2 GB RAM    Graphics:  Hardware Accelerated Graphics with dedicated memory    Network:  Broadband Internet connection    Storage:  1 GB available space    Sound Card:  Anything capable of producing sound.,Lavaflame2,Lavaflame2,0.7971,False,True,True,True,0.0,2025.0,0.6,Recent,2.0,1.0
1604030,10961,"5,000,000 .. 10,000,000",106197,13243,V Rising,game,False,1030.0,1030.0,0,2024-05-08,"English<strong>*</strong>, French, German, Spanish - Spain, Portuguese - Brazil, Simplified Chinese, Italian, Hungarian, Japanese, Korean, Polish, Russian, Turkish, Traditional Chinese, Thai, Ukrainian<br><strong>*</strong>languages with full audio support",,"Action,Adventure,Massively Multiplayer","Single-player,Multi-player,PvP,Online PvP,LAN PvP,Co-op,Online Co-op,LAN Co-op,Steam Achievements,Camera Comfort,Custom Volume Controls,Adjustable Difficulty,Playable without Timed Input,Save Anytime,Stereo Sound,Subtitle Options,Surround Sound,Partial Controller Support,Steam Cloud,Family Sharing",True,False,False,"Minimum:    Requires a 64-bit processor and operating system    OS:  Windows 10 64 bit    Processor:  Intel Core i5-6600, 3.3 GHz or AMD Ryzen 5 1500X, 3.5 GHz    Memory:  12 GB RAM    Graphics:  NVIDIA GeForce GTX 750 Ti (Maxwell or newer), 2 GB or AMD Radeon R7 360, 2 GB    DirectX:  Version 11    Network:  Broadband Internet connection    Storage:  19 GB available space    Additional Notes:  Minimum System Requirements might change in the future",Stunlock Studios,Stunlock Studios,0.8891,False,False,True,True,4.68,2024.0,2.1,Modern,12.0,19.0
1203620,10654,"2,000,000 .. 5,000,000",67486,10594,Enshrouded,game,False,875.0,875.0,0,2024-01-24,"English, French, Italian, German, Spanish - Spain, Japanese, Korean, Polish, Portuguese - Brazil, Russian, Simplified Chinese, Traditional Chinese, Turkish, Ukrainian, Thai",,"Action,Adventure,Indie,RPG,Early Access","Single-player,Multi-player,Co-op,Online Co-op,Steam Achievements,Full controller support,Adjustable Text Size,Camera Comfort,Color Alternatives,Custom Volume Controls,Adjustable Difficulty,Stereo Sound,Steam Cloud,Family Sharing",True,False,False,Minimum:    Requires a 64-bit processor and operating system    OS:  Windows 10    Processor:  Intel Core i5-6400 (2.7 GHz 4 Core) / AMD Ryzen 5 1500X (3.5 GHz 4 Core) or equivalent    Memory:  16 GB RAM    Graphics:  NVIDIA GeForce GTX 1060 (req. 6GB VRAM) / AMD Radeon RX 580 (req. 6GB VRAM) / Intel ARC A380    Network:  Broadband Internet connection    Storage:  60 GB available space    Sound Card:  on board,Keen Games GmbH,Keen Games GmbH,0.8643,False,True,True,True,3.98,2024.0,2.4,Modern,16.0,60.0
304930,10408,"50,000,000 .. 100,000,000",506516,48852,Unturned,game,True,0.0,0.0,0,2017-07-07,English,,"Action,Adventure,Casual,Indie,Free To Play","Single-player,Multi-player,PvP,Online PvP,LAN PvP,Co-op,Online Co-op,LAN Co-op,Steam Achievements,Steam Trading Cards,Steam Workshop,In-App Purchases,Camera Comfort,Custom Volume Controls,Adjustable Difficulty,Playable without Timed Input,Stereo Sound,Steam Cloud,Valve Anti-Cheat enabled,Stats,Includes level editor,Remote Play on Tablet,Family Sharing",True,True,True,Minimum:     OS *:  Windows 7 SP1+    Processor:  3 GHz    Memory:  8 GB RAM    DirectX:  Version 10    Storage:  4 GB available space,Smartly Dressed Games,Smartly Dressed Games,0.912,False,True,True,True,0.0,2017.0,9.0,Established,8.0,4.0
1325860,10139,"1,000,000 .. 2,000,000",5283,412,VTube Studio,game,True,0.0,0.0,0,2021-03-12,"English, Japanese, Simplified Chinese, Traditional Chinese",,"Indie,Animation & Modeling,Video Production","Single-player,Steam Workshop",True,True,False,"Minimum:    Requires a 64-bit processor and operating system    OS *:  Windows 7 (64 bit)    Processor:  AMD / Intel CPU running at 1.8 GHz or higher    Memory:  4 GB RAM    Graphics:  AMD/NVIDIA graphic card, with at least 2GB of dedicated VRAM and with at least DirectX 11    DirectX:  Version 11    Storage:  3 GB available space    Additional Notes:  Requires a 64-bit processor and operating system. Webcam tracking requires webcam.",DenchiSoft,DenchiSoft,0.9277,False,True,False,True,0.0,2021.0,5.3,Established,4.0,3.0
1551360,10009,"5,000,000 .. 10,000,000",199950,25679,Forza Horizon 5,game,False,1999.0,1999.0,0,2021-11-08,"English<strong>*</strong>, French<strong>*</strong>, Italian<strong>*</strong>, German<strong>*</strong>, Spanish - Spain<strong>*</strong>, Czech, Hungarian, Japanese<strong>*</strong>, Korean<strong>*</strong>, Polish, Portuguese - Brazil<strong>*</strong>, Russian, Simplified Chinese<strong>*</strong>, Spanish - Latin America<strong>*</strong>, Traditional Chinese<strong>*</strong>, Turkish<br><strong>*</strong>languages with full audio support",,"Action,Adventure,Racing,Simulation,Sports","Single-player,Multi-player,PvP,Online PvP,Co-op,Online Co-op,Cross-Platform Multiplayer,Steam Achievements,Full controller support,Steam Trading Cards,Steam Cloud,HDR available,Family Sharing",True,False,False,"Minimum:    Requires a 64-bit processor and operating system    OS:  Windows 10 version 18362.0 or higher    Processor:  Intel i5-4460 or AMD Ryzen 3 1200    Memory:  8 GB RAM    Graphics:  NVidia GTX 970, AMD RX 470, OR Intel Arc A380    DirectX:  Version 12    Network:  Broadband Internet connection    Storage:  110 GB available space",Playground Games,Xbox Game Studios,0.8862,True,False,True,True,9.09,2021.0,4.6,Modern,8.0,110.0
739630,9978,"10,000,000 .. 20,000,000",736611,32168,Phasmophobia,game,False,579.0,579.0,0,2020-09-18,"English<strong>*</strong>, Portuguese - Portugal, Spanish - Spain, Portuguese - Brazil, German, French, Italian, Bulgarian, Czech, Danish, Dutch, Finnish, Greek, Hungarian, Japanese, Korean, Norwegian, Polish, Romanian, Russian, Simplified Chinese, Swedish, Traditional Chinese, Turkish, Ukrainian, Catalan<br><strong>*</strong>languages with full audio support",,"Action,Indie,Early Access","Single-player,Multi-player,Co-op,Online Co-op,Steam Achievements,Full controller support,Tracked Controller Support,VR Supported,Steam Trading Cards,Camera Comfort,Adjustable Difficulty,Playable without Timed Input,Stereo Sound,Surround Sound,Steam Cloud,Remote Play on Phone,Remote Play on Tablet,Family Sharing",True,False,False,"Minimum:    Requires a 64-bit processor and operating system    OS:  Windows 10 64Bit    Processor:  Intel Core i5-4590 / AMD Ryzen 5 2600    Memory:  8 GB RAM    Graphics:  NVIDIA GTX 970 / AMD Radeon R9 390    DirectX:  Version 11    Storage:  21 GB available space    VR Support:  OpenXR    Additional Notes:  Minimum Specs are for VR, lower specs may work for Non-VR.",Kinetic Games,Kinetic Games,0.9582,False,True,True,True,2.63,2020.0,5.8,Established,8.0,21.0
365670,9640,"5,000,000 .. 10,000,000",70186,2695,Blender,game,True,0.0,0.0,0,2015-04-24,"English, French, Italian, German, Spanish - Spain, Japanese, Portuguese - Portugal, Russian, Ukrainian, Korean, Simplified Chinese, Vietnamese",,"Animation & Modeling,Design & Illustration,Video Production",,True,True,True,"Minimum:    Requires a 64-bit processor and operating system    OS *:  Windows 8.1    Processor:  4 cores with SSE4.2 support    Memory:  8 GB RAM    Graphics:  2GB RAM, OpenGL 4.3    Storage:  1 GB available space",Blender Foundation,Blender Foundation,0.963,False,False,False,False,0.0,2015.0,11.2,Classic,8.0,1.0
1454400,9583,"2,000,000 .. 5,000,000",77218,2674,Cookie Clicker,game,False,149.0,149.0,0,2021-09-01,"English<strong>*</strong>, French<strong>*</strong>, Italian<strong>*</strong>, German<strong>*</strong>, Spanish - Spain<strong>*</strong>, Czech<strong>*</strong>, Dutch<strong>*</strong>, Japanese<strong>*</strong>, Polish<strong>*</strong>, Portuguese - Brazil<strong>*</strong>, Russian<strong>*</strong>, Simplified Chinese<strong>*</strong>, Korean<strong>*</strong>, Portuguese - Portugal<strong>*</strong>, Spanish - Latin America<strong>*</strong>, Danish<strong>*</strong>, Norwegian<strong>*</strong><br><strong>*</strong>languages with full audio support",,"Casual,Indie,Simulation,Strategy","Single-player,Steam Achievements,Steam Workshop,Steam Cloud,Family Sharing",True,True,False,"Minimum:     OS *:  Microsoft® Windows Server 2008, Windows 7, or Windows 8 Classic    Processor:  2.33GHz or faster x86-compatible processor, or Intel Atom™ 1.6GHz or faster processor for netbook class devices    Memory:  512 MB RAM    Storage:  350 MB available space","Orteil,DashNet",Playsaurus,0.9665,True,True,False,True,0.68,2021.0,4.8,Modern,,
2221490,9481,"1,000,000 .. 2,000,000",17029,5339,Tom Clancy’s The Division® 2,game,False,1159.0,1159.0,0,2023-01-12,"English<strong>*</strong>, French<strong>*</strong>, Italian<strong>*</strong>, German<strong>*</strong>, Spanish - Spain<strong>*</strong>, Arabic<strong>*</strong>, Japanese<strong>*</strong>, Korean, Polish, Portuguese - Brazil<strong>*</strong>, Russian<strong>*</strong>, Simplified Chinese, Spanish - Latin America<strong>*</strong>, Traditional Chinese<br><strong>*</strong>languages with full audio support",84.0,"Action,Adventure,RPG","Single-player,Multi-player,PvP,Online PvP,Co-op,Online Co-op,Steam Achievements,Captions available,In-App Purchases,Partial Controller Support,HDR available",True,False,False,"Minimum:    Requires a 64-bit processor and operating system    OS *:  Originally released for Windows 7, the game can be played on Windows 10 and Windows 11 OS    Processor:  AMD FX 6350, Intel Core i5-2500K, or better (SSE 4.2 and AVX support required)    Memory:  8 GB RAM    Graphics:  AMD R9 280X (3 GB), NVIDIA GeForce GTX 780 (3 GB with Shader Model 5.0+), or better    DirectX:  Version 11    Storage:  77 GB available space",Ubisoft,Ubisoft,0.7613,True,False,True,True,5.27,2023.0,3.4,Modern,8.0,77.0
1237950,9213,"2,000,000 .. 5,000,000",62342,8866,STAR WARS™ Battlefront™ II,game,False,425.0,1700.0,75,2020-06-11,"English<strong>*</strong>, French<strong>*</strong>, Spanish - Latin America<strong>*</strong>, Italian<strong>*</strong>, German<strong>*</strong>, Spanish - Spain<strong>*</strong>, Japanese, Polish<strong>*</strong>, Portuguese - Brazil<strong>*</strong>, Russian, Traditional Chinese<br><strong>*</strong>languages with full audio support",,"Action,Adventure","Single-player,Multi-player,PvP,Online PvP,Steam Achievements,Steam Trading Cards",True,False,False,Minimum:    Requires a 64-bit processor and operating system    OS:  64-bit Windows 10    Processor:  Processor (AMD): AMD FX 6350 Processor (Intel): Intel Core i5 6600K    Memory:  8 GB RAM    Graphics:  Graphics card (AMD): AMD Radeon™ HD 7850 2GB Graphics card (NVIDIA): NVIDIA GeForce® GTX 660 2GB    DirectX:  Version 11    Network:  Broadband Internet connection    Storage:  60 GB available space,DICE,Electronic Arts,0.8755,True,False,True,True,1.93,2020.0,6.0,Established,8.0,60.0
393380,9116,"2,000,000 .. 5,000,000",175088,35463,Squad,game,False,1009.0,1009.0,0,2020-09-23,"English<strong>*</strong>, Simplified Chinese, French, German, Spanish - Spain, Japanese, Portuguese - Brazil, Russian, Ukrainian<br><strong>*</strong>languages with full audio support",,"Action,Indie,Massively Multiplayer,Strategy","Multi-player,PvP,Online PvP,Co-op,Online Co-op,Steam Trading Cards,Steam Workshop,Partial Controller Support,Valve Anti-Cheat enabled",True,False,False,"Minimum:    Requires a 64-bit processor and operating system    OS:  Windows 10 (x64)    Processor:  Intel Core i5-8400, AMD Ryzen 3600    Memory:  8 GB RAM    Graphics:  Nvidia GTX 1060 6GB, AMD Radeon RX 580 with at least 6GB of VRAM    DirectX:  Version 12    Network:  Broadband Internet connection    Storage:  65 GB available space    Additional Notes:  A teamwork oriented mindset",Offworld,Offworld,0.8316,False,True,True,False,4.59,2020.0,5.7,Established,8.0,65.0
244210,8961,"5,000,000 .. 10,000,000",140238,11153,Assetto Corsa,game,False,107.0,429.0,75,2014-12-19,"English, Italian, Simplified Chinese, Traditional Chinese",85.0,"Indie,Racing,Simulation,Sports","Single-player,Multi-player,PvP,Online PvP,Steam Achievements,VR Supported,Partial Controller Support,Steam Leaderboards,Includes level editor,Family Sharing",True,False,False,"Minimum:     OS *:  Windows 7 Sp1 - 8 - 8.1 - 10    Processor:  AMD Athlon X2 2.8 GHZ, Intel Core 2 Duo 2.4 GHZ    Memory:  2 GB RAM    Graphics:  DirectX 10.1 (e.g. AMD Radeon HD 6450, Nvidia GeForce GT 460)    DirectX:  Version 11    Network:  Broadband Internet connection    Storage:  15 GB available space    Sound Card:  Integrated    VR Support:  SteamVR or Oculus PC. Keyboard or gamepad required",Kunos Simulazioni,Kunos Simulazioni,0.9263,False,True,True,True,0.49,2014.0,11.5,Classic,2.0,15.0
255710,8842,"10,000,000 .. 20,000,000",256362,19408,Cities: Skylines,game,False,311.0,1039.0,70,2015-03-10,"English, French, German, Spanish - Spain, Polish, Portuguese - Brazil, Russian, Simplified Chinese, Korean, Japanese",85.0,"Simulation,Strategy","Single-player,Steam Achievements,Steam Trading Cards,Steam Workshop,Steam Cloud,Includes level editor,Remote Play on Tablet,Family Sharing",True,True,True,Minimum:    Requires a 64-bit processor and operating system    OS:  Windows® 10 Home 64 Bit    Processor:  Intel® Core™ I7 930  |  AMD® FX 6350    Memory:  8 GB RAM    Graphics:  Nvidia® GeForce™ GTS 450 (1 GB) |  AMD® R7 250 (2 GB)  |  Intel Iris Xe G7 (Tiger Lake)    DirectX:  Version 9.0c    Network:  Broadband Internet connection    Storage:  4 GB available space,Colossal Order,Paradox Interactive,0.9296,False,False,False,True,1.41,2015.0,11.3,Classic,8.0,4.0
2344520,8835,"1,000,000 .. 2,000,000",32969,17333,Diablo® IV,game,False,1899.0,1899.0,0,2023-10-17,"English<strong>*</strong>, French<strong>*</strong>, Italian<strong>*</strong>, German<strong>*</strong>, Spanish - Spain<strong>*</strong>, Japanese<strong>*</strong>, Korean<strong>*</strong>, Polish<strong>*</strong>, Portuguese - Brazil<strong>*</strong>, Russian<strong>*</strong>, Spanish - Latin America<strong>*</strong>, Traditional Chinese<strong>*</strong>, Simplified Chinese<strong>*</strong>, Turkish<br><strong>*</strong>languages with full audio support",,"Action,Adventure,Casual,Massively Multiplayer,RPG","Single-player,Multi-player,PvP,Online PvP,Co-op,Online Co-op,Cross-Platform Multiplayer,Steam Achievements,Full controller support,In-App Purchases,Adjustable Text Size,Camera Comfort,Color Alternatives,Adjustable Difficulty,Keyboard Only Option,Mouse Only Option,Narrated Game Menus,Playable without Timed Input,Save Anytime,Stereo Sound,Subtitle Options",True,False,False,"Minimum:    Requires a 64-bit processor and operating system    OS:  64-bit Windows® 10 version 1909 or newer    Processor:  Intel® Core™ i5-2500K or AMD™ FX-8350    Memory:  8 GB RAM    Graphics:  NVIDIA® GeForce® GTX 660 or Intel® Arc™ A380 or AMD Radeon™ R9 280    DirectX:  Version 12    Network:  Broadband Internet connection    Storage:  90 GB available space    Additional Notes:  *1080p native resolution / 720p render resolution, low graphics settings, 30fps, SSD Required","Blizzard Entertainment, Inc.","Blizzard Entertainment, Inc.",0.6554,True,False,True,True,8.63,2023.0,2.7,Modern,8.0,90.0
1151340,8796,"2,000,000 .. 5,000,000",89334,33215,Fallout 76,game,False,1149.0,1149.0,0,2020-04-14,"English<strong>*</strong>, French<strong>*</strong>, Italian<strong>*</strong>, German<strong>*</strong>, Spanish - Spain<strong>*</strong>, Japanese<strong>*</strong>, Korean, Polish, Traditional Chinese, Russian, Simplified Chinese, Spanish - Latin America, Portuguese - Brazil<br><strong>*</strong>languages with full audio support",,RPG,"Multi-player,MMO,PvP,Online PvP,Co-op,Online Co-op,Steam Achievements,In-App Purchases,Chat Speech-to-text,Playable without Timed Input,Stereo Sound,Surround Sound,Partial Controller Support,Remote Play on Tablet",True,False,False,Minimum:    Requires a 64-bit processor and operating system    OS *:  Windows 8.1/10 (64-bit versions)    Processor:  Intel Core i5-6600k 3.5 GHz /AMD Ryzen 3 1300X 3.5 GHz or equivalent    Memory:  8 GB RAM    Graphics:  NVIDIA GTX 780 3GB /AMD Radeon R9 285 2GB or equivalent    Network:  Broadband Internet connection    Storage:  96 GB available space,Bethesda Game Studios,Bethesda Softworks,0.729,True,False,True,False,5.22,2020.0,6.2,Established,8.0,96.0
49520,8551,"10,000,000 .. 20,000,000",272900,22318,Borderlands 2,game,False,137.0,551.0,75,2012-09-20,"English<strong>*</strong>, French<strong>*</strong>, German<strong>*</strong>, Italian<strong>*</strong>, Japanese<strong>*</strong>, Spanish - Spain<strong>*</strong>, Korean, Traditional Chinese<br><strong>*</strong>languages with full audio support",89.0,"Action,RPG","Single-player,Multi-player,Co-op,Steam Achievements,Full controller support,Steam Trading Cards,Steam Cloud,Remote Play on Phone,Remote Play on Tablet,Remote Play on TV,Family Sharing",True,True,True,"Minimum:     OS *:  Windows XP SP3 	   Processor:  2.4 GHz Dual Core Processor 	   Memory:  2 GB(XP)/ 2 GB(Vista) 	   Hard Disk Space:  13 GB free 	   Video Memory:  256 MB 	   Video Card:  NVIDIA GeForce 8500 /ATI Radeon HD 2600 	   Sound:  DirectX 9.0c Compatible 	   Other Requirements: Initial installation requires one-time internet connection for Steam authentication; software installations required (included with the game) include Steam Client, DirectX 9, Microsoft .NET 4 Framework, Visual C++ Redistributable 2005, Visual C++ Redistributable 2008, Visual C++ Redistributable 2010, and AMD CPU Drivers (XP Only/AMD Only)","Gearbox Software,Aspyr (Mac),Aspyr (Linux)","2K,Aspyr (Mac),Aspyr (Linux)",0.9244,False,False,True,True,0.62,2012.0,13.8,Classic,,
513710,8535,"5,000,000 .. 10,000,000",83704,28411,SCUM,game,False,1280.0,1280.0,0,2025-06-17,"English<strong>*</strong>, German, Russian, Simplified Chinese, French, Spanish - Spain, Portuguese - Brazil, Traditional Chinese, Thai, Polish<br><strong>*</strong>languages with full audio support",,"Action,Adventure,Indie,Massively Multiplayer","Single-player,Multi-player,MMO,PvP,Online PvP,Co-op,Online Co-op,Steam Achievements,Steam Trading Cards,Camera Comfort,Custom Volume Controls,Adjustable Difficulty,Stereo Sound,Surround Sound,Stats",True,False,False,Minimum:    Requires a 64-bit processor and operating system    OS:  Windows 10 64-bit    Processor:  Intel Core i5-4430 / AMD FX-6300    Memory:  16 GB RAM    Graphics:  NVIDIA GeForce GTX 1060 3GB / AMD Radeon RX 480 4GB    DirectX:  Version 11    Network:  Broadband Internet connection    Storage:  80 GB available space    Additional Notes:  SSD Required,Gamepires,Gamepires,0.7466,False,True,True,True,5.82,2025.0,1.0,Recent,16.0,80.0
552990,8518,"20,000,000 .. 50,000,000",112887,33665,World of Warships,game,True,0.0,0.0,0,2017-11-15,"English<strong>*</strong>, French<strong>*</strong>, German<strong>*</strong>, Czech, Japanese<strong>*</strong>, Polish<strong>*</strong>, Russian<strong>*</strong>, Thai, Turkish, Spanish - Spain<strong>*</strong>, Korean<strong>*</strong>, Portuguese - Brazil<strong>*</strong>, Traditional Chinese<strong>*</strong>, Italian<strong>*</strong>, Simplified Chinese<strong>*</strong>, Ukrainian, Dutch<strong>*</strong>, Spanish - Latin America<strong>*</strong><br><strong>*</strong>languages with full audio support",81.0,"Action,Massively Multiplayer,Simulation,Strategy,Free To Play","Multi-player,MMO,PvP,Online PvP,Co-op,Online Co-op,Steam Achievements,Steam Trading Cards,In-App Purchases,Adjustable Text Size,Camera Comfort,Color Alternatives,Custom Volume Controls,Playable without Timed Input,Steam Cloud,Family Sharing",True,False,False,"Minimum:    Requires a 64-bit processor and operating system    OS *:  Windows 7 x64    Processor:   Intel® Core™ i3-3210 3,2 GHz  AMD Athlon™ X4 970 Quad Core 3,8 GHz    Memory:  6 GB RAM    Graphics:  1280x720; Nvidia®Geforce® GT 640  Intel UHD 630  AMD Radeon™ R7 240    DirectX:  Version 11    Network:  Broadband Internet connection    Storage:  67.2 GB available space    Sound Card:  DirectX 11    Additional Notes:",Wargaming Group Limited,Wargaming Group Limited,0.7703,True,False,True,False,0.0,2017.0,8.6,Established,6.0,2.0
1283970,8493,"500,000 .. 1,000,000",2159,177,YoloMouse - Cursor Changer,game,False,155.0,155.0,0,2020-05-01,"English, Simplified Chinese, Spanish - Spain, Korean, Portuguese - Brazil, Portuguese - Portugal, Russian, Spanish - Latin America, German, Traditional Chinese, Vietnamese, French, Japanese, Polish, Turkish, Ukrainian",,"Action,Indie,Free To Play,Animation & Modeling,Design & Illustration,Education,Photo Editing,Software Training,Utilities,Game Development","Steam Workshop,Adjustable Text Size,Camera Comfort,Color Alternatives,Adjustable Difficulty,Keyboard Only Option,Mouse Only Option,Playable without Timed Input,Save Anytime,Includes level editor",True,False,True,"Minimum:    Requires a 64-bit processor and operating system    OS:  Windows 10, Windows 11    Processor:  Intel or AMD CPU    Memory:  16 MB RAM    Graphics:  Any    DirectX:  Version 10    Storage:  500 MB available space",Dragonrise Games,Dragonrise Games,0.9242,True,True,False,False,0.7,2020.0,6.1,Established,,
761890,8184,"2,000,000 .. 5,000,000",65583,17491,Albion Online,game,True,0.0,0.0,0,2018-05-16,"English<strong>*</strong>, French, German, Spanish - Spain, Portuguese - Brazil, Polish, Russian, Portuguese - Portugal, Spanish - Latin America, Korean, Simplified Chinese, Italian, Japanese, Traditional Chinese, Indonesian, Arabic, Turkish<br><strong>*</strong>languages with full audio support",,"Massively Multiplayer,RPG,Free To Play","Multi-player,MMO,PvP,Online PvP,Cross-Platform Multiplayer,Steam Achievements,In-App Purchases,Partial Controller Support,Family Sharing",True,True,True,Minimum:    Requires a 64-bit processor and operating system    OS:  Windows 10 or 11 (64-bit)    Processor:  Intel/AMD CPU with SSE2    Memory:  4 GB RAM    Graphics:  Graphics card with DirectX 10 support or better    DirectX:  Version 10    Network:  Broadband Internet connection    Storage:  2 GB available space,Sandbox Interactive GmbH,Sandbox Interactive GmbH,0.7895,True,False,True,False,0.0,2018.0,8.1,Established,4.0,2.0
1466060,8175,"200,000 .. 500,000",10043,1437,Tainted Grail: The Fall of Avalon,game,False,768.0,1280.0,40,2025-05-23,"English<strong>*</strong>, Polish, French, German, Traditional Chinese, Simplified Chinese, Italian, Spanish - Spain, Czech, Japanese, Portuguese - Brazil, Russian<br><strong>*</strong>languages with full audio support",80.0,"Action,Adventure,Indie,RPG","Single-player,Steam Achievements,Full controller support,Steam Trading Cards,Steam Cloud,Family Sharing",True,False,False,"Minimum:    Requires a 64-bit processor and operating system    OS:  Windows 10 64-bit    Processor:  i5 8th gen or AMD equivalent    Memory:  12 GB RAM    Graphics:  GTX 1060 6GB or AMD equivalent    DirectX:  Version 11    Storage:  31 GB available space    Additional Notes:  Low settings, 30 FPS, Full HD, SSD Strongly Recommended",Questline,Awaken Realms,0.8748,False,True,False,True,3.49,2025.0,1.1,Recent,12.0,31.0
2104890,8156,"200,000 .. 500,000",5784,1884,RoadCraft,game,False,1390.0,1390.0,0,2025-05-20,"English<strong>*</strong>, French, Italian, German, Spanish - Spain, Simplified Chinese, Traditional Chinese, Polish, Portuguese - Brazil, Russian, Czech, Korean, Arabic, Turkish, Japanese<br><strong>*</strong>languages with full audio support",,"Adventure,Simulation","Single-player,Multi-player,Co-op,Online Co-op,Cross-Platform Multiplayer,Steam Achievements,Full controller support,Steam Trading Cards,Camera Comfort,Custom Volume Controls,Playable without Timed Input,Save Anytime,Stereo Sound,Surround Sound,Steam Cloud,Family Sharing",True,False,False,"Minimum:    Requires a 64-bit processor and operating system    OS:  Windows 10 (18362 min)/11 64-bit    Processor:  AMD Ryzen 5 1500X / Intel Core i5-8400    Memory:  8 GB RAM    Graphics:  6 GB VRAM, AMD Radeon RX 590 / Nvidia GeForce GTX 1060 / Intel ARC A580    Storage:  40 GB available space    Additional Notes:  SSD required / 30 FPS in 1920x1080 with &quot;Low&quot; preset.",Saber Interactive,Focus Entertainment,0.7543,False,False,True,True,6.32,2025.0,1.1,Recent,8.0,40.0
216150,8092,"1,000,000 .. 2,000,000",8882,5305,MapleStory,game,True,0.0,0.0,0,2012-08-09,English,,"Action,Adventure,Casual,Massively Multiplayer,RPG,Free To Play","Single-player,Multi-player,MMO,Co-op,Steam Trading Cards",True,True,False,Minimum:     OS:  Windows 10 (64 bit) 	   Processor:  Intel® Core™ 2 Duo @ 3.0GHz or AMD Athlon™ 64 X2 @ 3.0GHz 	   Memory:   8 GB RAM 	   Graphics:  GeForce 9600 GT or ATI Radeon™ HD 5670 	   Hard Drive:  60 GB available hard disk space or more 	   DirectX®:  Version 11.0    Network:  Broadband Internet Connection,NEXON Korea Corporation,Nexon America Inc.,0.6261,False,False,True,True,0.0,2012.0,13.9,Classic,8.0,60.0
632360,7902,"5,000,000 .. 10,000,000",293127,20450,Risk of Rain 2,game,False,529.0,529.0,0,2020-08-11,"English, French, Italian, German, Spanish - Spain, Japanese, Korean, Portuguese - Brazil, Russian, Simplified Chinese, Turkish",85.0,"Action,Indie","Single-player,Multi-player,PvP,Online PvP,Co-op,Online Co-op,Full controller support,Steam Trading Cards,Adjustable Text Size,Camera Comfort,Custom Volume Controls,Adjustable Difficulty,Stereo Sound,Surround Sound,Steam Cloud,Steam Leaderboards,Remote Play on Phone,Remote Play on Tablet,Remote Play on TV,Family Sharing",True,False,False,"Minimum:    Requires a 64-bit processor and operating system    OS *:  Windows 7 or newer, 64-bit    Processor:  Intel Core i3-6100 / AMD FX-8350    Memory:  4 GB RAM    Graphics:  GTX 580 / AMD HD 7870    DirectX:  Version 11    Network:  Broadband Internet connection    Storage:  4 GB available space",Hopoo Games,Gearbox Publishing,0.9348,False,True,True,True,2.4,2020.0,5.9,Established,4.0,4.0
3117820,7726,"1,000,000 .. 2,000,000",20637,1233,Sultan's Game,game,False,740.0,740.0,0,2025-03-30,"English, Simplified Chinese, Japanese, Traditional Chinese",83.0,"Adventure,Indie,RPG,Simulation,Strategy","Single-player,Steam Achievements,Full controller support,Steam Trading Cards,Steam Workshop,Steam Cloud,Family Sharing",True,True,True,Minimum:     OS *:  Windows 7    Processor:  i5-3570K    Memory:  1 GB RAM    Graphics:  GTX 560    Storage:  3 GB available space,Double Cross,2P Games,0.9436,False,True,False,True,3.36,2025.0,1.2,Recent,1.0,3.0
457140,7545,"2,000,000 .. 5,000,000",124220,4170,Oxygen Not Included,game,False,158.0,529.0,70,2019-07-30,"English<strong>*</strong>, Simplified Chinese<strong>*</strong>, Korean<strong>*</strong>, Russian<strong>*</strong><br><strong>*</strong>languages with full audio support",85.0,"Indie,Simulation","Single-player,Steam Trading Cards,Family Sharing",True,True,True,Minimum:    Requires a 64-bit processor and operating system    OS *:  Windows 7 (64 bit)    Processor:  Dual Core 2 GHz    Memory:  8 GB RAM    Graphics:  Intel HD 4600 (AMD or NVIDIA equivalent)    DirectX:  Version 11    Storage:  3 GB available space,Klei Entertainment,Klei Entertainment,0.9675,False,True,False,True,0.72,2019.0,6.9,Established,8.0,3.0
2479810,7543,"2,000,000 .. 5,000,000",40235,19083,Gray Zone Warfare,game,False,1199.0,1199.0,0,2024-04-30,"English<strong>*</strong>, French, Italian, German, Spanish - Spain, Czech, Japanese, Korean, Polish, Portuguese - Brazil, Simplified Chinese, Turkish<br><strong>*</strong>languages with full audio support",,"Action,Massively Multiplayer,Simulation,Early Access","Multi-player,MMO,PvP,Online PvP,Co-op,Online Co-op,Color Alternatives,Custom Volume Controls,Playable without Timed Input,Stereo Sound,Surround Sound",True,False,False,Minimum:    Requires a 64-bit processor and operating system    OS:  Windows® 10 64 Bit (latest update)    Processor:  Intel® Core™ i5-8600 / AMD Ryzen™ 5 2600 (AVX2 support required)    Memory:  16 GB RAM    Graphics:  NVIDIA® GeForce® GTX 1080 8GB / 2060 SUPER 8GB  / RTX 3060 8GB / RTX 4060 8GB / AMD Radeon™ RX 5700 8GB / RX 6600 8GB / Intel® Arc™ A770 8GB    DirectX:  Version 12    Network:  Broadband Internet connection    Storage:  40 GB available space    Sound Card:      Additional Notes:  SSD required,"MADFINGER Games, a.s.","MADFINGER Games, a.s.",0.6783,False,False,True,False,5.45,2024.0,2.1,Modern,16.0,40.0
960090,7489,"2,000,000 .. 5,000,000",344269,9691,Bloons TD 6,game,False,319.0,319.0,0,2018-12-17,"English, French, Italian, German, Danish, Finnish, Japanese, Korean, Norwegian, Portuguese - Brazil, Russian, Simplified Chinese, Spanish - Latin America, Swedish, Traditional Chinese, Turkish, Polish, Spanish - Spain, Arabic, Dutch, Thai",,Strategy,"Single-player,Multi-player,Co-op,Online Co-op,Steam Achievements,In-App Purchases,Remote Play on Phone,Remote Play on Tablet,Family Sharing",True,True,False,"Minimum:    Requires a 64-bit processor and operating system    OS:  Windows 10 (64bit)    Processor:  1.5Ghz or better (x86-64)    Memory:  4096 MB RAM    Graphics:  OpenGL 2.0 compatible, ATI, Nvidia or Intel HD    Storage:  2048 MB available space    Sound Card:  Windows compatible sound card",Ninja Kiwi,Ninja Kiwi,0.9726,True,False,True,True,1.45,2018.0,7.5,Established,,
1284190,7330,"1,000,000 .. 2,000,000",52168,2148,The Planet Crafter,game,False,437.0,729.0,40,2024-04-10,"English<strong>*</strong>, French, German, Spanish - Spain, Simplified Chinese, Russian, Polish, Portuguese - Portugal, Korean, Japanese, Portuguese - Brazil, Italian, Traditional Chinese, Turkish<br><strong>*</strong>languages with full audio support",,Adventure,"Single-player,Multi-player,Co-op,Online Co-op,Steam Achievements,Full controller support,Family Sharing",True,False,False,Minimum:     OS:  Windows 10 - 64-bit    Processor:  Intel Core2 Duo 2.4GHz or equivalent    Memory:  4 GB RAM    Graphics:  3GB VRAM    Storage:  4 GB available space,Miju Games,Miju Games,0.9605,False,False,True,True,1.99,2024.0,2.2,Modern,4.0,4.0
10,7323,"10,000,000 .. 20,000,000",243818,6427,Counter-Strike,game,False,229.0,229.0,0,2000-11-01,"English<strong>*</strong>, French<strong>*</strong>, German<strong>*</strong>, Italian<strong>*</strong>, Spanish - Spain<strong>*</strong>, Simplified Chinese<strong>*</strong>, Traditional Chinese<strong>*</strong>, Korean<strong>*</strong><br><strong>*</strong>languages with full audio support",88.0,Action,"Multi-player,PvP,Online PvP,Shared/Split Screen PvP,Color Alternatives,Custom Volume Controls,Keyboard Only Option,Stereo Sound,Valve Anti-Cheat enabled,Family Sharing",True,True,True,"Minimum:  500 mhz processor, 96mb ram, 16mb video card, Windows XP, Mouse, Keyboard, Internet Connection  
			  Recommended:  800 mhz processor, 128mb ram, 32mb+ video card, Windows XP, Mouse, Keyboard, Internet Connection",Valve,Valve,0.9743,False,False,True,False,1.04,2000.0,25.6,Classic,,
1361210,7267,"2,000,000 .. 5,000,000",80268,32692,"Warhammer 40,000: Darktide",game,False,1449.0,1449.0,0,2022-11-30,"English<strong>*</strong>, French, Italian, German, Spanish - Spain, Polish, Portuguese - Brazil, Russian, Simplified Chinese, Japanese, Korean, Traditional Chinese<br><strong>*</strong>languages with full audio support",,"Action,Adventure,RPG","Multi-player,Co-op,Online Co-op,Cross-Platform Multiplayer,Steam Achievements,Captions available,In-App Purchases,Partial Controller Support,Family Sharing",True,False,False,Minimum:    Requires a 64-bit processor and operating system    OS:  Windows 10 (64 bit) / Windows 11 (64 bit)    Processor:  Intel i5-6600 (3.30GHz) OR AMD Ryzen 2400G (3.6 GHz)    Memory:  8 GB RAM    Graphics:  NVIDIA GeForce GTX 970 OR AMD Radeon RX 570    DirectX:  Version 12    Network:  Broadband Internet connection    Storage:  72 GB available space,Fatshark,Fatshark,0.7106,False,False,True,False,6.59,2022.0,3.6,Modern,8.0,72.0
107410,7181,"10,000,000 .. 20,000,000",256128,27136,Arma 3,game,False,299.0,999.0,70,2013-09-12,"English<strong>*</strong>, French, Italian, German, Spanish - Spain, Czech, Polish, Portuguese - Brazil, Russian, Japanese, Korean, Simplified Chinese, Traditional Chinese, Turkish<br><strong>*</strong>languages with full audio support",74.0,"Action,Simulation,Strategy","Single-player,Multi-player,PvP,Online PvP,LAN PvP,Co-op,Online Co-op,LAN Co-op,Steam Achievements,Steam Trading Cards,Captions available,Steam Workshop,Stats,Steam Leaderboards,Includes level editor,Steam Timeline",True,True,False,"Minimum:      OS:  Windows 10 (64-bit) 	   Processor:  Intel Core quad-core or AMD Athlon quad-core 	   Memory:  8 GB RAM 	   Graphics:  NVIDIA GeForce GTX 660 or AMD Radeon HD 7850 or Intel HD Graphics 4000, with 1 GB video memory 	   DirectX®:  10 	   Storage:  50 GB available space 	   Audio:  DirectX® compatible            Other:  Internet connection and free Steam account to activate  Dual Layer compatible when installing from DVD",Bohemia Interactive,Bohemia Interactive,0.9042,False,False,True,True,1.36,2013.0,12.8,Classic,8.0,50.0
1466860,7084,"2,000,000 .. 5,000,000",69559,11311,Age of Empires IV: Anniversary Edition,game,False,769.0,769.0,0,2021-10-28,"English<strong>*</strong>, French<strong>*</strong>, Italian<strong>*</strong>, German<strong>*</strong>, Spanish - Spain<strong>*</strong>, Japanese, Korean<strong>*</strong>, Portuguese - Brazil<strong>*</strong>, Russian, Simplified Chinese<strong>*</strong>, Spanish - Latin America<strong>*</strong>, Traditional Chinese, Turkish, Vietnamese, Czech, Danish, Dutch, Finnish, Greek, Hungarian, Norwegian, Polish, Portuguese - Portugal, Swedish, Hindi, Malay<br><strong>*</strong>languages with full audio support",81.0,Strategy,"Single-player,Multi-player,PvP,Online PvP,Co-op,Online Co-op,Cross-Platform Multiplayer,Steam Achievements,Full controller support,Family Sharing",True,False,False,Minimum:    Requires a 64-bit processor and operating system    OS:  Windows 10 64bit | Windows 11 64bit    Processor:  Intel Core i5-6300U or AMD Ryzen 5 2400G | CPU with AVX support required    Memory:  8 GB RAM    Graphics:  Intel HD 520 or AMD Radeon RX Vega 11    DirectX:  Version 12    Storage:  50 GB available space,"World's Edge,Relic Entertainment,Forgotten Empires,Climax Studios",Xbox Game Studios,0.8601,True,False,True,True,3.5,2021.0,4.6,Modern,8.0,50.0
1771300,7073,"2,000,000 .. 5,000,000",96279,6058,Kingdom Come: Deliverance II,game,False,2099.0,2099.0,0,2025-02-04,"English<strong>*</strong>, Italian, French<strong>*</strong>, German<strong>*</strong>, Spanish - Spain<strong>*</strong>, Czech<strong>*</strong>, Japanese<strong>*</strong>, Korean, Polish, Portuguese - Brazil, Simplified Chinese, Traditional Chinese, Turkish, Russian, Ukrainian<br><strong>*</strong>languages with full audio support",89.0,"Action,Adventure,RPG","Single-player,Steam Achievements,Full controller support,Steam Trading Cards,Custom Volume Controls,Playable without Timed Input,Stereo Sound,Surround Sound,Steam Cloud,Family Sharing",True,False,False,"Minimum:    Requires a 64-bit processor and operating system    OS:  Windows 10 64-bit (or newer)    Processor:  Intel Core i5-8400, AMD Ryzen 5 2600    Memory:  16 GB RAM    Graphics:  NVIDIA GeForce GTX 1060 (6GB), AMD Radeon RX 580    Storage:  100 GB available space    Additional Notes:  SSD required",Warhorse Studios,Deep Silver,0.9408,False,False,False,True,9.54,2025.0,1.4,Recent,16.0,100.0
2784470,6920,"200,000 .. 500,000",4871,381,9 Kings,game,False,499.0,499.0,0,2025-05-23,"English, German, Simplified Chinese, Traditional Chinese, Korean, Japanese, Portuguese - Brazil, Portuguese - Portugal, Spanish - Spain, Spanish - Latin America, French, Italian, Bulgarian, Czech, Danish, Dutch, Finnish, Greek, Hungarian, Indonesian, Norwegian, Polish, Romanian, Russian, Swedish, Turkish, Ukrainian, Filipino, Malay, Slovak",,"RPG,Strategy,Early Access","Single-player,Multi-player,PvP,Online PvP,Steam Achievements,Full controller support,Steam Trading Cards,Camera Comfort,Custom Volume Controls,Adjustable Difficulty,Mouse Only Option,Save Anytime,Touch Only Option,Steam Cloud,Family Sharing",True,True,False,Minimum:    Requires a 64-bit processor and operating system    OS:  Windows® 10 (64-bit)    Processor:  Intel® Core™ i5-750 (quad-core) / AMD® Phenom™ II X4 965 (quad-core)    Memory:  4 GB RAM    Graphics:  NVIDIA® GeForce® GT 630 (2 GB) / AMD® Radeon™ HD 6670 (2 GB)    DirectX:  Version 11    Storage:  500 MB available space,Sad Socket,"Hooded Horse,Sidekick Publishing",0.9275,True,False,True,True,2.27,2025.0,1.1,Recent,4.0,
2183900,6851,"5,000,000 .. 10,000,000",134739,27846,"Warhammer 40,000: Space Marine 2",game,False,1890.0,1890.0,0,2024-09-09,"English<strong>*</strong>, French<strong>*</strong>, Italian, German<strong>*</strong>, Spanish - Spain<strong>*</strong>, Russian<strong>*</strong>, Czech, Japanese<strong>*</strong>, Korean, Polish, Portuguese - Brazil, Simplified Chinese<strong>*</strong>, Spanish - Latin America, Traditional Chinese, Turkish, Ukrainian, Thai<br><strong>*</strong>languages with full audio support",82.0,"Action,Adventure,RPG","Single-player,Multi-player,PvP,Online PvP,Co-op,Online Co-op,Cross-Platform Multiplayer,Steam Achievements,Full controller support,Steam Trading Cards,Adjustable Text Size,Camera Comfort,Color Alternatives,Custom Volume Controls,Adjustable Difficulty,Stereo Sound,Subtitle Options,Surround Sound,Steam Cloud,Family Sharing",True,False,False,"Minimum:    Requires a 64-bit processor and operating system    OS:  Windows 10 (1903 min)/11 64-bit    Processor:  AMD Ryzen 5 2600X / Intel Core i5-8600K    Memory:  8 GB RAM    Graphics:  6 GB VRAM, AMD Radeon RX 580 / Nvidia GeForce GTX 1060    DirectX:  Version 12    Storage:  75 GB available space    Additional Notes:  SSD required. 30 FPS in 1920x1080 with &quot;Low&quot; preset.",Saber Interactive,Focus Entertainment,0.8287,True,False,True,True,8.59,2024.0,1.8,Recent,8.0,75.0
814380,6767,"10,000,000 .. 20,000,000",307041,15193,Sekiro™: Shadows Die Twice - GOTY Edition,game,False,2583.0,2583.0,0,2019-03-21,"English<strong>*</strong>, French<strong>*</strong>, Italian<strong>*</strong>, German<strong>*</strong>, Spanish - Spain<strong>*</strong>, Japanese<strong>*</strong>, Korean, Polish, Russian, Simplified Chinese, Thai, Traditional Chinese, Portuguese - Brazil<br><strong>*</strong>languages with full audio support",88.0,"Action,Adventure","Single-player,Steam Achievements,Full controller support,Steam Trading Cards,Steam Cloud,Remote Play on Tablet,Remote Play on TV,Family Sharing",True,False,False,Minimum:     OS *:  Windows 7 64-bit | Windows 8 64-bit | Windows 10 64-bit    Processor:  Intel Core i3-2100 | AMD FX-6300    Memory:  4 GB RAM    Graphics:  NVIDIA GeForce GTX 760 | AMD Radeon HD 7950    DirectX:  Version 11    Network:  Broadband Internet connection    Storage:  25 GB available space    Sound Card:  DirectX 11 Compatible,"FromSoftware, Inc.","Activision (Excluding Japan and Asia),FromSoftware, Inc. (Japan),方块游戏 (Asia)",0.9529,False,False,False,True,11.74,2019.0,7.3,Established,4.0,25.0
270880,6742,"2,000,000 .. 5,000,000",169735,5552,American Truck Simulator,game,False,595.0,595.0,0,2016-02-02,"English, French, Italian, German, Spanish - Spain, Bulgarian, Czech, Danish, Dutch, Finnish, Greek, Hungarian, Japanese, Korean, Norwegian, Polish, Portuguese - Portugal, Portuguese - Brazil, Romanian, Russian, Simplified Chinese, Swedish, Turkish, Ukrainian, Traditional Chinese, Catalan, Lithuanian, Serbian, Slovak, Slovenian",76.0,"Indie,Simulation","Single-player,Multi-player,Co-op,Online Co-op,Steam Achievements,Steam Trading Cards,Steam Workshop,Camera Comfort,Custom Volume Controls,Adjustable Difficulty,Keyboard Only Option,Playable without Timed Input,Save Anytime,Stereo Sound,Surround Sound,Partial Controller Support,Steam Cloud,Includes level editor,Remote Play Together,Family Sharing",True,True,True,Minimum:     OS:  Windows  10 64-bit    Processor:  Intel Core i5-6400 or AMD Ryzen 3 1200 or similar    Memory:  8 GB RAM    Graphics:  NVIDIA GeForce GTX 660 or AMD Radeon RX 460 or Intel HD 630 (2GB VRAM)    Storage:  25 GB available space    Additional Notes:  Disk Space for American Truck Simulator base game,SCS Software,SCS Software,0.9683,False,True,True,True,2.7,2016.0,10.4,Classic,8.0,25.0
1286830,6625,"5,000,000 .. 10,000,000",60864,7088,STAR WARS™: The Old Republic™,game,True,0.0,0.0,0,2020-07-21,"English<strong>*</strong>, French<strong>*</strong>, German<strong>*</strong><br><strong>*</strong>languages with full audio support",85.0,"Massively Multiplayer,RPG,Free To Play","Multi-player,MMO,PvP,Co-op,Steam Achievements,Steam Trading Cards,In-App Purchases,Family Sharing",True,False,False,Minimum:     OS:  Windows 10 or later – 64-bit    Processor:  AMD Athlon 64 X2 Dual-Core 4000+ or better / Intel Core 2 Duo 2.0GHz or better    Memory:  6 GB RAM    Graphics:  Star Wars: The Old Republic requires a video card that has a minimum of 1 GB of on-board RAM as well as support for Shader 3.0 or better. Examples include: Intel HD 3000 or better/AMD Radeon HD 7450/Nvidia GeForce 610    Network:  Broadband Internet connection    Storage:  75 GB available space,Broadsword,Electronic Arts,0.8957,False,False,True,False,0.0,2020.0,5.9,Established,6.0,75.0
2742830,6617,"200,000 .. 500,000",3505,159,Monster Train 2,game,False,740.0,740.0,0,2025-05-21,"English<strong>*</strong>, French, German, Portuguese - Brazil, Russian, Simplified Chinese, Spanish - Spain, Japanese, Korean, Traditional Chinese<br><strong>*</strong>languages with full audio support",87.0,"Indie,Strategy","Single-player,Steam Achievements,Full controller support,Steam Trading Cards,Camera Comfort,Custom Volume Controls,Adjustable Difficulty,Keyboard Only Option,Mouse Only Option,Playable without Timed Input,Save Anytime,Steam Cloud,Family Sharing",True,True,False,"Minimum:    Requires a 64-bit processor and operating system    OS:  Windows 10 x64 Bit    Processor:  Intel Core i5-4670K / AMD FX-4350    Memory:  8 GB RAM    Graphics:  GeForce GTX 760 (2048 MB) Radeon R7 260X (2048 MB Intel UHD Graphics 630    DirectX:  Version 11    Storage:  3 GB available space    Additional Notes:  Low Quality setting, in 1080p, producing 60 FPS",Shiny Shoe,Big Fan Games,0.9566,False,True,False,True,3.36,2025.0,1.1,Recent,8.0,3.0
1942280,6389,"2,000,000 .. 5,000,000",94525,3276,Brotato,game,False,95.0,159.0,40,2023-06-23,"English, French, German, Spanish - Spain, Japanese, Korean, Polish, Portuguese - Brazil, Russian, Simplified Chinese, Traditional Chinese, Italian, Turkish",,"Action,Casual,Indie,RPG,Free To Play","Single-player,Multi-player,Co-op,Shared/Split Screen Co-op,Shared/Split Screen,Steam Achievements,Full controller support,Steam Trading Cards,Steam Workshop,Steam Cloud,Remote Play on TV,Remote Play Together,Family Sharing",True,True,True,"Minimum:     OS *:  Windows 7+    Processor:  2 Ghz    Memory:  4 GB RAM    Graphics:  128MB, OpenGL 3+    Storage:  200 MB available space",Blobfish,Blobfish,0.9665,False,True,True,True,0.43,2023.0,3.0,Modern,4.0,
1238810,6327,"10,000,000 .. 20,000,000",177352,72936,Battlefield™ V,game,False,105.0,2100.0,95,2020-10-22,"English<strong>*</strong>, French<strong>*</strong>, Italian<strong>*</strong>, German<strong>*</strong>, Spanish - Spain<strong>*</strong>, Arabic<strong>*</strong>, Japanese<strong>*</strong>, Korean, Polish, Portuguese - Brazil<strong>*</strong>, Russian, Simplified Chinese, Spanish - Latin America<strong>*</strong>, Traditional Chinese<br><strong>*</strong>languages with full audio support",,Action,"Single-player,Multi-player,PvP,Online PvP,Steam Achievements,Full controller support,Steam Trading Cards,HDR available",True,False,False,Minimum:    Requires a 64-bit processor and operating system    OS:  64-bit Windows 10    Processor:  AMD FX-8350/ Core i5 6600K    Memory:  8 GB RAM    Graphics:  NVIDIA GeForce® GTX 1050 / NVIDIA GeForce® GTX 660 2GB or AMD Radeon™ RX 560 / HD 7850 2GB    DirectX:  Version 11    Storage:  50 GB available space,DICE,Electronic Arts,0.7086,True,False,True,True,0.48,2020.0,5.7,Established,8.0,50.0
1238840,6308,"5,000,000 .. 10,000,000",166775,26046,Battlefield™ 1,game,False,85.0,1700.0,95,2020-06-11,"English<strong>*</strong>, French<strong>*</strong>, Italian<strong>*</strong>, German<strong>*</strong>, Spanish - Spain<strong>*</strong>, Polish, Russian, Traditional Chinese, Arabic<strong>*</strong>, Japanese<strong>*</strong>, Portuguese - Brazil<strong>*</strong>, Spanish - Latin America<strong>*</strong>, Turkish<br><strong>*</strong>languages with full audio support",,"Action,Massively Multiplayer","Single-player,Multi-player,PvP,Online PvP,Steam Achievements,Full controller support,Steam Trading Cards,HDR available",True,False,False,Minimum:    Requires a 64-bit processor and operating system    OS:  64-bit Windows 10    Processor:  Processor (AMD): AMD FX-6350 Processor (Intel): Intel Core i5 6600K    Memory:  8 GB RAM    Graphics:  Graphics card (AMD): AMD Radeon™ HD 7850 2GB Graphics card (NVIDIA): NVIDIA GeForce® GTX 660 2GB    DirectX:  Version 11    Network:  Broadband Internet connection    Storage:  50 GB available space,DICE,Electronic Arts,0.8649,True,False,True,True,0.39,2020.0,6.0,Established,8.0,50.0
594650,6300,"10,000,000 .. 20,000,000",181110,67110,Hunt: Showdown 1896,game,False,283.0,709.0,60,2019-08-27,"English<strong>*</strong>, French, Italian, German, Spanish - Spain, Russian, Simplified Chinese<strong>*</strong>, Polish, Turkish, Japanese, Portuguese - Brazil, Korean, Traditional Chinese, Ukrainian<br><strong>*</strong>languages with full audio support",81.0,Action,"Multi-player,PvP,Online PvP,Co-op,Online Co-op,Steam Achievements,Full controller support,Steam Trading Cards,In-App Purchases,Steam Leaderboards,Remote Play on Tablet,Remote Play on TV",True,False,False,"Minimum:    Requires a 64-bit processor and operating system    OS:  Windows 10 64 bit    Processor:  Intel CPU 7th Gen 7700 / AMD Ryzen 5 2600    Memory:  8 GB RAM    Graphics:  NVIDIA GTX 1650 Super or AMD Radeon RX 5500 XT, with a minimum of 4GB of VRAM    DirectX:  Version 12    Network:  Broadband Internet connection    Storage:  75 GB available space    Sound Card:  DirectX compatible audio card    Additional Notes:  Best experienced with headphones and on a SSD drive",Crytek,Crytek,0.7296,False,False,True,False,1.29,2019.0,6.8,Established,8.0,75.0
1966720,6199,"10,000,000 .. 20,000,000",473422,13738,Lethal Company,game,False,310.0,310.0,0,2023-10-23,English<strong>*</strong><br><strong>*</strong>languages with full audio support,,"Action,Adventure,Indie,Early Access","Single-player,Multi-player,Co-op,Online Co-op,Custom Volume Controls,Stereo Sound,Partial Controller Support,Family Sharing",True,False,False,Minimum:    Requires a 64-bit processor and operating system    OS:  Windows 10    Processor:  Intel Core i5-7400 CPU @ 3.00GHz ; Shader Model 5    Graphics:  NVIDIA GForce GTX 1050    DirectX:  Version 11    Network:  Broadband Internet connection    Storage:  4 GB available space,Zeekerss,Zeekerss,0.9718,False,True,True,True,1.41,2023.0,2.7,Modern,,4.0
240,6187,"10,000,000 .. 20,000,000",175426,6808,Counter-Strike: Source,game,False,310.0,310.0,0,2004-11-01,"English, French, German, Italian, Japanese, Korean, Spanish - Spain, Russian, Simplified Chinese, Traditional Chinese, Thai, Turkish",88.0,Action,"Multi-player,Cross-Platform Multiplayer,Steam Achievements,Camera Comfort,Color Alternatives,Custom Volume Controls,Stereo Sound,Subtitle Options,Surround Sound,Steam Cloud,Valve Anti-Cheat enabled,Stats,Includes Source SDK,Family Sharing",True,False,True,"Minimum:  1.7 GHz Processor, 512MB RAM, DirectX&reg; 8.1 level Graphics Card (Requires support for SSE), Windows&reg; 7 (32/64-bit)/Vista/XP, Mouse, Keyboard, Internet Connection 
			  Recommended:  Pentium 4 processor (3.0GHz, or better), 1GB RAM, DirectX&reg; 9 level Graphics Card, Windows&reg; 7 (32/64-bit)/Vista/XP, Mouse, Keyboard, Internet Connection",Valve,Valve,0.9626,False,False,True,False,1.41,2004.0,21.6,Classic,1.0,
376210,5946,"500,000 .. 1,000,000",77185,17619,The Isle,game,False,595.0,595.0,0,2015-12-01,English<strong>*</strong><br><strong>*</strong>languages with full audio support,,"Action,Adventure,Indie,Massively Multiplayer,Simulation,Early Access","Multi-player,MMO,PvP,Online PvP,Partial Controller Support,Valve Anti-Cheat enabled",True,False,False,"Minimum:    Requires a 64-bit processor and operating system    OS *:  Windows 7 64-bit or later (64 Bit ONLY)    Processor:  Quad-core Intel or AMD processor, 3.0 GHz or faster.    Memory:  8 GB RAM    Graphics:  NVIDIA GeForce GTX 960 or AMD Radeon R9 280X series card or higher.    DirectX:  Version 11    Network:  Broadband Internet connection    Storage:  25 GB available space    Additional Notes:  This game needs a dedicated graphics card to run. Integrated graphics cards will not work.",Afterthought LLC,Afterthought LLC,0.8142,False,True,True,False,2.7,2015.0,10.6,Classic,8.0,25.0
1295660,5931,"1,000,000 .. 2,000,000",20502,21746,Sid Meier's Civilization VII,game,False,2699.0,2699.0,0,2025-02-10,"English<strong>*</strong>, French<strong>*</strong>, Italian<strong>*</strong>, German<strong>*</strong>, Spanish - Spain<strong>*</strong>, Japanese<strong>*</strong>, Korean<strong>*</strong>, Polish<strong>*</strong>, Portuguese - Brazil, Russian<strong>*</strong>, Simplified Chinese<strong>*</strong>, Traditional Chinese<strong>*</strong><br><strong>*</strong>languages with full audio support",79.0,"Simulation,Strategy","Single-player,Multi-player,PvP,Online PvP,LAN PvP,Cross-Platform Multiplayer,Steam Achievements,Full controller support,Steam Trading Cards,Steam Workshop,Adjustable Text Size,Camera Comfort,Chat Text-to-speech,Color Alternatives,Custom Volume Controls,Adjustable Difficulty,Mouse Only Option,Narrated Game Menus,Playable without Timed Input,Save Anytime,Stereo Sound,Surround Sound,Touch Only Option,HDR available,Family Sharing",True,True,True,Minimum:    Requires a 64-bit processor and operating system    OS:  Win 10 64 Bit    Processor:  Intel i5-4690 / Intel i3-10100 / AMD Ryzen 3 1200    Memory:  8 GB RAM    Graphics:  NVIDIA GTX 1050 / AMD RX 460 / Intel Arc A380    DirectX:  Version 12    Storage:  20 GB available space,Firaxis Games,2K,0.4853,False,False,True,True,12.27,2025.0,1.4,Recent,8.0,20.0
899770,5831,"20,000,000 .. 50,000,000",88027,22596,Last Epoch,game,False,824.0,1030.0,20,2024-02-21,"English<strong>*</strong>, French, German, Korean, Polish, Portuguese - Brazil, Russian, Simplified Chinese, Spanish - Spain, Japanese<br><strong>*</strong>languages with full audio support",80.0,"Action,Adventure,Indie,RPG","Single-player,Multi-player,Co-op,Online Co-op,Full controller support,In-App Purchases,Adjustable Text Size,Camera Comfort,Color Alternatives,Custom Volume Controls,Stereo Sound,Steam Cloud",True,False,False,Minimum:    Requires a 64-bit processor and operating system    OS:  Windows 10    Processor:  Intel Core i5 2500 or AMD FX-4350    Memory:  8 GB RAM    Graphics:  nVidia GTX 1060 / AMD RX 580 with 6GB of VRAM    DirectX:  Version 11    Network:  Broadband Internet connection    Storage:  22 GB available space    Additional Notes:  SSD strongly recommended,Eleventh Hour Games,"Eleventh Hour Games,KRAFTON, Inc",0.7957,False,True,True,True,3.75,2024.0,2.3,Modern,8.0,22.0
990080,5716,"20,000,000 .. 50,000,000",289966,31429,Hogwarts Legacy,game,False,1899.0,1899.0,0,2023-02-10,"English<strong>*</strong>, French<strong>*</strong>, Italian<strong>*</strong>, German<strong>*</strong>, Spanish - Spain<strong>*</strong>, Arabic, Japanese<strong>*</strong>, Korean, Polish, Portuguese - Brazil<strong>*</strong>, Russian, Simplified Chinese, Spanish - Latin America<strong>*</strong>, Traditional Chinese<br><strong>*</strong>languages with full audio support",83.0,"Action,Adventure,RPG","Single-player,Steam Achievements,Full controller support,In-App Purchases,Adjustable Text Size,Camera Comfort,Custom Volume Controls,Narrated Game Menus,Save Anytime,Stereo Sound,Surround Sound,Steam Cloud,HDR available,Family Sharing",True,False,False,"Minimum:    Requires a 64-bit processor and operating system    OS:  64-bit Windows 10    Processor:  Intel Core i5-6600 (3.3Ghz) or AMD Ryzen 5 1400 (3.2Ghz)    Memory:  16 GB RAM    Graphics:  NVIDIA GeForce GTX 960 4GB or AMD Radeon RX 470 4GB    DirectX:  Version 12    Storage:  85 GB available space    Additional Notes:  SSD (Preferred), HDD (Supported), 720p/30 fps, Low Quality Settings",Avalanche Software,Warner Bros. Games,0.9022,True,False,False,True,8.63,2023.0,3.4,Modern,16.0,85.0
444200,5707,"10,000,000 .. 20,000,000",116407,31754,World of Tanks Blitz,game,True,0.0,0.0,0,2016-11-09,"English<strong>*</strong>, French<strong>*</strong>, Italian<strong>*</strong>, German<strong>*</strong>, Spanish - Spain<strong>*</strong>, Arabic<strong>*</strong>, Czech<strong>*</strong>, Finnish<strong>*</strong>, Japanese<strong>*</strong>, Korean<strong>*</strong>, Polish<strong>*</strong>, Russian<strong>*</strong>, Simplified Chinese<strong>*</strong>, Thai<strong>*</strong>, Traditional Chinese<strong>*</strong>, Turkish<strong>*</strong>, Portuguese - Brazil<strong>*</strong>, Ukrainian<strong>*</strong>, Hindi<strong>*</strong>, Vietnamese<strong>*</strong><br><strong>*</strong>languages with full audio support",,"Action,Massively Multiplayer,Simulation,Strategy,Free To Play","Multi-player,MMO,PvP,Online PvP,Co-op,Online Co-op,Cross-Platform Multiplayer,Steam Trading Cards,In-App Purchases,Camera Comfort,Color Alternatives,Custom Volume Controls,Save Anytime,Stereo Sound,Touch Only Option,Family Sharing",True,True,False,"Minimum:     OS *:  Windows 7, 8.0, 8.1, 10, 11    Processor:  2 GHz    Memory:  2 GB RAM    Graphics:  DirectX 11 compliant graphics card with 256 MB of VRAM    Storage:  8 GB available space",Wargaming Group Limited,Wargaming Group Limited,0.7857,False,False,True,False,0.0,2016.0,9.6,Established,2.0,8.0
440900,5677,"5,000,000 .. 10,000,000",84575,22890,Conan Exiles Enhanced,game,False,829.0,829.0,0,2018-05-08,"English<strong>*</strong>, French, German, Spanish - Spain, Japanese, Korean, Polish, Portuguese - Brazil, Russian, Simplified Chinese, Traditional Chinese, Italian<br><strong>*</strong>languages with full audio support",,"Action,Adventure,Massively Multiplayer,RPG,Simulation,Strategy","Single-player,Multi-player,PvP,Online PvP,Co-op,Online Co-op,Steam Achievements,Full controller support,Steam Trading Cards,Steam Workshop,Remote Play on Tablet,Remote Play on TV,Family Sharing",True,False,False,Minimum:    Requires a 64-bit processor and operating system    OS:  Windows 10 64bit    Processor:  AMD Ryzen 5 3600 or Intel Core i5-10400F    Memory:  8 GB RAM    Graphics:  NVIDIA GeForce GTX 1650 or Radeon RX 580    DirectX:  Version 11    Network:  Broadband Internet connection    Storage:  115 GB available space,"Funcom,Inflexion Games",Funcom,0.787,False,False,True,True,3.77,2018.0,8.1,Established,8.0,115.0
993090,5667,"2,000,000 .. 5,000,000",22235,2653,Lossless Scaling,game,False,220.0,220.0,0,2018-12-28,"English, Simplified Chinese, French, German, Spanish - Spain, Portuguese - Brazil, Korean, Turkish, Ukrainian, Japanese, Italian, Polish, Portuguese - Portugal, Romanian, Traditional Chinese, Vietnamese, Arabic, Bulgarian, Czech, Indonesian, Croatian, Hebrew, Lithuanian, Persian, Serbian, Hungarian, Danish, Dutch, Swedish, Thai, Finnish, Greek, Norwegian, Georgian, Slovak",,Utilities,,True,False,False,Minimum:    Requires a 64-bit processor and operating system    OS:  Windows 10 version 2004    Graphics:  Modern integrated graphics    DirectX:  Version 11,THS,THS,0.8934,False,False,False,False,1.0,2018.0,7.5,Established,,
1063730,5583,"50,000,000 .. 100,000,000",196798,90080,New World: Aeternum,game,False,0.0,0.0,0,2021-09-28,"English<strong>*</strong>, French<strong>*</strong>, Italian, German<strong>*</strong>, Spanish - Spain<strong>*</strong>, Polish, Portuguese - Brazil<strong>*</strong>, Spanish - Latin America<br><strong>*</strong>languages with full audio support",,"Action,Adventure,Massively Multiplayer,RPG","Multi-player,MMO,PvP,Online PvP,Co-op,Online Co-op,Steam Achievements,In-App Purchases,Adjustable Text Size,Camera Comfort,Chat Speech-to-text,Chat Text-to-speech,Color Alternatives,Custom Volume Controls,Keyboard Only Option,Playable without Timed Input,Save Anytime,Stereo Sound,Subtitle Options,Surround Sound,Partial Controller Support",True,False,False,"Minimum:    Requires a 64-bit processor and operating system    OS:  Windows 10/11 64-bit    Processor:  Intel® Core i5-10500 @ 3.10GHz / AMD Ryzen 3 3300X    Memory:  8 GB RAM    Graphics:  NVIDIA GTX 1060 3 GB / AMD Radeon RX 590    DirectX:  Version 11    Network:  Broadband Internet connection    Storage:  100 GB available space    Additional Notes:  Additional Notes: Internet connection required to play, offers in-game purchases. PC specifications for New World: Aeternum may continue to evolve over time.",Amazon Game Studios,Amazon Game Studios,0.686,True,False,True,False,0.0,2021.0,4.7,Modern,8.0,100.0
2001120,5476,"2,000,000 .. 5,000,000",79546,2012,Split Fiction,game,False,1300.0,2000.0,35,2025-03-06,"English<strong>*</strong>, French<strong>*</strong>, Italian<strong>*</strong>, German<strong>*</strong>, Spanish - Spain<strong>*</strong>, Japanese<strong>*</strong>, Korean, Polish, Portuguese - Brazil, Simplified Chinese<strong>*</strong>, Traditional Chinese<br><strong>*</strong>languages with full audio support",,"Action,Adventure","Multi-player,Co-op,Online Co-op,Shared/Split Screen Co-op,Shared/Split Screen,Cross-Platform Multiplayer,Steam Achievements,Full controller support,Steam Trading Cards,Captions available,Camera Comfort,Color Alternatives,Stereo Sound,Surround Sound,Steam Cloud,Remote Play Together,HDR available,Family Sharing",True,False,False,Minimum:    Requires a 64-bit processor and operating system    OS:  64 bit Windows 10/11    Processor:  Intel Core i5-6600K or AMD Ryzen 5 2600X    Memory:  16 GB RAM    Graphics:  NVIDIA GeForce GTX 970 - 4GB or Radeon RX 470 - 4GB    DirectX:  Version 12    Network:  Broadband Internet connection    Storage:  85 GB available space    Additional Notes:  Resolution: 1920x1080 Native FPS: 30 Graphics Settings Preset: Low,Hazelight Studios,Electronic Arts,0.9753,False,False,True,False,5.91,2025.0,1.3,Recent,16.0,85.0
1172620,5437,"5,000,000 .. 10,000,000",317074,38164,Sea of Thieves: 2026 Edition,game,False,1250.0,1250.0,0,2020-06-03,"English<strong>*</strong>, French, Italian, German, Spanish - Spain, Portuguese - Brazil, Russian, Simplified Chinese, Spanish - Latin America, Traditional Chinese, Korean, Polish, Japanese, Turkish, Thai<br><strong>*</strong>languages with full audio support",,"Action,Adventure","Multi-player,PvP,Online PvP,Co-op,Online Co-op,Cross-Platform Multiplayer,Steam Achievements,Steam Trading Cards,In-App Purchases,Partial Controller Support,Remote Play on Phone,Remote Play on Tablet,Family Sharing",True,False,False,Minimum:    Requires a 64-bit processor and operating system    OS:  Windows 10 version 18362.0 or higher    Processor:  Intel i3 4170 @ 3.7 GHz or AMD FX-6300 @ 3.5 GHz    Memory:  8 GB RAM    Graphics:  Nvidia GeForce GTX 660 or AMD Radeon R9 270    DirectX:  Version 11    Network:  Broadband Internet connection    Storage:  100 GB available space,Rare Ltd,Xbox Game Studios,0.8926,True,False,True,False,5.68,2020.0,6.0,Established,8.0,100.0
1248130,5419,"2,000,000 .. 5,000,000",78110,6402,Farming Simulator 22,game,False,675.0,675.0,0,2021-11-21,"English, French, Italian, German, Spanish - Spain, Czech, Danish, Dutch, Finnish, Hungarian, Japanese, Korean, Polish, Portuguese - Portugal, Portuguese - Brazil, Romanian, Russian, Simplified Chinese, Swedish, Traditional Chinese, Turkish, Norwegian, Spanish - Latin America",,Simulation,"Single-player,Multi-player,Co-op,Online Co-op,Cross-Platform Multiplayer,Steam Achievements,Full controller support,Steam Trading Cards,Steam Cloud,Remote Play on TV,Family Sharing",True,True,False,Minimum:    Requires a 64-bit processor and operating system    OS:  Windows 10 Home (x64)    Processor:  Intel Core i5-3330 or AMD FX-8320 or better    Memory:  8 GB RAM    Graphics:  GeForce GTX 660 or AMD Radeon R7 265 or better (min 2GB VRAM)    DirectX:  Version 11    Network:  Broadband Internet connection    Storage:  35 GB available space    Sound Card:  Sound card    Additional Notes:  These system requirements can´t cover all possible system configurations so issues could occur that influence the functionality in some cases.,Giants Software,Giants Software,0.9242,True,False,True,True,3.07,2021.0,4.6,Modern,8.0,35.0
311210,5414,"5,000,000 .. 10,000,000",181306,33720,Call of Duty®: Black Ops III,game,False,2279.0,2279.0,0,2015-11-05,"English<strong>*</strong>, French<strong>*</strong>, Italian<strong>*</strong>, German<strong>*</strong>, Spanish - Spain<strong>*</strong>, Simplified Chinese, Traditional Chinese, Japanese, Polish, Portuguese - Brazil<strong>*</strong>, Russian<strong>*</strong><br><strong>*</strong>languages with full audio support",73.0,"Action,Adventure","Single-player,Multi-player,Co-op,Shared/Split Screen,Steam Achievements,Full controller support,Steam Trading Cards,Steam Workshop,Valve Anti-Cheat enabled,Steam Leaderboards,Remote Play on Phone,Remote Play on Tablet,Remote Play on TV,Remote Play Together,Family Sharing",True,True,False,Minimum:     OS *:  Windows 7 64-Bit / Windows 8 64-Bit / Windows 8.1 64-Bit    Processor:  Intel® Core™ i3-530 @ 2.93 GHz / AMD Phenom™ II X4 810 @ 2.60 GHz    Memory:  6 GB RAM    Graphics:  NVIDIA® GeForce® GTX 470 @ 1GB / ATI® Radeon™ HD 6970 @ 1GB    DirectX:  Version 11    Network:  Broadband Internet connection    Storage:  100 GB available space    Sound Card:  DirectX Compatible,"Treyarch,Aspyr (Mac)","Activision,Aspyr (Mac)",0.8432,False,False,True,True,10.36,2015.0,10.6,Classic,6.0,100.0
233860,5412,"2,000,000 .. 5,000,000",93712,4423,Kenshi,game,False,619.0,619.0,0,2018-12-06,"English<strong>*</strong>, Spanish - Spain<strong>*</strong>, Portuguese - Brazil<strong>*</strong>, Japanese<strong>*</strong>, German<strong>*</strong>, Russian<strong>*</strong>, French<strong>*</strong>, Simplified Chinese<strong>*</strong>, Korean<strong>*</strong><br><strong>*</strong>languages with full audio support",75.0,"Action,Indie,RPG,Simulation,Strategy","Single-player,Steam Trading Cards,Steam Workshop,Includes level editor,Family Sharing",True,False,False,Minimum:    OS:64-bit Windows   Processor:Dual-core 64-bit   Memory:6 GB RAM   Graphics:Pixel shader 5.0 capable card   DirectX®:11   Hard Drive:14GB HD space,Lo-Fi Games,Lo-Fi Games,0.9549,False,True,False,True,2.81,2018.0,7.5,Established,6.0,
949230,5392,"2,000,000 .. 5,000,000",38697,34827,Cities: Skylines II,game,False,1210.0,1729.0,30,2023-10-24,"English, French, Italian, German, Japanese, Korean, Polish, Russian, Simplified Chinese, Portuguese - Brazil, Traditional Chinese, Spanish - Spain",,Simulation,"Single-player,Steam Achievements,Full controller support,Steam Cloud,Family Sharing",True,False,False,Minimum:    Requires a 64-bit processor and operating system    OS:  Windows® 10 Home 64 Bit    Processor:  Intel® Core™ i7-6700K | AMD® Ryzen™ 5 2600X    Memory:  8 GB RAM    Graphics:  Nvidia® GeForce™ GTX 970 (4 GB)  | AMD® Radeon™ RX 480 (8 GB)    Storage:  60 GB available space,"Iceflake Studios,Colossal Order",Paradox Interactive,0.5263,False,False,False,True,5.5,2023.0,2.7,Modern,8.0,60.0
3059520,5272,"100,000 .. 200,000",1853,235,F1® 25,game,False,2000.0,2000.0,0,2025-05-30,"English<strong>*</strong>, French<strong>*</strong>, Italian<strong>*</strong>, German<strong>*</strong>, Spanish - Spain<strong>*</strong>, Dutch<strong>*</strong>, Japanese<strong>*</strong>, Polish, Portuguese - Brazil<strong>*</strong>, Simplified Chinese<strong>*</strong>, Spanish - Latin America<strong>*</strong><br><strong>*</strong>languages with full audio support",,"Racing,Sports","Single-player,Multi-player,PvP,Online PvP,LAN PvP,Shared/Split Screen PvP,Co-op,Online Co-op,LAN Co-op,Shared/Split Screen Co-op,Shared/Split Screen,Cross-Platform Multiplayer,Steam Achievements,Full controller support,VR Supported,Steam Workshop,In-App Purchases,Adjustable Difficulty,Keyboard Only Option,Playable without Timed Input,Stereo Sound,Surround Sound,Steam Cloud,HDR available,Family Sharing",True,False,False,"Minimum:    Requires a 64-bit processor and operating system    OS:  Windows 10 64-bit Version 21H1 or newer    Processor:  Intel Core i5-6400 | Core i5-9600k (VR) or AMD Ryzen 3 1200 | Ryzen 5 2600X (VR)    Memory:  8 GB RAM    Graphics:  NVIDIA GTX 1060 (6GB) | GTX 1660Ti (VR) | RTX 2060 (RT) // AMD RX 570 (8GB) | RX 590 (VR) | 6700XT (RT) // Intel Arc A380 (VR/RT)    DirectX:  Version 12    Network:  Broadband Internet connection    Storage:  100 GB available space    Sound Card:  DirectX Compatible    VR Support:  Meta Quest 3 + Link // Meta Quest 2 + Link // Oculus Rift S // HTC Cosmos // HTC Vive Pro // Valve Index // HP Reverb G2    Additional Notes:  CPU: AVX2, 4 cores @ 2.2Ghz or greater // GPU: Shader Model 6.6 or newer // Network: 1Mbps up with &lt; 60ms ping",Codemasters,Electronic Arts,0.8875,True,False,True,True,9.09,2025.0,1.1,Recent,8.0,100.0
548430,5216,"5,000,000 .. 10,000,000",333587,9413,Deep Rock Galactic,game,False,839.0,839.0,0,2020-05-13,"English<strong>*</strong>, French, German, Spanish - Spain, Polish, Portuguese - Brazil, Russian, Simplified Chinese, Traditional Chinese, Ukrainian, Italian, Japanese, Korean, Turkish, Spanish - Latin America, Hungarian, Romanian<br><strong>*</strong>languages with full audio support",85.0,Action,"Single-player,Multi-player,Co-op,Online Co-op,Steam Achievements,Full controller support,Steam Trading Cards,Captions available,Camera Comfort,Color Alternatives,Custom Volume Controls,Adjustable Difficulty,Playable without Timed Input,Stereo Sound,Subtitle Options,Steam Cloud,Remote Play on Tablet,Remote Play on TV,Family Sharing",True,False,False,"Minimum:    Requires a 64-bit processor and operating system    OS *:  Windows 7 64 Bit    Processor:  Intel i5, 3rd gen (or equivalent)    Memory:  6 GB RAM    Graphics:  NVIDIA GeForce GTX 660 or AMD Radeon HD 7870    DirectX:  Version 11    Network:  Broadband Internet connection    Storage:  3 GB available space",Ghost Ship Games,Coffee Stain Publishing,0.9726,True,False,True,True,3.81,2020.0,6.1,Established,6.0,3.0
1812620,5121,"500,000 .. 1,000,000",3667,1706,DSX,game,False,279.0,279.0,0,2022-06-24,"English, French, Italian, German, Arabic, Bulgarian, Danish, Dutch, Finnish, Hungarian, Korean, Norwegian, Polish, Portuguese - Brazil, Romanian, Russian, Simplified Chinese, Spanish - Latin America, Swedish, Thai, Traditional Chinese, Turkish, Ukrainian, Greek, Japanese, Portuguese - Portugal, Vietnamese",,"Action,Adventure,Indie,Simulation,Utilities","Single-player,Steam Achievements,Steam Workshop,Partial Controller Support,Steam Cloud",True,False,False,"Minimum:    Requires a 64-bit processor and operating system    OS:  Windows 10    Processor:  x64    Network:  Broadband Internet connection    Storage:  600 MB available space    Additional Notes:  An internet connection is required for ownership verification, firmware update checks, and driver downloads. However, a 4-week caching system allows offline use without needing internet access.",Paliverse,Paliverse,0.6825,True,True,False,True,1.27,2022.0,4.0,Modern,,
2195250,5110,"5,000,000 .. 10,000,000",63281,46293,EA SPORTS FC™ 24,game,False,0.0,0.0,0,2023-09-28,"English<strong>*</strong>, French<strong>*</strong>, Italian<strong>*</strong>, German<strong>*</strong>, Spanish - Spain<strong>*</strong>, Japanese<strong>*</strong>, Korean, Polish<strong>*</strong>, Portuguese - Brazil<strong>*</strong>, Simplified Chinese<strong>*</strong>, Spanish - Latin America<strong>*</strong>, Traditional Chinese, Arabic<strong>*</strong>, Czech, Danish, Dutch<strong>*</strong>, Norwegian, Portuguese - Portugal, Russian<strong>*</strong>, Swedish, Turkish<br><strong>*</strong>languages with full audio support",,"Simulation,Sports","Single-player,Multi-player,PvP,Online PvP,Shared/Split Screen PvP,Co-op,Online Co-op,Shared/Split Screen Co-op,Shared/Split Screen,Cross-Platform Multiplayer,Steam Achievements,Full controller support,In-App Purchases,Adjustable Difficulty,Keyboard Only Option,Stereo Sound,Remote Play Together,HDR available",True,False,False,Minimum:     OS:  Windows 10 - 64-Bit (Latest Update)    Processor:  Intel Core i5-6600K @ 3.50GHz or AMD Ryzen 5 1600 @ 3.2 GHZ    Memory:  8 GB RAM    Graphics:  NVIDIA GeForce GTX 1050 Ti 4GB or AMD Radeon RX 570 4GB    DirectX:  Version 12    Network:  Broadband Internet connection    Storage:  100 GB available space    Additional Notes:  DirectX: 12 Compatible video card or equivalent (feature level 12_0),"EA Canada,EA Romania",Electronic Arts,0.5775,True,False,True,True,0.0,2023.0,2.7,Modern,8.0,100.0
286160,5021,"2,000,000 .. 5,000,000",66735,3925,Tabletop Simulator,game,False,595.0,595.0,0,2015-06-05,English,,"Casual,Indie,RPG,Simulation,Strategy","Single-player,Multi-player,PvP,Online PvP,Shared/Split Screen PvP,Co-op,Online Co-op,Shared/Split Screen Co-op,Shared/Split Screen,Cross-Platform Multiplayer,Steam Achievements,Full controller support,Tracked Controller Support,VR Supported,Steam Trading Cards,Steam Workshop,Steam Cloud,Includes level editor,Remote Play Together,Family Sharing",True,True,True,Minimum:    Requires a 64-bit processor and operating system    OS:  Windows 10 64-bit 21H1+.    Processor:  SSE2 instruction set support.    Memory:  4 GB RAM    Graphics:  Graphics card with DX10 (shader model 4.0) capabilities.    DirectX:  Version 10    Network:  Broadband Internet connection    Storage:  3 GB available space    VR Support:  SteamVR,Berserk Games,Berserk Games,0.9445,False,True,True,True,2.7,2015.0,11.0,Classic,4.0,3.0
1426210,5018,"5,000,000 .. 10,000,000",208042,10341,It Takes Two,game,False,510.0,1700.0,70,2021-03-25,"English<strong>*</strong>, French<strong>*</strong>, Italian, German<strong>*</strong>, Spanish - Spain<strong>*</strong>, Japanese<strong>*</strong>, Korean, Polish, Portuguese - Brazil, Russian, Simplified Chinese, Traditional Chinese<br><strong>*</strong>languages with full audio support",89.0,"Action,Adventure","Multi-player,Co-op,Online Co-op,Shared/Split Screen Co-op,Shared/Split Screen,Steam Achievements,Full controller support,Steam Trading Cards,Stereo Sound,Surround Sound,Steam Cloud,Remote Play Together",True,False,False,Minimum:    Requires a 64-bit processor and operating system    OS *:  Windows 8.1 64-bit or Windows 10 64-bit    Processor:  Intel Core i3-2100T or AMD FX 6100    Memory:  8 GB RAM    Graphics:  Nvidia GeForce GTX 660 or AMD R7 260x    DirectX:  Version 11    Network:  Broadband Internet connection    Storage:  50 GB available space,Hazelight Studios,Electronic Arts,0.9526,False,False,True,False,2.32,2021.0,5.2,Established,8.0,50.0
1687950,4994,"2,000,000 .. 5,000,000",99657,3487,Persona 5 Royal,game,False,1899.0,1899.0,0,2022-10-20,"English<strong>*</strong>, French, Italian, German, Spanish - Spain, Japanese<strong>*</strong>, Korean, Simplified Chinese, Traditional Chinese<br><strong>*</strong>languages with full audio support",95.0,RPG,"Single-player,Steam Achievements,Full controller support,Steam Trading Cards,Steam Cloud,Family Sharing",True,False,False,"Minimum:    Requires a 64-bit processor and operating system    OS:  Windows 10    Processor:  Intel Core i7-4790, 3.4 GHz | AMD Ryzen 5 1500X, 3.5 GHz    Memory:  8 GB RAM    Graphics:  Nvidia GeForce GTX 650 Ti, 2 GB | AMD Radeon R7 360, 2 GB    DirectX:  Version 11    Storage:  41 GB available space    Additional Notes:  Low 720p @ 60 FPS. Requires a CPU which supports the AVX and SSE4.2 instruction set. Microsoft no longer supports Windows 10 or older versions.",ATLUS,SEGA,0.9662,False,False,False,True,8.63,2022.0,3.7,Modern,8.0,41.0
2437170,4975,"500,000 .. 1,000,000",8257,6096,SMITE 2,game,True,0.0,0.0,0,2024-08-27,"English<strong>*</strong>, French, German, Japanese, Polish, Portuguese - Brazil, Russian, Simplified Chinese, Turkish, Spanish - Latin America, Ukrainian<br><strong>*</strong>languages with full audio support",,"Action,Adventure,Casual,Massively Multiplayer,RPG,Strategy,Free To Play,Early Access","Multi-player,PvP,Online PvP,Co-op,Online Co-op,Cross-Platform Multiplayer,Steam Achievements,Full controller support,In-App Purchases,Family Sharing",True,False,False,Minimum:    Requires a 64-bit processor and operating system    OS:  Windows 10 64-bit    Processor:  Intel Core i5-9400F / AMD Ryzen 4500U    Memory:  8 GB RAM    Graphics:  NVIDIA GTX 1630 / AMD RX 6400 / Intel Arc A380    Storage:  30 GB available space,Titan Forge Games,Hi-Rez Studios,0.5753,True,False,True,False,0.0,2024.0,1.8,Recent,8.0,30.0
239140,4953,"10,000,000 .. 20,000,000",435687,21945,Dying Light,game,False,749.0,749.0,0,2015-01-26,"English<strong>*</strong>, French<strong>*</strong>, Italian<strong>*</strong>, German<strong>*</strong>, Spanish - Spain<strong>*</strong>, Dutch, Polish<strong>*</strong>, Portuguese - Brazil<strong>*</strong>, Russian, Korean, Simplified Chinese, Spanish - Latin America, Japanese, Thai, Traditional Chinese, Turkish, Czech<br><strong>*</strong>languages with full audio support",87.0,"Action,RPG","Single-player,Multi-player,PvP,Online PvP,Co-op,Online Co-op,Steam Achievements,Full controller support,Steam Trading Cards,Steam Workshop,Steam Cloud,Valve Anti-Cheat enabled,Includes level editor,Remote Play on Tablet,Remote Play on TV,Family Sharing",True,True,True,"MINIMUM:     OS *:  Windows® 7 64-bit / Windows® 8 64-bit / Windows® 8.1 64-bit 	   Processor:  Intel® Core™ i5-2500 @3.3 GHz / AMD FX-8320 @3.5 GHz 	   Memory:  4 GB RAM DDR3 	   Hard Drive:  40 GB free space 	   Graphics:  NVIDIA® GeForce® GTX 560 / AMD Radeon™ HD 6870 (1GB VRAM)            DirectX®:  Version 11            Sound:  DirectX® compatible            Additional Notes:  Laptop versions of graphics cards may work but are NOT officially supported.  Windows-compatible keyboard, mouse, optional controller (Xbox 360 Controller for Windows recommended)",Techland,Techland,0.952,True,False,True,True,3.4,2015.0,11.4,Classic,4.0,
367520,4912,"5,000,000 .. 10,000,000",403641,12305,Hollow Knight,game,False,455.0,455.0,0,2017-02-24,"English<strong>*</strong>, French<strong>*</strong>, German<strong>*</strong>, Spanish - Spain<strong>*</strong>, Korean<strong>*</strong>, Simplified Chinese<strong>*</strong>, Italian<strong>*</strong>, Portuguese - Brazil<strong>*</strong>, Russian<strong>*</strong>, Japanese<strong>*</strong>, Traditional Chinese<strong>*</strong><br><strong>*</strong>languages with full audio support",87.0,"Action,Adventure,Indie","Single-player,Steam Achievements,Full controller support,Steam Trading Cards,Steam Cloud,Remote Play on Phone,Remote Play on Tablet,Remote Play on TV,Family Sharing",True,True,True,"Minimum:    Requires a 64-bit processor and operating system    OS:  Windows 10 version 21H1 (build 19043) or newer    Processor:  Intel Core i3-3240, AMD FX-4300    Memory:  4 GB RAM    Graphics:  GeForce GTX 560 Ti (1GB), Radeon HD 7750 (1GB)    DirectX:  Version 10    Storage:  9 GB available space",Team Cherry,Team Cherry,0.9704,False,True,False,True,2.07,2017.0,9.3,Established,4.0,9.0
1293830,4864,"5,000,000 .. 10,000,000",263942,26975,Forza Horizon 4,game,False,0.0,0.0,0,2021-03-09,"English<strong>*</strong>, French<strong>*</strong>, Italian, German<strong>*</strong>, Spanish - Spain, Czech, Hungarian, Japanese, Korean, Polish, Portuguese - Brazil<strong>*</strong>, Russian, Simplified Chinese, Spanish - Latin America<strong>*</strong>, Traditional Chinese, Turkish<br><strong>*</strong>languages with full audio support",,Racing,"Single-player,Multi-player,PvP,Online PvP,Co-op,Online Co-op,Cross-Platform Multiplayer,Steam Achievements,Full controller support,Steam Trading Cards,Steam Cloud,Family Sharing",True,False,False,Minimum:    Requires a 64-bit processor and operating system    OS:  Windows 10 version 15063.0 or higher    Processor:  Intel i3-4170 @ 3.7Ghz OR Intel i5 750 @ 2.67Ghz    Memory:  8 GB RAM    Graphics:  NVidia 650TI OR AMD R7 250x    DirectX:  Version 12    Network:  Broadband Internet connection    Storage:  80 GB available space,Playground Games,Xbox Game Studios,0.9073,True,False,True,True,0.0,2021.0,5.3,Established,8.0,80.0
359320,4845,"2,000,000 .. 5,000,000",77388,22636,Elite Dangerous,game,False,595.0,595.0,0,2015-04-02,"English<strong>*</strong>, French, German, Russian, Spanish - Spain, Portuguese - Brazil<br><strong>*</strong>languages with full audio support",80.0,"Action,Adventure,Massively Multiplayer,RPG,Simulation,Strategy","Single-player,Multi-player,MMO,Co-op,VR Supported,VR Support,In-App Purchases,Partial Controller Support,Remote Play on Tablet,Family Sharing",True,False,False,Minimum:     OS *:  Windows 8/10 64-bit    Processor:  Quad Core CPU (4 x 2Ghz)    Memory:  6 GB RAM    Graphics:  Nvidia GTX 470/AMD R7 240    DirectX:  Version 11    Network:  Broadband Internet connection    Storage:  25 GB available space    VR Support:  SteamVR. Keyboard or gamepad required,Frontier Developments,Frontier Developments,0.7737,False,False,True,True,2.7,2015.0,11.2,Classic,6.0,25.0
544810,4796,"2,000,000 .. 5,000,000",28543,10136,KARDS - The WW2 Card Game,game,True,0.0,0.0,0,2020-04-15,"English<strong>*</strong>, French<strong>*</strong>, German<strong>*</strong>, Polish<strong>*</strong>, Portuguese - Brazil<strong>*</strong>, Russian<strong>*</strong>, Simplified Chinese<strong>*</strong>, Italian<strong>*</strong>, Spanish - Spain<strong>*</strong>, Portuguese - Portugal<strong>*</strong>, Spanish - Latin America<strong>*</strong>, Traditional Chinese<strong>*</strong>, Korean<strong>*</strong>, Japanese<strong>*</strong><br><strong>*</strong>languages with full audio support",80.0,"Casual,Indie,Strategy,Free To Play","Single-player,Multi-player,PvP,Online PvP,In-App Purchases,Remote Play on Tablet,Family Sharing",True,False,False,Minimum:    Requires a 64-bit processor and operating system    OS:  Windows 10 64-bit    Processor:  Core i3-3225 3.3 GHz    Memory:  8 GB RAM    Graphics:  Intel HD 4000 on PC; AMD Radeon Vega 8    DirectX:  Version 11    Storage:  5 GB available space    Additional Notes:  Not recommended for Intel integrated graphics,1939 Games,1939 Games,0.7379,True,True,True,True,0.0,2020.0,6.2,Established,8.0,5.0
2709570,4704,"2,000,000 .. 5,000,000",63994,3441,Supermarket Together,game,True,0.0,0.0,0,2024-08-09,"English, French, Italian, German, Spanish - Spain, Japanese, Korean, Simplified Chinese, Traditional Chinese, Czech, Polish, Portuguese - Brazil, Russian, Ukrainian",,"Casual,Indie,Simulation,Free To Play","Single-player,Multi-player,Co-op,Online Co-op,Steam Achievements,Steam Cloud,Family Sharing",True,False,False,Minimum:     OS:  Windows 10    Processor:  Intel Core i5    Memory:  8 GB RAM    Graphics:  GTX 960 or equivalent    DirectX:  Version 12    Storage:  7 GB available space    Additional Notes:  Performance will ultimately depend on how many props are used to decorate the shop as this game doesn't limit the amount of decoration or lighting.,DeadDevsTellNoLies,DeadDevsTellNoLies,0.949,False,True,True,True,0.0,2024.0,1.9,Recent,8.0,7.0
648800,4701,"10,000,000 .. 20,000,000",323198,23161,Raft,game,False,667.0,667.0,0,2022-06-20,"English<strong>*</strong>, French, Italian, German, Spanish - Spain, Japanese, Korean, Polish, Portuguese - Brazil, Russian, Simplified Chinese, Swedish<br><strong>*</strong>languages with full audio support",,"Adventure,Indie,Simulation","Single-player,Multi-player,Co-op,Online Co-op,Steam Achievements,Steam Cloud,Family Sharing",True,False,False,Minimum:    Requires a 64-bit processor and operating system    OS *:  Windows 7 or later    Processor:  Intel Core i5 2.6GHz or similar    Memory:  6 GB RAM    Graphics:  GeForce GTX 700 series or similar    DirectX:  Version 11    Network:  Broadband Internet connection    Storage:  10 GB available space    Additional Notes:  64-bit operating system is required,Redbeet Interactive,Axolot Games,0.9331,False,True,True,True,3.03,2022.0,4.0,Modern,6.0,10.0
700330,4696,"5,000,000 .. 10,000,000",195923,18386,SCP: Secret Laboratory,game,True,0.0,0.0,0,2017-12-29,"English<strong>*</strong>, Polish, Italian, German, Spanish - Spain, Czech, Russian, French, Traditional Chinese, Korean, Simplified Chinese, Spanish - Latin America, Serbian, Portuguese - Brazil, Vietnamese, Catalan, Turkish, Galician<br><strong>*</strong>languages with full audio support",,"Action,Casual,Indie,RPG,Free To Play","Multi-player,PvP,Online PvP,Steam Achievements,Steam Cloud,Valve Anti-Cheat enabled,Family Sharing",True,False,False,"Minimum:    Requires a 64-bit processor and operating system    OS:  Windows 10 21H1+/11, x64    Processor:  Intel I5 6600 or equivalent, 4 threads, x86-64-v2 or higher     Memory:  4 GB RAM    Graphics:  NVIDIA GTX 1050 Ti or equivalent, 4GB VRAM, Intel Integrated Graphics not supported    DirectX:  Version 11    Network:  Broadband Internet connection    Storage:  8 GB available space    Sound Card:  Microphone required for Voice Chat    Additional Notes:  DirectX 12/Vulkan optionally supported",Northwood Studios,Northwood Studios,0.9142,True,True,True,False,0.0,2017.0,8.5,Established,4.0,8.0
238960,4694,"20,000,000 .. 50,000,000",209822,25269,Path of Exile,game,True,0.0,0.0,0,2013-10-23,"English<strong>*</strong>, Portuguese - Brazil, Russian, Thai, French, German, Spanish - Spain, Japanese, Korean<br><strong>*</strong>languages with full audio support",86.0,"Action,Adventure,Indie,Massively Multiplayer,RPG,Free To Play","Single-player,Multi-player,MMO,PvP,Online PvP,Co-op,Online Co-op,Steam Achievements,Full controller support,Steam Trading Cards,In-App Purchases,Remote Play on Tablet",True,True,False,Minimum:     OS:  Windows 10    Processor:  Quad core 2.6GHz x86-compatible    Memory:  8 GB RAM    Graphics:  NVIDIA® GeForce® GTX 650 Ti or ATI Radeon™ HD 7850    DirectX:  Version 11    Network:  Broadband Internet connection    Storage:  40 GB available space,Grinding Gear Games,Grinding Gear Games,0.8925,False,True,True,True,0.0,2013.0,12.7,Classic,8.0,40.0
529340,4609,"1,000,000 .. 2,000,000",35043,17575,Victoria 3,game,False,1729.0,1729.0,0,2022-10-25,"English, French, German, Spanish - Spain, Japanese, Korean, Polish, Portuguese - Brazil, Russian, Simplified Chinese, Turkish",,"Simulation,Strategy","Single-player,Multi-player,PvP,Online PvP,Cross-Platform Multiplayer,Steam Achievements,Steam Workshop,Color Alternatives,Custom Volume Controls,Adjustable Difficulty,Keyboard Only Option,Mouse Only Option,Playable without Timed Input,Save Anytime,Stereo Sound,Surround Sound,Steam Cloud,Family Sharing",True,True,True,Minimum:     OS:  Windows® 10 Home 64 Bit    Processor:  Intel® Core™ i5-3470  |  AMD® FX™ 9370 (AVX support required)    Memory:  8 GB RAM    Graphics:  Nvidia® GeForce™ GTX 660 (2GB)  |  AMD® Radeon™ R7 370 (2GB) or Intel® Iris® Xe Graphics or AMD® Radeon™ Vega 8    Storage:  10 GB available space,Paradox Development Studio,Paradox Interactive,0.666,False,False,True,True,7.86,2022.0,3.7,Modern,8.0,10.0
1267910,4551,"500,000 .. 1,000,000",13146,1392,Melvor Idle,game,False,310.0,310.0,0,2021-11-18,"English, French, Italian, German, Spanish - Spain, Japanese, Korean, Portuguese - Portugal, Portuguese - Brazil, Russian, Simplified Chinese, Traditional Chinese, Turkish",,"Adventure,Casual,Indie,RPG","Single-player,Steam Achievements,Steam Trading Cards,Family Sharing",True,True,True,"Minimum:    Requires a 64-bit processor and operating system    OS *:  Windows 7 and later are supported, older operating systems are not supported (and do not work)    Processor:  An Intel Pentium 4 processor or later that's SSE2 capable    Memory:  512 MB RAM    Graphics:  Intel Integrated Graphics    Network:  Broadband Internet connection    Storage:  200 MB available space    Sound Card:  N/A",Games by Malcs,Jagex Ltd,0.9043,False,True,False,True,1.41,2021.0,4.6,Modern,,
431730,4541,"1,000,000 .. 2,000,000",21620,198,Aseprite,game,False,667.0,667.0,0,2016-02-22,"English, French, Italian, German, Korean, Russian, Simplified Chinese, Spanish - Latin America, Arabic, Dutch, Japanese, Portuguese - Portugal, Turkish, Afrikaans, Hungarian, Indonesian, Norwegian, Catalan, Thai",,"Animation & Modeling,Design & Illustration,Game Development",,True,True,True,"Minimum:     OS:  Windows 10, 11    Memory:  128 MB RAM    Storage:  80 MB available space",Igara Studio,Igara Studio,0.9909,True,False,False,False,3.03,2016.0,10.3,Classic,,
232090,4508,"2,000,000 .. 5,000,000",111325,15541,Killing Floor 2,game,False,619.0,619.0,0,2016-11-18,"English<strong>*</strong>, French<strong>*</strong>, Italian, German<strong>*</strong>, Spanish - Spain<strong>*</strong>, Polish, Russian<strong>*</strong>, Portuguese - Brazil, Japanese<strong>*</strong>, Simplified Chinese, Korean, Traditional Chinese<br><strong>*</strong>languages with full audio support",75.0,Action,"Single-player,Multi-player,PvP,Online PvP,Co-op,Online Co-op,Steam Achievements,Full controller support,Steam Trading Cards,Steam Workshop,In-App Purchases,Valve Anti-Cheat enabled,Includes level editor,Remote Play on Tablet,Remote Play on TV,Family Sharing",True,False,False,"Minimum:    Requires a 64-bit processor and operating system    OS *:  Win7 64-bit, Win8/8.1 64-bit    Processor:  Core 2 Duo E8200 2.66GHz or Phenom II X2 545    Memory:  3 GB RAM    Graphics:  GeForce GTS 250 or Radeon HD 4830    DirectX:  Version 10    Network:  Broadband Internet connection    Storage:  80 GB available space    Additional Notes:  UNSUPPORTED HARDWARE: IntelHD Integrated Graphics Chips, 32-bit Operating Systems, NVIDIA ® FleX features require a GeForce ® GTX™ 770  or higher (GeForce ® GTX™ 980 recommended)",Tripwire Interactive,Tripwire Interactive,0.8775,False,False,True,True,2.81,2016.0,9.6,Established,3.0,80.0
779340,4507,"5,000,000 .. 10,000,000",74951,28794,Total War: THREE KINGDOMS,game,False,1249.0,1249.0,0,2019-05-23,"English<strong>*</strong>, French<strong>*</strong>, Italian, German<strong>*</strong>, Spanish - Spain, Czech, Korean<strong>*</strong>, Polish, Portuguese - Brazil, Russian<strong>*</strong>, Simplified Chinese<strong>*</strong>, Traditional Chinese, Turkish<br><strong>*</strong>languages with full audio support",85.0,"Action,Strategy","Single-player,Multi-player,PvP,Online PvP,LAN PvP,Co-op,Online Co-op,LAN Co-op,Steam Achievements,Steam Trading Cards,Camera Comfort,Color Alternatives,Custom Volume Controls,Adjustable Difficulty,Playable without Timed Input,Save Anytime,Stereo Sound,Surround Sound,Steam Cloud,Family Sharing",True,True,True,Minimum:    Requires a 64-bit processor and operating system    OS *:  Windows 7 64 Bit    Processor:  Intel Core 2 Duo 3.00Ghz    Memory:  4 GB RAM    Graphics:  GTX 650 Ti 1GB|HD 7850 1GB|Intel UHD Graphics 620    DirectX:  Version 11    Storage:  60 GB available space    Additional Notes:  6GB Memory if using integrated GPU.,"CREATIVE ASSEMBLY,Feral Interactive (Mac),Feral Interactive (Linux)","SEGA,Feral Interactive (Mac),Feral Interactive (Linux)",0.7225,False,False,True,True,5.68,2019.0,7.1,Established,4.0,60.0
1118200,4505,"5,000,000 .. 10,000,000",277746,4017,People Playground,game,False,229.0,229.0,0,2019-07-23,English,,"Action,Casual,Indie,Simulation","Single-player,Steam Achievements,Steam Trading Cards,Steam Workshop,Steam Cloud,Family Sharing",True,False,False,Minimum:     OS *:  Windows 7 SP2+    Processor:  2 GHz    Memory:  4 GB RAM    Graphics:  Graphics card with DX10 (shader model 4.0) capabilities    DirectX:  Version 10    Storage:  350 MB available space,mestiez,Studio Minus,0.9857,False,True,False,True,1.04,2019.0,6.9,Established,4.0,
1326470,4450,"10,000,000 .. 20,000,000",222495,31051,Sons Of The Forest,game,False,885.0,885.0,0,2024-02-22,"English<strong>*</strong>, French, Italian, German, Spanish - Spain, Czech, Finnish, Japanese, Korean, Polish, Portuguese - Brazil, Russian, Simplified Chinese, Swedish, Traditional Chinese, Turkish<br><strong>*</strong>languages with full audio support",,"Action,Adventure,Indie,Simulation","Single-player,Multi-player,Co-op,Online Co-op,Steam Achievements,Full controller support,Steam Cloud,Family Sharing",True,False,False,Minimum:    Requires a 64-bit processor and operating system    OS:  64-bit Windows 10    Processor:  INTEL CORE I5-8400 or AMD RYZEN 3 3300X    Memory:  12 GB RAM    Graphics:  NVIDIA GeForce GTX 1060 3GB or AMD Radeon RX 570 4GB    DirectX:  Version 11    Storage:  20 GB available space    Additional Notes:  SSD (Preferred),Endnight Games Ltd,Newnight ,0.8775,False,True,True,True,4.02,2024.0,2.3,Modern,12.0,20.0
1778820,4409,"1,000,000 .. 2,000,000",33020,28048,TEKKEN 8,game,False,1249.0,1249.0,0,2024-01-25,"English<strong>*</strong>, French, Italian, German, Spanish - Spain, Arabic, Japanese, Korean, Portuguese - Brazil, Simplified Chinese, Traditional Chinese, Polish, Russian, Thai, Spanish - Latin America<br><strong>*</strong>languages with full audio support",91.0,Action,"Single-player,Multi-player,PvP,Online PvP,Shared/Split Screen PvP,Shared/Split Screen,Steam Achievements,Steam Trading Cards,Partial Controller Support,Steam Cloud,Family Sharing",True,False,False,Minimum:    Requires a 64-bit processor and operating system    OS:  Windows 10 64-Bit    Processor:  Intel Core i5-6600K/AMD Ryzen 5 1600    Memory:  8 GB RAM    Graphics:  Nvidia GeForce GTX 1050Ti/AMD Radeon R9 380X    DirectX:  Version 12    Network:  Broadband Internet connection    Storage:  100 GB available space    Sound Card:  DirectX compatible soundcard/Onboard chipset    Additional Notes:  *&quot;FPS (frame rate/second): Stable over 60&quot; is guaranteed and selected under the graphic settings by default when the game is launched for the first time.*Frame rate may drop when other applications are running in the background.*Please note that minimum and recommended specifications are subjected to changes without notice.,Bandai Namco Studios Inc.,Bandai Namco Entertainment,0.5407,True,False,True,True,5.68,2024.0,2.4,Modern,8.0,100.0
2531310,4405,"500,000 .. 1,000,000",22421,2353,The Last of Us™ Part II Remastered,game,False,1799.0,1799.0,0,2025-04-03,"English<strong>*</strong>, French<strong>*</strong>, Italian<strong>*</strong>, German<strong>*</strong>, Spanish - Spain<strong>*</strong>, Czech, Danish, Dutch, Finnish, Greek<strong>*</strong>, Hungarian, Japanese<strong>*</strong>, Korean, Norwegian, Polish<strong>*</strong>, Portuguese - Brazil<strong>*</strong>, Portuguese - Portugal<strong>*</strong>, Russian<strong>*</strong>, Simplified Chinese, Spanish - Latin America<strong>*</strong>, Swedish, Thai, Traditional Chinese, Turkish<strong>*</strong>, Croatian<br><strong>*</strong>languages with full audio support",,"Action,Adventure","Single-player,Steam Achievements,Full controller support,Adjustable Text Size,Camera Comfort,Color Alternatives,Custom Volume Controls,Adjustable Difficulty,Narrated Game Menus,Save Anytime,Stereo Sound,Subtitle Options,Surround Sound,Steam Cloud,HDR available,Family Sharing",True,False,False,"Minimum:    Requires a 64-bit processor and operating system    OS:  Windows 10/11 64-bit (version 1909 or higher)    Processor:  Intel Core i3-8100, AMD Ryzen 3 1300X    Memory:  16 GB RAM    Graphics:  NVIDIA GeForce GTX 1650, AMD Radeon RX 5500XT    Storage:  150 GB available space    Additional Notes:  SSD Required","Naughty Dog LLC,Nixxes Software,Iron Galaxy Studios",PlayStation Publishing LLC,0.905,True,False,False,True,8.18,2025.0,1.2,Recent,16.0,150.0
1594320,4404,"200,000 .. 500,000",6737,417,Captain of Industry,game,False,1030.0,1030.0,0,2022-05-31,"English, French, German, Spanish - Spain, Czech, Dutch, Swedish, Italian, Russian, Simplified Chinese, Japanese, Korean, Polish, Portuguese - Brazil, Hungarian, Catalan, Estonian, Turkish, Traditional Chinese, Ukrainian",,"Indie,Simulation,Strategy,Early Access","Single-player,Adjustable Text Size,Camera Comfort,Custom Volume Controls,Adjustable Difficulty,Mouse Only Option,Playable without Timed Input,Save Anytime,Stereo Sound,Steam Cloud,Includes level editor,Family Sharing",True,False,False,"Minimum:    Requires a 64-bit processor and operating system    OS:  Windows 10 or newer    Processor:  Dual-core CPU @3.0 GHz    Memory:  4 GB RAM    Graphics:  Dedicated graphics card, GTX 770 2GB    Storage:  3 GB available space    Sound Card:  DirectX compatible",MaFi Games,MaFi Games,0.9417,False,True,False,True,4.68,2022.0,4.1,Modern,4.0,3.0
1569580,4395,"200,000 .. 500,000",7306,1096,Blue Prince,game,False,885.0,885.0,0,2025-04-10,English<strong>*</strong><br><strong>*</strong>languages with full audio support,92.0,"Adventure,Indie,Strategy","Single-player,Steam Achievements,Full controller support,Steam Cloud,Family Sharing",True,True,False,"Minimum:    Requires a 64-bit processor and operating system    OS:  Windows 10/11, 64-bits    Processor:  i5-2300/Ryzen 3 1200    Memory:  16 GB RAM    Graphics:  NVIDIA GeForce GTX 1060/AMD RX580    DirectX:  Version 11    Storage:  6 GB available space",Dogubomb,Raw Fury,0.8696,False,True,False,True,4.02,2025.0,1.2,Recent,16.0,6.0
374320,4381,"5,000,000 .. 10,000,000",390326,23449,DARK SOULS™ III,game,False,1799.0,1799.0,0,2016-04-11,"English<strong>*</strong>, French, Italian, German, Spanish - Spain, Polish, Russian, Portuguese - Brazil, Simplified Chinese, Traditional Chinese, Japanese, Korean<br><strong>*</strong>languages with full audio support",89.0,Action,"Single-player,Multi-player,Co-op,Steam Achievements,Full controller support,Steam Trading Cards,Camera Comfort,Custom Volume Controls,Playable without Timed Input,Save Anytime,Stereo Sound,Surround Sound,Remote Play on Phone,Remote Play on Tablet,Remote Play on TV,Family Sharing",True,False,False,"Minimum:     OS *:  Windows 7 SP1 64bit, Windows 8.1 64bit Windows 10 64bit    Processor:  Intel Core i3-2100 / AMD® FX-6300    Memory:  4 GB RAM    Graphics:  NVIDIA® GeForce GTX 750 Ti / ATI Radeon HD 7950    DirectX:  Version 11    Network:  Broadband Internet connection    Storage:  25 GB available space    Sound Card:  DirectX 11 sound device    Additional Notes:  Internet connection required for online play and product activation","FromSoftware, Inc.","FromSoftware, Inc.,Bandai Namco Entertainment",0.9433,False,False,True,True,8.18,2016.0,10.2,Classic,4.0,25.0
2543180,4352,"100,000 .. 200,000",1021,140,POPUCOM,game,False,550.0,550.0,0,2025-06-01,"English, Japanese, Simplified Chinese, Traditional Chinese, Korean, French, Italian, German, Spanish - Spain, Russian, Portuguese - Brazil",83.0,"Action,Adventure,Casual","Multi-player,Co-op,Online Co-op,Shared/Split Screen Co-op,Shared/Split Screen,Steam Achievements,Color Alternatives,Custom Volume Controls,Surround Sound,Partial Controller Support,Steam Cloud,Remote Play Together,Family Sharing",True,False,False,Minimum:     OS:  Windows 10/11 64-bit    Processor:  Intel Core i5-6400/AMD Ryzen 5 1400    Memory:  8 GB RAM    Graphics:  NVIDIA GeForce GTX 750 Ti/AMD Radeon RX 550/Intel Arc Graphics    DirectX:  Version 11    Storage:  15 GB available space    Additional Notes:  SSD is recommended. The above specs should enable you to play on Low quality preset at 1080p 30fps.,Hypergryph,"GRYPHLINE,Fireshine Games",0.8794,False,False,True,False,2.5,2025.0,1.0,Recent,8.0,15.0
1144200,4296,"5,000,000 .. 10,000,000",210654,25542,Ready or Not,game,False,999.0,999.0,0,2023-12-13,"English<strong>*</strong>, French, German, Korean, Simplified Chinese, Italian, Spanish - Spain, Japanese, Polish, Portuguese - Portugal, Turkish, Russian<br><strong>*</strong>languages with full audio support",,"Action,Adventure,Indie","Single-player,Multi-player,Co-op,Online Co-op,Steam Achievements,Full controller support,Steam Cloud",True,False,False,"Minimum:    Requires a 64-bit processor and operating system    OS:  Windows 10, Windows 11    Processor:  Intel Core i5-4430 / AMD FX-6300    Memory:  8 GB RAM    Graphics:  NVIDIA GeForce GTX 960 2GB / AMD Radeon R7 370 2GB    DirectX:  Version 11    Storage:  60 GB available space",VOID Interactive,VOID Interactive,0.8919,False,True,True,True,4.54,2023.0,2.5,Modern,8.0,60.0
534380,4223,"5,000,000 .. 10,000,000",154122,40708,Dying Light 2 Stay Human: Reloaded Edition,game,False,399.0,1999.0,80,2022-02-03,"English<strong>*</strong>, French<strong>*</strong>, Italian, German<strong>*</strong>, Spanish - Spain<strong>*</strong>, Korean, Polish<strong>*</strong>, Portuguese - Brazil<strong>*</strong>, Russian<strong>*</strong>, Spanish - Latin America<strong>*</strong>, Arabic, Czech, Japanese<strong>*</strong>, Portuguese - Portugal, Simplified Chinese<strong>*</strong>, Traditional Chinese, Turkish<br><strong>*</strong>languages with full audio support",,"Action,Adventure,RPG","Single-player,Multi-player,Co-op,Online Co-op,Steam Achievements,Full controller support,Steam Trading Cards,Steam Cloud,Remote Play on TV,Family Sharing",True,False,False,Minimum:    Requires a 64-bit processor and operating system    OS:  Windows® 10    Processor:  Intel Core i3-9100 / AMD Ryzen 3 2300X    Memory:  8 GB RAM    Graphics:  NVIDIA® GeForce® GTX 1050 Ti / AMD Radeon™ RX 560 (4GB VRAM)    Storage:  60 GB available space,Techland,Techland,0.7911,True,False,True,True,1.81,2022.0,4.4,Modern,8.0,60.0
244850,4201,"2,000,000 .. 5,000,000",117204,15143,Space Engineers,game,False,392.0,784.0,50,2019-02-28,"English, German, Spanish - Spain, Czech, Danish, Dutch, Polish, French, Italian, Finnish, Hungarian, Norwegian, Portuguese - Brazil, Swedish, Russian, Simplified Chinese",,"Action,Indie,Simulation,Strategy","Single-player,Multi-player,PvP,Online PvP,Co-op,Cross-Platform Multiplayer,Steam Achievements,Steam Workshop,Partial Controller Support,Steam Cloud,Includes level editor,Family Sharing",True,False,False,"Minimum:     OS:  Microsoft Windows 10 (latest SP) 64-bit    Processor:  Intel i5 @ 3.0 GHz or higher (or AMD equivalent)    Memory:  8 GB RAM    Graphics:  Geforce 750/Radeon R9 270X or higher    DirectX:  Version 11    Storage:  35 GB available space    Sound Card:  DirectX® compatible on-board    Additional Notes:  No internet connection needed for single player, but for multiplayer we recommend 5Mbit/s or more",Keen Software House,Keen Software House,0.8856,False,True,True,True,1.78,2019.0,7.3,Established,8.0,35.0
1904540,4178,"2,000,000 .. 5,000,000",17645,2012,Football Manager 2023,game,False,0.0,0.0,0,2022-11-08,"English, French, Italian, German, Spanish - Spain, Danish, Dutch, Korean, Norwegian, Polish, Portuguese - Portugal, Simplified Chinese, Swedish, Turkish, Greek, Russian",,"Simulation,Sports","Single-player,Multi-player,Steam Achievements,Steam Cloud,Family Sharing",True,True,False,"Minimum:    Requires a 64-bit processor and operating system    OS *:  Windows 7    Processor:  Intel Core 2 or AMD Athlon 64 X2    Memory:  4 GB RAM    Graphics:  Intel GMA X4500, NVIDIA GeForce 9600M GT, AMD/ATI Mobility Radeon HD 3650    DirectX:  Version 11    Storage:  7 GB available space",Sports Interactive,SEGA,0.8976,False,False,True,True,0.0,2022.0,3.6,Modern,4.0,7.0
1888930,4144,"1,000,000 .. 2,000,000",63713,16142,The Last of Us™ Part I,game,False,2199.0,2199.0,0,2023-03-28,"English<strong>*</strong>, Italian<strong>*</strong>, Spanish - Spain<strong>*</strong>, Czech, Dutch, Greek<strong>*</strong>, French<strong>*</strong>, German<strong>*</strong>, Danish, Finnish, Hungarian, Japanese<strong>*</strong>, Korean, Norwegian, Polish<strong>*</strong>, Portuguese - Brazil<strong>*</strong>, Portuguese - Portugal<strong>*</strong>, Russian<strong>*</strong>, Simplified Chinese, Spanish - Latin America<strong>*</strong>, Swedish, Thai, Traditional Chinese, Turkish<strong>*</strong>, Croatian<br><strong>*</strong>languages with full audio support",,"Action,Adventure","Single-player,Steam Achievements,Full controller support,Steam Trading Cards,Adjustable Text Size,Camera Comfort,Color Alternatives,Custom Volume Controls,Adjustable Difficulty,Narrated Game Menus,Save Anytime,Stereo Sound,Subtitle Options,Surround Sound,Steam Cloud,Remote Play on TV,Family Sharing",True,False,False,"Minimum:    Requires a 64-bit processor and operating system    OS:  Windows 10 (Version 1909 or Newer)    Processor:  AMD Ryzen 5 1500X, Intel Core i7-4770K    Memory:  16 GB RAM    Graphics:  AMD Radeon RX 470 (4 GB), AMD Radeon RX 6500 XT (4 GB), NVIDIA GeForce GTX 970 (4 GB), NVIDIA GeForce GTX 1050 Ti (4 GB)    Storage:  100 GB available space    Additional Notes:  SSD Recommended","Naughty Dog LLC,Iron Galaxy Studios",PlayStation Publishing LLC,0.7979,True,False,False,True,10.0,2023.0,3.2,Modern,16.0,100.0
1468810,4116,"2,000,000 .. 5,000,000",121020,106084,鬼谷八荒 Tale of Immortal,game,False,429.0,429.0,0,2023-05-26,"Simplified Chinese, Traditional Chinese, English, Korean",,"Action,Adventure,Indie,RPG,Simulation","Single-player,Steam Achievements,Full controller support,Steam Workshop,Steam Cloud,Remote Play on Tablet,Family Sharing",True,False,False,Minimum:     OS *:  Windows 7 / Windows 8 / Windows 10 64 bit    Processor:  2.50GHz    Memory:  4 GB RAM    Graphics:  HD4400    DirectX:  Version 11    Storage:  25 GB available space    Additional Notes:,鬼谷工作室,"鬼谷工作室,Lightning Games",0.5329,False,True,False,True,1.95,2023.0,3.1,Modern,4.0,25.0
214950,3901,"2,000,000 .. 5,000,000",73559,14614,Total War: ROME II - Emperor Edition,game,False,1369.0,1369.0,0,2013-09-02,"English<strong>*</strong>, German<strong>*</strong>, French<strong>*</strong>, Italian, Spanish - Spain, Russian, Polish, Czech, Turkish<br><strong>*</strong>languages with full audio support",76.0,Strategy,"Single-player,Multi-player,PvP,Online PvP,LAN PvP,Co-op,Online Co-op,LAN Co-op,Steam Trading Cards,Camera Comfort,Custom Volume Controls,Adjustable Difficulty,Playable without Timed Input,Save Anytime,Stereo Sound,Surround Sound,Steam Cloud,Family Sharing",True,True,False,"Minimum    OS *:  XP/ Vista / Windows 7 / Windows 8 	   Processor: 2 GHz Intel Dual Core processor / 2.6 GHz Intel Single Core processor 	   Memory: 2GB RAM  	   Graphics: 512 MB DirectX 9.0c compatible card (shader model 3, vertex texture fetch support).  	   DirectX®: 9.0c 	   Hard Drive: 35 GB HD space 	   Additional: Screen Resolution - 1024x768  Microsoft no longer supports Windows 10 or older versions","CREATIVE ASSEMBLY,Feral Interactive","SEGA,Feral Interactive",0.8343,False,False,True,True,6.22,2013.0,12.8,Classic,2.0,
22380,3892,"5,000,000 .. 10,000,000",218763,8937,Fallout: New Vegas,game,False,299.0,299.0,0,2010-10-19,"English, French, German, Italian, Spanish - Spain",84.0,"Action,RPG","Single-player,Steam Achievements,Partial Controller Support,Steam Leaderboards,Remote Play on Phone,Remote Play on Tablet,Family Sharing",True,False,False,"OS *:  Windows 7/Vista/XP  								   Processor:  Dual Core 2.0GHz 								   Memory:  2GB RAM 								   Hard Disk Space:  10GB free space 								   Video Card:  NVIDIA GeForce 6 series, ATI 1300XT series",Obsidian Entertainment,Bethesda Softworks,0.9608,False,False,False,True,1.36,2010.0,15.7,Classic,2.0,
1062090,3884,"1,000,000 .. 2,000,000",30266,1412,Timberborn,game,False,1030.0,1030.0,0,2026-03-12,"English, French, German, Spanish - Spain, Polish, Portuguese - Brazil, Russian, Simplified Chinese, Italian, Japanese, Korean, Ukrainian, Thai, Traditional Chinese, Turkish",85.0,"Indie,Simulation,Strategy","Single-player,Steam Achievements,Steam Workshop,Adjustable Text Size,Camera Comfort,Custom Volume Controls,Adjustable Difficulty,Mouse Only Option,Playable without Timed Input,Save Anytime,Stereo Sound,Steam Cloud,Includes level editor,Family Sharing",True,True,False,"Minimum:    Requires a 64-bit processor and operating system    OS:  Windows 10 or newer    Processor:  4-core 1.7 GHz or better    Memory:  8 GB RAM    Graphics:  GeForce GTX 950, Radeon R9 380 or similar    DirectX:  Version 11    Storage:  3 GB available space",Mechanistry,Mechanistry,0.9554,False,True,False,True,4.68,2026.0,0.3,Recent,8.0,3.0
1407200,3869,"1,000,000 .. 2,000,000",72570,15266,World of Tanks,game,True,0.0,0.0,0,2021-04-28,"English<strong>*</strong>, French<strong>*</strong>, Italian, German<strong>*</strong>, Czech<strong>*</strong>, Dutch, Finnish, Hungarian, Japanese<strong>*</strong>, Korean<strong>*</strong>, Polish<strong>*</strong>, Portuguese - Brazil<strong>*</strong>, Romanian, Russian<strong>*</strong>, Spanish - Latin America<strong>*</strong>, Swedish, Turkish<strong>*</strong>, Ukrainian<strong>*</strong>, Traditional Chinese, Simplified Chinese<strong>*</strong><br><strong>*</strong>languages with full audio support",80.0,"Action,Massively Multiplayer,Simulation,Free To Play","Multi-player,MMO,PvP,Online PvP,Steam Achievements,Steam Trading Cards,In-App Purchases,Color Alternatives,Custom Volume Controls,Playable without Timed Input,Stereo Sound,Surround Sound,Family Sharing",True,False,False,"Minimum:    Requires a 64-bit processor and operating system    OS *:  Windows 7 / 8 / 8.1 / 10 / 11 (64-bit only) with the latest updates    Processor:  Intel Core i5-3330 / AMD FX-6300    Memory:  4 GB RAM    Graphics:  NVIDIA GeForce GTX 460 / AMD Radeon HD 8770, 1280x768 screen resolution    DirectX:  Version 11    Network:  Broadband Internet connection    Storage:  85 GB available space",Wargaming Group Limited,Wargaming Group Limited,0.8262,True,False,True,False,0.0,2021.0,5.1,Established,4.0,85.0
262060,3848,"2,000,000 .. 5,000,000",137026,12430,Darkest Dungeon®,game,False,725.0,725.0,0,2016-01-19,"English<strong>*</strong>, French, German, Spanish - Spain, Czech, Polish, Portuguese - Brazil, Russian, Italian, Simplified Chinese, Korean, Japanese<br><strong>*</strong>languages with full audio support",84.0,"Indie,RPG,Strategy","Single-player,Steam Achievements,Steam Trading Cards,Partial Controller Support,Steam Cloud,Remote Play on Tablet,Family Sharing",True,True,True,"Minimum:     OS *:  Windows XP    Memory:  2 GB RAM    Graphics:  Open GL 3.2+ Compliant    Storage:  2 GB available space    Additional Notes:  1080p, 16:9 recommended",Red Hook Studios,Red Hook Studios,0.9168,False,True,False,True,3.3,2016.0,10.4,Classic,2.0,2.0
945360,3832,"20,000,000 .. 50,000,000",643681,57104,Among Us,game,False,125.0,125.0,0,2018-11-16,"English, Portuguese - Brazil, Spanish - Latin America, Spanish - Spain, Korean, Russian, French, Italian, German, Dutch, Japanese, Portuguese - Portugal, Simplified Chinese, Traditional Chinese",85.0,Casual,"Multi-player,PvP,Online PvP,LAN PvP,Co-op,Online Co-op,LAN Co-op,Cross-Platform Multiplayer,Steam Achievements,Full controller support,Steam Trading Cards,In-App Purchases,Remote Play on Phone,Remote Play on Tablet,Family Sharing",True,False,False,Minimum:     OS:  Windows 10 x32bit    Processor:  INTEL i3-4330    Memory:  1 GB RAM    Graphics:  INTEL HD Graphics 4600,Innersloth,Innersloth,0.9185,True,False,True,False,0.57,2018.0,7.6,Established,1.0,
2050650,3748,"5,000,000 .. 10,000,000",177539,4169,Resident Evil 4,game,False,1190.0,1190.0,0,2023-03-23,"English<strong>*</strong>, French<strong>*</strong>, Italian<strong>*</strong>, German<strong>*</strong>, Spanish - Spain<strong>*</strong>, Arabic, Japanese<strong>*</strong>, Korean, Portuguese - Brazil<strong>*</strong>, Russian<strong>*</strong>, Simplified Chinese<strong>*</strong>, Traditional Chinese, Spanish - Latin America<strong>*</strong>, Polish<br><strong>*</strong>languages with full audio support",91.0,"Action,Adventure","Single-player,Steam Achievements,Full controller support,Steam Trading Cards,Steam Cloud,HDR available,Family Sharing",True,False,False,Minimum:    Requires a 64-bit processor and operating system    OS:  Windows 10 (64 bit)    Processor:  AMD Ryzen 3 1200 / Intel Core i5-7500    Memory:  8 GB RAM    Graphics:  AMD Radeon RX 560 with 4GB VRAM / NVIDIA GeForce GTX 1050 Ti with 4GB VRAM    DirectX:  Version 12    Network:  Broadband Internet connection    Additional Notes:  Estimated performance (when set to Prioritize Performance): 1080p/45fps. ・Framerate might drop in graphics-intensive scenes. ・AMD Radeon RX 6700 XT or NVIDIA GeForce RTX 2060 required to support ray tracing.,"CAPCOM Co., Ltd.","CAPCOM Co., Ltd.",0.9771,True,False,False,True,5.41,2023.0,3.2,Modern,8.0,
1304930,3743,"2,000,000 .. 5,000,000",62533,4423,The Outlast Trials,game,False,1150.0,1150.0,0,2024-03-05,"English<strong>*</strong>, French<strong>*</strong>, Italian, German, Spanish - Spain, Japanese, Korean, Polish, Portuguese - Brazil, Russian, Simplified Chinese, Spanish - Latin America, Turkish, Traditional Chinese<br><strong>*</strong>languages with full audio support",,"Action,Adventure,Indie","Single-player,Multi-player,Co-op,Online Co-op,Full controller support,Family Sharing",True,False,False,"Minimum:    Requires a 64-bit processor and operating system    OS:  Windows 10    Processor:  Intel Core i7-3770 or AMD Ryzen 5 1400    Memory:  8 GB RAM    Graphics:  NVIDIA GeForce GTX 650 Ti, 2 GB or Radeon R7 360, 2 GB or Intel Arc A310, 4GB    DirectX:  Version 11    Network:  Broadband Internet connection    Storage:  40 GB available space    Additional Notes:  Low 720p @ 30 FPS, DX11, Ray Tracing OFF",Red Barrels,Red Barrels,0.9339,True,True,True,True,5.23,2024.0,2.3,Modern,8.0,40.0
1716740,3725,"2,000,000 .. 5,000,000",93942,71585,Starfield,game,False,1849.0,1849.0,0,2023-09-05,"English<strong>*</strong>, French<strong>*</strong>, Italian, German<strong>*</strong>, Spanish - Spain<strong>*</strong>, Japanese<strong>*</strong>, Polish, Portuguese - Brazil, Simplified Chinese<br><strong>*</strong>languages with full audio support",,RPG,"Single-player,Steam Achievements,Full controller support,Steam Trading Cards,Color Alternatives,Playable without Timed Input,Stereo Sound,Surround Sound,Steam Cloud,Family Sharing",True,False,False,"Minimum:     OS:  Windows 10 version 21H1 (10.0.19043)    Processor:  AMD Ryzen 5 2600X, Intel Core i7-6800K    Memory:  16 GB RAM    Graphics:  AMD Radeon RX 5700, NVIDIA GeForce 1070 Ti    DirectX:  Version 12    Storage:  125 GB available space    Additional Notes:  SSD Required",Bethesda Game Studios,Bethesda Softworks,0.5675,False,False,False,True,8.4,2023.0,2.8,Modern,16.0,125.0
8500,3705,"2,000,000 .. 5,000,000",26813,9575,EVE Online,game,True,0.0,0.0,0,2010-12-15,"English<strong>*</strong>, German<strong>*</strong>, Russian<strong>*</strong>, French<strong>*</strong>, Korean<strong>*</strong>, Japanese<strong>*</strong>, Spanish - Spain<strong>*</strong>, Simplified Chinese<strong>*</strong><br><strong>*</strong>languages with full audio support",88.0,"Action,Massively Multiplayer,RPG,Strategy,Free To Play","Multi-player,MMO,PvP,Online PvP,Co-op,Online Co-op,Steam Trading Cards,Adjustable Text Size,Color Alternatives,Custom Volume Controls,Stereo Sound,Surround Sound,Family Sharing",True,True,False,"Minimum:   					   OS:  Windows 10 64-bit 					   Processor:  Intel Dual Core @ 2.0 GHz, AMD Dual Core @ 2.0 GHz) 					   Memory:  4 GB or higher 					   Video:  AMD Radeon 5450 or NVIDIA GeForce 420 or better with at least 1024 MB VRAM",Fenris Creations,Fenris Creations,0.7369,False,False,True,False,0.0,2010.0,15.5,Classic,,
1621690,3688,"1,000,000 .. 2,000,000",51042,3937,Core Keeper,game,False,595.0,595.0,0,2024-08-27,"English, Simplified Chinese, Thai, German, Japanese, Korean, Spanish - Spain, French, Italian, Portuguese - Brazil, Traditional Chinese, Russian, Ukrainian",86.0,"Action,Adventure,Indie,RPG,Simulation","Single-player,Multi-player,Co-op,Online Co-op,Full controller support,Steam Cloud,Family Sharing",True,False,True,Minimum:    Requires a 64-bit processor and operating system    OS:  Windows 10 64-bit    Processor:  Intel Core i5-2300 / AMD Ryzen 3 1200    Memory:  8 GB RAM    Graphics:  GeForce GTX 460 / Radeon HD 5850,Pugstorm,"Fireshine Games,bilibili",0.9284,False,True,True,True,2.7,2024.0,1.8,Recent,8.0,
1446780,3658,"5,000,000 .. 10,000,000",92564,20108,MONSTER HUNTER RISE,game,False,1190.0,1190.0,0,2022-01-12,"English<strong>*</strong>, French, Italian, German, Spanish - Spain, Arabic, Japanese<strong>*</strong>, Korean, Polish, Portuguese - Brazil, Russian, Simplified Chinese, Traditional Chinese, Spanish - Latin America<br><strong>*</strong>languages with full audio support",86.0,Action,"Single-player,Multi-player,Co-op,Online Co-op,Steam Achievements,Full controller support,Steam Trading Cards,Steam Cloud,HDR available,Family Sharing",True,False,False,Minimum:    Requires a 64-bit processor and operating system    OS:  Windows 10 （64-bit）    Processor:  Intel® Core™ i3-4130 or Core™ i5-3470 or AMD FX™-6100    Memory:  8 GB RAM    Graphics:  NVIDIA® GeForce® GT 1030 (DDR4) or AMD Radeon™ RX 550    DirectX:  Version 12    Network:  Broadband Internet connection    Storage:  36 GB available space    Additional Notes:  1080p/30fps when graphics settings are set to &quot;Low&quot;.,"CAPCOM Co., Ltd.","CAPCOM Co., Ltd.",0.8215,True,False,True,True,5.41,2022.0,4.4,Modern,8.0,36.0
655500,3605,"1,000,000 .. 2,000,000",26514,1602,MX Bikes,game,False,1030.0,1030.0,0,2019-10-07,English,,"Racing,Simulation,Sports,Early Access","Single-player,Multi-player,PvP,Online PvP,LAN PvP,Partial Controller Support,Family Sharing",True,False,False,Minimum:    Requires a 64-bit processor and operating system    OS *:  Windows XP    Processor:  2 Ghz CPU. VR: Intel Core i5-4590 (AMD FX 8350) or better    Memory:  4 GB RAM    Graphics:  OpenGL 1.2.1 compatible GPU with 512 MB of video RAM. VR: GeForce GTX 970 (AMD Radeon R9 290) or better    DirectX:  Version 8.1    Storage:  2 GB available space,PiBoSo,PiBoSo,0.943,False,False,True,True,4.68,2019.0,6.7,Established,4.0,2.0
3037410,3589,"100,000 .. 200,000",712,327,Fish Idle 2: Underwater Mystery,game,True,0.0,0.0,0,2024-11-15,"English, Spanish - Spain, German, Korean, Russian, Japanese",,"Adventure,Casual,Indie,Free To Play","Single-player,Family Sharing",True,False,False,Minimum:     OS:  windows 10    Processor:  Core I3    Graphics:  no    Sound Card:  -    VR Support:  no,Multicast,MulticastGames,0.6853,False,True,False,True,0.0,2024.0,1.6,Recent,,
1401590,3587,"500,000 .. 1,000,000",19111,1682,Disney Dreamlight Valley,game,False,1150.0,1150.0,0,2023-12-05,"English<strong>*</strong>, French<strong>*</strong>, Italian<strong>*</strong>, German<strong>*</strong>, Spanish - Spain<strong>*</strong>, Japanese, Simplified Chinese, Portuguese - Brazil<br><strong>*</strong>languages with full audio support",,"Action,Adventure,Casual,RPG,Simulation","Single-player,Multi-player,Full controller support,In-App Purchases,Camera Comfort,Custom Volume Controls,Playable without Timed Input,Save Anytime,Stereo Sound,Subtitle Options,Family Sharing",True,False,False,"Minimum:    Requires a 64-bit processor and operating system    OS:  Windows 10    Processor:  Intel Core i3-540 or AMD Phenom II X4 940    Memory:  6 GB RAM    Graphics:  NVIDIA GeForce 9600 GT, 512 MB or AMD Radeon HD 6570, 1 GB    DirectX:  Version 10    Storage:  15 GB available space",Gameloft,Gameloft,0.9191,False,False,True,True,5.23,2023.0,2.5,Modern,6.0,15.0
2186680,3582,"10,000,000 .. 20,000,000",26360,4445,"Warhammer 40,000: Rogue Trader",game,False,1450.0,1450.0,0,2023-12-07,"English<strong>*</strong>, French, German, Spanish - Spain, Russian, Simplified Chinese, Japanese, Turkish<br><strong>*</strong>languages with full audio support",,"Action,Adventure,Indie,RPG,Strategy","Single-player,Multi-player,Co-op,Online Co-op,Cross-Platform Multiplayer,Steam Achievements,Steam Trading Cards,Steam Workshop,Adjustable Text Size,Custom Volume Controls,Mouse Only Option,Save Anytime,Stereo Sound,Subtitle Options,Surround Sound,Partial Controller Support,Steam Cloud,Family Sharing",True,True,False,Minimum:     OS:  Win10    Processor:  Intel(R) Core(TM) i5-4590T CPU @ 2.00GHz    Memory:  8 GB RAM    Graphics:  AMD Radeon RX Vega 6 / Intel HD Graphics 630    DirectX:  Version 11    Storage:  40 GB available space,Owlcat Games,Owlcat Games,0.8557,False,True,True,True,6.59,2023.0,2.5,Modern,8.0,40.0
2904000,3580,"200,000 .. 500,000",7014,1188,The Spell Brigade,game,False,395.0,395.0,0,2026-04-29,"English, French, Italian, German, Spanish - Spain, Dutch, Japanese, Polish, Portuguese - Brazil, Russian, Simplified Chinese, Spanish - Latin America, Thai, Traditional Chinese, Portuguese - Portugal, Korean, Ukrainian",,"Action,Casual,Indie,Free To Play","Single-player,Multi-player,Co-op,Online Co-op,Cross-Platform Multiplayer,Steam Achievements,Camera Comfort,Custom Volume Controls,Mouse Only Option,Stereo Sound,Surround Sound,Partial Controller Support,Steam Cloud,Family Sharing",True,False,False,Minimum:    Requires a 64-bit processor and operating system    OS:  Windows 10 or newer    Processor:  Intel i5-4590 or similar    Memory:  8 GB RAM    Graphics:  Geforce GTX 1050 or similar    Storage:  3 GB available space,Bolt Blaster Games,Bolt Blaster Games,0.8552,True,True,True,True,1.8,2026.0,0.1,Recent,8.0,3.0
3017860,3518,"500,000 .. 1,000,000",18891,2780,DOOM: The Dark Ages,game,False,2499.0,2499.0,0,2025-05-14,"English<strong>*</strong>, French<strong>*</strong>, Italian<strong>*</strong>, German<strong>*</strong>, Spanish - Spain<strong>*</strong>, Arabic, Korean, Polish<strong>*</strong>, Portuguese - Brazil<strong>*</strong>, Russian<strong>*</strong>, Simplified Chinese, Spanish - Latin America<strong>*</strong>, Traditional Chinese, Japanese<strong>*</strong>, Turkish<br><strong>*</strong>languages with full audio support",,Action,"Single-player,Steam Achievements,Full controller support,Steam Trading Cards,Color Alternatives,Adjustable Difficulty,Playable without Timed Input,Subtitle Options,Surround Sound,Steam Cloud,HDR available,Family Sharing",True,False,False,"Minimum:    Requires a 64-bit processor and operating system    OS:  Windows 10 64-Bit / Windows 11 64-Bit    Processor:  AMD Zen 2 or Intel 10th Generation CPU @3.2Ghz with 8 cores / 16 threads or better (examples: AMD Ryzen 7 3700X or better, or Intel Core i7 10700K or better)    Memory:  16 GB RAM    Graphics:  NVIDIA or AMD hardware Raytracing-capable GPU with 8GB dedicated VRAM or better  (examples: NVIDIA RTX 2060 SUPER or better, AMD RX 6600 or better)    Storage:  100 GB available space    Additional Notes:  1080p / 60 FPS / Low Quality Settings, NVME SSD storage required",id Software,Bethesda Softworks,0.8717,True,False,False,True,11.36,2025.0,1.1,Recent,16.0,100.0
435150,3510,"5,000,000 .. 10,000,000",182166,7958,Divinity: Original Sin 2 - Definitive Edition,game,False,899.0,899.0,0,2017-09-14,"English<strong>*</strong>, French, German, Russian, Polish, Spanish - Spain, Simplified Chinese, Traditional Chinese, Italian, Korean, Czech, Portuguese - Brazil, Japanese<br><strong>*</strong>languages with full audio support",93.0,"Adventure,RPG,Strategy","Single-player,Multi-player,PvP,Online PvP,Shared/Split Screen PvP,Co-op,Online Co-op,Shared/Split Screen Co-op,Shared/Split Screen,Steam Achievements,Full controller support,Steam Trading Cards,Captions available,Steam Workshop,Steam Cloud,Includes level editor,Remote Play on Tablet,Remote Play on TV,Remote Play Together,Family Sharing",True,True,False,Minimum:    Requires a 64-bit processor and operating system    OS *:  Windows 7 SP1 64-bit or Windows 8.1 64-bit or Windows 10 64-bit    Processor:  Intel Core i5 or equivalent    Memory:  4 GB RAM    Graphics:  NVIDIA® GeForce® GTX 550 or ATI™ Radeon™ HD 6XXX or higher    DirectX:  Version 11    Storage:  60 GB available space    Additional Notes:  Minimum requirements may change during development.,Larian Studios,Larian Studios,0.9581,False,False,True,True,4.09,2017.0,8.8,Established,4.0,60.0
1066780,3465,"1,000,000 .. 2,000,000",24960,2667,Transport Fever 2,game,False,1150.0,1150.0,0,2019-12-11,"English<strong>*</strong>, French, German<strong>*</strong>, Spanish - Spain, Japanese, Dutch, Polish, Russian, Traditional Chinese, Simplified Chinese, Italian, Korean, Portuguese - Brazil<br><strong>*</strong>languages with full audio support",76.0,"Casual,Indie,Simulation,Strategy","Single-player,Steam Achievements,Full controller support,Steam Workshop,Family Sharing",True,True,True,"Minimum:    Requires a 64-bit processor and operating system    OS *:  Windows 7, 8 or 10 (64-bit)    Processor:  Intel i5-2300 or AMD FX-6300    Memory:  8 GB RAM    Graphics:  NVIDIA GeForce GTX 560 or AMD Radeon HD 7850, 2 GB VRAM",Urban Games,Good Shepherd Entertainment,0.9035,False,True,False,True,5.23,2019.0,6.5,Established,8.0,
2665680,3392,"500,000 .. 1,000,000",1817,1035,Tower of Babel: Survivors of Chaos,game,False,447.0,447.0,0,2026-05-26,"English, Korean, French, German, Spanish - Spain, Japanese, Simplified Chinese, Traditional Chinese, Italian, Russian, Thai, Portuguese - Brazil, Polish, Spanish - Latin America",,"Action,Adventure,Indie,RPG,Strategy","Single-player,Steam Achievements,Full controller support,Steam Cloud,Steam Leaderboards,Family Sharing",True,True,False,Minimum:    Requires a 64-bit processor and operating system    OS:  Windows 10 (64-bit)    Processor:  Intel Core i3-4130    Memory:  8 GB RAM    Graphics:  GeForce GTX 650 or Radeon R7 250    Storage:  500 MB available space    Additional Notes:,NANOO,NANOO,0.6371,True,True,False,True,2.03,2026.0,0.1,Recent,8.0,
1147690,3382,"500,000 .. 1,000,000",11564,504,NGU IDLE,game,True,0.0,0.0,0,2019-10-01,English,,"Adventure,Indie,Simulation,Free To Play","Single-player,Steam Achievements,In-App Purchases,Steam Cloud,Remote Play on Tablet,Family Sharing",True,False,False,"Minimum:    Requires a 64-bit processor and operating system    OS *:  Windows 7, 8, 8.1, 10. XP? Who the heck is still using XP?    Processor:  If it was made after 2010 you're good.    Memory:  2 GB RAM    Graphics:  Probably everything works, even integrated ( but you might have slideshow FPS)    Network:  Broadband Internet connection    Storage:  150 MB available space    Sound Card:  lol there's no audio at all    Additional Notes:  Hi Dad",4G,4G,0.9582,False,True,False,True,0.0,2019.0,6.7,Established,2.0,
686810,3380,"2,000,000 .. 5,000,000",113447,24230,Hell Let Loose,game,False,362.0,1449.0,75,2021-07-27,"English, French, German, Spanish - Spain, Russian, Simplified Chinese, Polish, Portuguese - Brazil, Traditional Chinese, Korean, Japanese",79.0,"Action,Indie,Massively Multiplayer,Simulation,Strategy","Multi-player,PvP,Online PvP,Steam Achievements,Partial Controller Support,Family Sharing",True,False,False,Minimum:    Requires a 64-bit processor and operating system    OS:  Windows 10 64bit    Processor:  Intel Core i5-6600/AMD Ryzen 3 1300X    Memory:  12 GB RAM    Graphics:  NVIDIA GeForce GTX 960 4GB/AMD Radeon R9 380 4GB    DirectX:  Version 11    Network:  Broadband Internet connection    Storage:  60 GB available space,Expression Games,Team17,0.824,False,True,True,False,1.65,2021.0,4.9,Modern,12.0,60.0
1868140,3367,"5,000,000 .. 10,000,000",125422,3909,DAVE THE DIVER,game,False,297.0,595.0,50,2023-06-28,"English, Korean, Japanese, Simplified Chinese, German, Spanish - Spain, Traditional Chinese, French, Portuguese - Brazil, Italian, Russian",90.0,"Adventure,Casual,RPG,Simulation","Single-player,Steam Achievements,Full controller support,Steam Trading Cards,Steam Cloud,Family Sharing",True,True,False,Minimum:     OS:  Windows 10 64 bit    Processor:  Intel Core i3 Dual Core    Memory:  8 GB RAM    Graphics:  NVIDIA Geforce GTS 450 / AMD Radeon HD 5570    DirectX:  Version 11    Storage:  10 GB available space    Sound Card:  Windows Compatible Audio Device,MINTROCKET,MINTROCKET,0.9698,False,False,False,True,1.35,2023.0,3.0,Modern,8.0,10.0
2625420,3366,"100,000 .. 200,000",5544,1309,Drive Beyond Horizons,game,False,740.0,740.0,0,2025-03-24,"English<strong>*</strong>, French, Italian, German, Spanish - Spain, Dutch, Japanese, Polish, Portuguese - Brazil, Arabic, Korean, Russian, Simplified Chinese, Portuguese - Portugal, Spanish - Latin America, Ukrainian<br><strong>*</strong>languages with full audio support",,"Action,Adventure,Casual,Indie,Racing,Simulation,Early Access","Single-player,Multi-player,Co-op,Online Co-op,Steam Achievements,Full controller support,Steam Cloud,Steam Leaderboards,Family Sharing",True,False,False,Minimum:    Requires a 64-bit processor and operating system    OS:  Windows 10/11 (64-Bit)    Processor:  Intel Core i5-6600@ 3.1 GHz or AMD R5 1600X @ 3.5 GHz or equivalent    Memory:  8 GB RAM    Graphics:  NVIDIA GeForce GTX 1650 or equivalent,Drive Beyond Horizons,"Tacty Studio,Santor Games",0.809,True,True,True,True,3.36,2025.0,1.2,Recent,8.0,
976730,3362,"5,000,000 .. 10,000,000",223635,18432,Halo: The Master Chief Collection,game,False,1699.0,1699.0,0,2019-12-03,"English<strong>*</strong>, French<strong>*</strong>, Italian<strong>*</strong>, German<strong>*</strong>, Spanish - Spain<strong>*</strong>, Japanese, Polish, Portuguese - Portugal, Russian, Simplified Chinese, Spanish - Latin America, Traditional Chinese<br><strong>*</strong>languages with full audio support",,Action,"Single-player,Multi-player,PvP,Online PvP,LAN PvP,Co-op,Online Co-op,LAN Co-op,Cross-Platform Multiplayer,Steam Achievements,Full controller support,Steam Trading Cards,Steam Workshop,Remote Play on Phone,Remote Play on Tablet,Remote Play on TV,Family Sharing",True,False,False,Minimum:    Requires a 64-bit processor and operating system    OS *:  Windows 7    Processor:  AMD Phenom II X4 960T ; Intel i3550    Graphics:  AMD HD 6850 ; NVIDIA GeForce GTS 450    DirectX:  Version 11    Network:  Broadband Internet connection    Storage:  43 GB available space    Additional Notes:  Direct3D feature Level 11.1,"343 Industries,Splash Damage,Ruffian Games,Bungie,Saber Interactive",Xbox Game Studios,0.9239,True,False,True,True,7.72,2019.0,6.5,Established,,43.0
1009850,3358,"500,000 .. 1,000,000",4200,345,OVR Advanced Settings,game,False,249.0,249.0,0,2020-04-14,English<strong>*</strong><br><strong>*</strong>languages with full audio support,,Utilities,"Tracked Controller Support,VR Only",True,False,True,Minimum:    Requires a 64-bit processor and operating system    OS:  Win 10 x64    Processor:  i5-4590/AMD FX 8350 equivalent or better    Memory:  4 GB RAM    Graphics:  Nvidia GTX 970/ AMD Radeon R9 290 equivalent or better.    DirectX:  Version 10    Storage:  300 MB available space    VR Support:  SteamVR,OVRAS Team,OVRAS Team,0.9241,False,False,False,False,1.13,2020.0,6.2,Established,4.0,
391540,3331,"5,000,000 .. 10,000,000",264082,8850,Undertale,game,False,57.0,229.0,75,2015-09-15,"English, Japanese",92.0,"Indie,RPG","Single-player,Steam Trading Cards,Remote Play on Phone,Remote Play on Tablet,Family Sharing",True,True,True,"Minimum:     OS *:  Windows XP, Vista, 7, 8, or 10    Memory:  2 GB RAM    Graphics:  128MB    Storage:  200 MB available space",tobyfox,tobyfox,0.9676,False,True,False,True,0.26,2015.0,10.8,Classic,2.0,
1447430,3328,"1,000,000 .. 2,000,000",7088,1800,小黑盒加速器,game,True,0.0,0.0,0,2021-05-24,Simplified Chinese,,"Software Training,Web Publishing,Game Development",,True,False,False,Minimum:    Requires a 64-bit processor and operating system    OS *:  Windows 7/8/10 - 64bits    Processor:  2 GHz Intel Pentium 4 or AMD Athlon or equivalent    Memory:  2 GB RAM    Graphics:  Intel HD Graphique    Network:  Broadband Internet connection    Storage:  200 MB available space    Sound Card:  All,Qing Feng Beijing Technology,Qing Feng Beijing Technology,0.7975,False,False,False,False,0.0,2021.0,5.1,Established,2.0,
1546320,3324,"200,000 .. 500,000",1640,408,Your Chronicle,game,True,0.0,0.0,0,2021-04-04,"English, Japanese, Simplified Chinese",,"RPG,Free To Play","Single-player,Steam Achievements,In-App Purchases,Steam Cloud,Family Sharing",True,True,True,"Minimum:    Requires a 64-bit processor and operating system    OS *:  Windows 7 (SP1+) and Windows 10    Processor:  2.5 GHz Intel Core i3    Memory:  4 GB RAM    Graphics:  DX10, DX11, DX12 capable.    DirectX:  Version 10    Storage:  150 MB available space",Samurai Games,Samurai Games,0.8008,False,False,False,True,0.0,2021.0,5.2,Established,4.0,
2404880,3296,"100,000 .. 200,000",465,126,Car Dealer Simulator,game,False,489.0,489.0,0,2025-05-29,"English<strong>*</strong>, Polish, French, Italian, German, Spanish - Spain, Portuguese - Portugal, Russian, Czech, Japanese, Korean, Portuguese - Brazil, Simplified Chinese, Thai, Turkish, Ukrainian, Vietnamese, Dutch<br><strong>*</strong>languages with full audio support",,"Casual,Indie,Simulation","Single-player,Steam Achievements,Full controller support,Steam Cloud,Family Sharing",True,False,False,Minimum:    Requires a 64-bit processor and operating system    OS:  Microsoft Windows 10/11 64-bit    Processor:  Intel Core i3 3.0 GHz or Ryzen 5 3000    Memory:  8 GB RAM    Graphics:  GeForce GTX 970 / Radeon RX 570    DirectX:  Version 11    Storage:  22 GB available space    Sound Card:  DirectX compatible    Additional Notes:  Requires a 64-bit processor and operating system,Garage Monkeys,Garage Monkeys,0.7868,False,True,False,True,2.22,2025.0,1.1,Recent,8.0,22.0
1258080,3279,"1,000,000 .. 2,000,000",13249,3679,Shop Titans,game,True,0.0,0.0,0,2020-05-05,"English, French, Italian, German, Spanish - Spain, Japanese, Korean, Portuguese - Brazil, Russian, Simplified Chinese, Traditional Chinese, Turkish, Ukrainian",,"Adventure,Casual,RPG,Simulation,Free To Play","Single-player,Multi-player,MMO,Co-op,Online Co-op,Cross-Platform Multiplayer,Steam Achievements,Steam Trading Cards,In-App Purchases,Family Sharing",True,False,False,Minimum:     OS *:  Windows 7    Memory:  2 GB RAM    Storage:  600 MB available space,"Kabam Games, Inc.","Kabam Games, Inc.",0.7827,False,False,True,True,0.0,2020.0,6.1,Established,2.0,
529760,3278,"100,000 .. 200,000",145,265,TAIKU MANSION,game,False,24.0,160.0,85,2017-02-13,"English, French, Italian, German, Spanish - Spain, Japanese, Korean, Russian, Simplified Chinese",,"Action,Adventure","Single-player,Steam Achievements,Steam Trading Cards,Captions available,Family Sharing",True,False,False,"Minimum:     OS:  Windows 10    Processor:  Quad-core Intel® or AMD processor, 2.5 GHz or faster    Memory:  8 GB RAM    Graphics:  NVIDIA GeForce 470 GTX or AMD Radeon 6870 HD series card or higher    DirectX:  Version 10    Storage:  1 GB available space",KITATUS STUDIOS,My Way Games,0.3537,False,False,False,True,0.11,2017.0,9.4,Established,8.0,1.0
1284210,3277,"2,000,000 .. 5,000,000",19151,2392,Guild Wars 2®,game,True,0.0,0.0,0,2022-08-23,"English<strong>*</strong>, French<strong>*</strong>, German<strong>*</strong>, Spanish - Spain<br><strong>*</strong>languages with full audio support",90.0,"Adventure,Massively Multiplayer,RPG,Free To Play","Multi-player,MMO,PvP,Online PvP,Co-op,Online Co-op,In-App Purchases,Family Sharing",True,False,False,Minimum:    Requires a 64-bit processor and operating system    OS *:  Windows 7 (64-bit)    Processor:  Intel® i3 3.4 GHz / AMD Athlon x4 3.8 GHz or better    Memory:  8 GB RAM    Graphics:  NVIDIA® GeForce® GTX 680 / AMD Radeon HD 7970    DirectX:  Version 11    Network:  Broadband Internet connection    Storage:  70 GB available space,ArenaNet®,"ArenaNet®,NCSOFT",0.889,False,False,True,False,0.0,2022.0,3.8,Modern,8.0,70.0
1250410,3245,"2,000,000 .. 5,000,000",51794,13872,Microsoft Flight Simulator (2020) 40th Anniversary Edition,game,False,890.0,2544.0,65,2020-08-17,"English<strong>*</strong>, French<strong>*</strong>, Italian, German<strong>*</strong>, Spanish - Spain, Polish, Portuguese - Brazil<strong>*</strong>, Russian, Dutch, Finnish, Japanese, Norwegian, Swedish<br><strong>*</strong>languages with full audio support",91.0,Simulation,"Single-player,Multi-player,Steam Achievements,Full controller support,VR Supported,In-App Purchases,HDR available,Family Sharing",True,False,False,"Minimum:    Requires a 64-bit processor and operating system    OS:  Windows 10    Processor:  Intel i5-4460 | AMD Ryzen 3 1200    Memory:  8 GB RAM    Graphics:  NVIDIA GTX 770 | AMD Radeon RX 570    DirectX:  Version 11    Storage:  150 GB available space    VR Support:  SteamVR, Oculus PC, or OpenXR. Keyboard and mouse required",Asobo Studio,Xbox Game Studios,0.7887,False,False,True,True,4.05,2020.0,5.8,Established,8.0,150.0
2622000,3227,"1,000,000 .. 2,000,000",9547,7422,Astral Party ,game,True,0.0,0.0,0,2024-02-28,"English, Japanese, Simplified Chinese, Traditional Chinese",,"Casual,Indie,RPG,Strategy","Multi-player,PvP,Online PvP,Co-op,Online Co-op,In-App Purchases,Family Sharing",True,False,False,Minimum:    Requires a 64-bit processor and operating system    OS:  Windows 10    Processor:  intel core i5    Memory:  8 GB RAM    Graphics:  NVIDIA GeForce GTX 750    DirectX:  Version 11    Network:  Broadband Internet connection    Storage:  4 GB available space,STAR ENGINE PROJECT,Neverland Entertainment,0.5626,False,True,True,False,0.0,2024.0,2.3,Modern,8.0,4.0
397540,3164,"2,000,000 .. 5,000,000",125248,23817,Borderlands 3,game,False,149.0,1499.0,90,2020-03-13,"English<strong>*</strong>, French<strong>*</strong>, Italian<strong>*</strong>, German<strong>*</strong>, Spanish - Spain<strong>*</strong>, Japanese<strong>*</strong>, Korean<strong>*</strong>, Portuguese - Brazil, Russian, Simplified Chinese<strong>*</strong>, Traditional Chinese<br><strong>*</strong>languages with full audio support",81.0,"Action,RPG","Single-player,Multi-player,Co-op,Online Co-op,LAN Co-op,Cross-Platform Multiplayer,Steam Achievements,Full controller support,Steam Trading Cards,Steam Cloud,Remote Play on Phone,Remote Play on Tablet,Remote Play on TV,Family Sharing",True,False,False,Minimum:    Requires a 64-bit processor and operating system    OS *:  Windows 7/10 (latest service pack)    Processor:  AMD FX-8350 or Intel i5-3570    Memory:  6 GB RAM    Graphics:  AMD Radeon™ HD 7970 or NVIDIA GeForce GTX 680 2 GB    DirectX:  Version 11    Storage:  75 GB available space    Sound Card:  DirectX Compatible,Gearbox Software,2K,0.8402,False,False,True,True,0.68,2020.0,6.3,Established,6.0,75.0
1465360,3132,"1,000,000 .. 2,000,000",39488,4393,SnowRunner,game,False,890.0,890.0,0,2021-05-17,"English, French, Italian, German, Spanish - Spain, Czech, Japanese, Korean, Polish, Portuguese - Brazil, Russian, Simplified Chinese, Traditional Chinese",,"Adventure,Simulation","Single-player,Multi-player,Co-op,Online Co-op,Steam Achievements,Full controller support,Steam Trading Cards,Camera Comfort,Custom Volume Controls,Playable without Timed Input,Save Anytime,Stereo Sound,Surround Sound,Steam Cloud,Remote Play on Phone,Remote Play on Tablet,Family Sharing",True,True,False,"Minimum:    Requires a 64-bit processor and operating system    OS *:  Windows 7/8/10 (64-bit)    Processor:  Intel i3-4130 3.4 GHz / AMD Ryzen 3 2200U 3.4 GHz    Memory:  8 GB RAM    Graphics:  2 GB, GeForce GTX 660 / Radeon R9 270    Storage:  50 GB available space",Saber Interactive,Focus Entertainment,0.8999,False,False,True,True,4.05,2021.0,5.1,Established,8.0,50.0
268500,3123,"5,000,000 .. 10,000,000",86187,15514,XCOM® 2,game,False,759.0,759.0,0,2016-02-04,"English<strong>*</strong>, French<strong>*</strong>, Italian<strong>*</strong>, German<strong>*</strong>, Spanish - Spain<strong>*</strong>, Japanese, Korean, Polish, Russian, Simplified Chinese, Traditional Chinese<br><strong>*</strong>languages with full audio support",88.0,Strategy,"Single-player,Steam Achievements,Steam Trading Cards,Steam Workshop,Steam Cloud,Remote Play on Tablet,Family Sharing",True,True,True,"Minimum:     OS *:  Windows® 7, 64-bit    Processor:  Intel Core 2 Duo E4700 2.6 GHz or AMD Phenom 9950 Quad Core 2.6 GHz    Memory:  4 GB RAM    Graphics:  1GB ATI Radeon HD 5770, 1GB NVIDIA GeForce GTX 460 or better    DirectX:  Version 11    Storage:  45 GB available space    Sound Card:  DirectX compatible sound card    Additional Notes:  Initial installation requires one-time Internet connection for Steam authentication; software installations required (included with the game) include Steam Client, Microsoft Visual C++2012 and 2013 Runtime Libraries and Microsoft DirectX.","Firaxis Games,Feral Interactive (Mac),Feral Interactive (Linux)","2K,Feral Interactive (Mac),Feral Interactive (Linux)",0.8475,False,False,False,True,3.45,2016.0,10.4,Classic,4.0,45.0
1229490,3122,"5,000,000 .. 10,000,000",165867,3884,ULTRAKILL,game,False,757.0,757.0,0,2020-09-03,English<strong>*</strong><br><strong>*</strong>languages with full audio support,,"Action,Indie,Early Access","Single-player,Full controller support,Steam Cloud,Family Sharing",True,False,False,Minimum:    Requires a 64-bit processor and operating system    OS:  Windows 10    Processor:  2.4 GHz Dual Core Processor Or Higher    Memory:  4 GB RAM    Graphics:  GeForce GTX 560 Or Equivalent    DirectX:  Version 11    Storage:  3 GB available space    Sound Card:  No vocal interface detected.,"Arsi ""Hakita"" Patala",New Blood Interactive,0.9771,False,True,False,True,3.44,2020.0,5.8,Established,4.0,3.0
1260320,3070,"2,000,000 .. 5,000,000",50198,13834,Party Animals,game,False,505.0,505.0,0,2023-09-20,"English<strong>*</strong>, Simplified Chinese<strong>*</strong>, Traditional Chinese<strong>*</strong>, French, German, Spanish - Spain, Japanese, Korean, Portuguese - Brazil, Thai<br><strong>*</strong>languages with full audio support",,"Action,Casual,Indie","Single-player,Multi-player,PvP,Online PvP,Shared/Split Screen PvP,Co-op,Online Co-op,Shared/Split Screen Co-op,Shared/Split Screen,Cross-Platform Multiplayer,Steam Achievements,Full controller support,In-App Purchases,Remote Play Together,Family Sharing",True,False,False,"Minimum:    Requires a 64-bit processor and operating system    OS:  Windows 10, 64-bit / Windows 11, 64-bit    Processor:  Intel Core i5 / AMD equivalent    Memory:  8 GB RAM    Graphics:  NVIDIA GTX 750-Ti / AMD RX 550, 2GB VRam    DirectX:  Version 11    Network:  Broadband Internet connection    Storage:  12 GB available space",Recreate Games,Source Technology,0.784,False,True,True,True,2.3,2023.0,2.7,Modern,8.0,12.0
3400930,3056,"50,000 .. 100,000",499,37,Guilty as Sock!,game,False,189.0,189.0,0,2025-05-29,"English<strong>*</strong>, French, Spanish - Spain, Simplified Chinese, Traditional Chinese, Korean, Japanese, Portuguese - Brazil, Russian<br><strong>*</strong>languages with full audio support",,"Casual,Simulation","Multi-player,PvP,Online PvP,Steam Achievements,Family Sharing",True,True,False,Minimum:    Requires a 64-bit processor and operating system    OS *:  Windows 7 or higher    Processor:  1.8GHz Dual-Core CPU    Memory:  8 GB RAM    Graphics:  Integrated Graphics    Storage:  1 GB available space,Demon Max,Demon Max,0.931,False,False,True,False,0.86,2025.0,1.1,Recent,8.0,1.0
48700,3055,"5,000,000 .. 10,000,000",162632,3773,Mount & Blade: Warband,game,False,620.0,620.0,0,2010-03-31,"English, Czech, French, German, Hungarian, Polish, Simplified Chinese, Traditional Chinese, Spanish - Spain, Turkish",78.0,"Action,RPG","Single-player,Multi-player,Steam Achievements,Steam Trading Cards,Steam Workshop,Family Sharing",True,True,True,Minimum:     OS *:  Windows® XP    Processor:  Intel Pentium 4 2.0 GHz or AMD 2.5 GHz    Memory:  512MB RAM    Graphics:  3D graphics card with 64MB RAM    Hard Drive:  100 MB available space     Sound:  Standard audio,TaleWorlds Entertainment,TaleWorlds Entertainment,0.9773,False,False,True,True,2.82,2010.0,16.2,Classic,,
977400,3036,"1,000,000 .. 2,000,000",21284,2406,Cell to Singularity - Evolution Never Ends,game,True,0.0,0.0,0,2021-11-03,"English, French, German, Spanish - Spain, Polish, Portuguese - Portugal, Russian, Italian, Japanese, Korean, Simplified Chinese, Traditional Chinese, Arabic, Ukrainian, Thai, Turkish, Vietnamese",,"Casual,Simulation,Free To Play","Single-player,Steam Achievements,In-App Purchases,Partial Controller Support,Steam Cloud,Family Sharing",True,True,False,Minimum:    Requires a 64-bit processor and operating system    OS *:  Windows 7    Processor:  1 gigahertz (GHz) or faster    Memory:  1 GB RAM    Graphics:  Low budget 3D graphics card    Storage:  150 MB available space,Computer Lunch,Computer Lunch,0.8984,False,False,False,True,0.0,2021.0,4.6,Modern,1.0,
627690,3034,"1,000,000 .. 2,000,000",11212,3268,Idle Champions of the Forgotten Realms,game,True,0.0,0.0,0,2020-03-25,"English, French, German, Portuguese - Brazil, Russian, Simplified Chinese, Spanish - Latin America",,"Action,Adventure,Indie,Strategy,Free To Play","Single-player,Steam Achievements,Steam Trading Cards,In-App Purchases,Remote Play on Tablet,Family Sharing",True,True,False,"Minimum:     OS:  Microsoft® Windows 10    Processor:  2.33GHz or faster x86-compatible processor, or Intel Atom™ 1.6GHz or faster processor for netbook class devices    Memory:  2 GB RAM    Graphics:  DirectX 10 compatible graphics card    DirectX:  Version 10    Storage:  2 GB available space",Codename Entertainment Inc.,Codename Entertainment Inc.,0.7743,True,True,False,True,0.0,2020.0,6.2,Established,2.0,2.0
933110,3016,"1,000,000 .. 2,000,000",40941,7401,Age of Empires III: Definitive Edition,game,True,0.0,0.0,0,2020-10-15,"English<strong>*</strong>, French<strong>*</strong>, Italian<strong>*</strong>, German<strong>*</strong>, Spanish - Spain<strong>*</strong>, Japanese, Korean, Portuguese - Brazil<strong>*</strong>, Russian, Simplified Chinese<strong>*</strong>, Traditional Chinese, Turkish, Vietnamese<br><strong>*</strong>languages with full audio support",75.0,"Strategy,Free To Play","Single-player,Multi-player,PvP,Online PvP,LAN PvP,Cross-Platform Multiplayer,Steam Achievements,Steam Trading Cards,Steam Cloud,Family Sharing",True,False,False,"Minimum:    Requires a 64-bit processor and operating system    OS:  Windows 10 version 18362.0 or higher    Processor:  Intel i3-2105 @ 3.1GHz or AMD Phenom II X4 973 with an average CPU Passmark score of 1830 or better    Memory:  8 GB RAM    Graphics:  GeForce GT 430, Radeon HD 5570, or Intel HD 4400 with an average Passmark G3D Mark of 570 or better @720p    DirectX:  Version 11    Network:  Broadband Internet connection    Storage:  42 GB available space    Additional Notes:  2 GB VRAM","World's Edge,Tantalus Media,Forgotten Empires",Xbox Game Studios,0.8469,False,False,True,True,0.0,2020.0,5.7,Established,8.0,42.0
1794680,2966,"5,000,000 .. 10,000,000",246479,3855,Vampire Survivors,game,False,129.0,129.0,0,2022-10-20,"English, French, Italian, German, Spanish - Spain, Japanese, Korean, Polish, Portuguese - Brazil, Russian, Simplified Chinese, Turkish, Ukrainian, Traditional Chinese",86.0,"Action,Casual,Indie,RPG","Single-player,Multi-player,Co-op,Online Co-op,Steam Achievements,Full controller support,Steam Trading Cards,Steam Cloud,Remote Play Together,Family Sharing",True,True,False,"Minimum:    Requires a 64-bit processor and operating system    OS:  Windows 10 64bit    Processor:  x64 architecture with SSE2 instruction set support    Memory:  1 GB RAM    Graphics:  DX11, DX12 capable    Storage:  2500 MB available space",poncle,poncle,0.9846,False,True,True,True,0.59,2022.0,3.7,Modern,1.0,
2338770,2932,"1,000,000 .. 2,000,000",13567,29895,NBA 2K24,game,False,0.0,0.0,0,2023-09-07,"English<strong>*</strong>, French, Italian, German, Spanish - Spain, Japanese, Korean, Simplified Chinese, Traditional Chinese<br><strong>*</strong>languages with full audio support",,"Simulation,Sports","Single-player,Multi-player,PvP,Online PvP,Shared/Split Screen PvP,Co-op,Online Co-op,Shared/Split Screen Co-op,Shared/Split Screen,Steam Achievements,In-App Purchases,Partial Controller Support,Steam Cloud,Remote Play Together,Family Sharing",True,False,False,"Minimum:    Requires a 64-bit processor and operating system    OS:  Windows 10 64-bit or Windows 11 64-bit    Processor:  Intel® Core™ i3-2100 @  3.10 GHz/ AMD FX-6200 @ 3.80 GHz or better    Memory:  6 GB RAM    Graphics:  NVIDIA® GeForce® GT 450 1GB/ ATI® Radeon™ HD 7770 1 GB or better    DirectX:  Version 11    Network:  Broadband Internet connection    Storage:  150 GB available space    Sound Card:  Directx 9.0x    Additional Notes:  Dual-analog Gamepad recommended. Initial installation requires one-time internet connection for Steam authentication; software installations required (included with the game) include DirectX and Visual C++ Redistributable 2012. In order to play NBA 2K24 on PC, you need a processor capable of supporting SSE 4.2 and AVX.",Visual Concepts,2K,0.3122,False,False,True,True,0.0,2023.0,2.8,Modern,6.0,150.0
1677740,2928,"5,000,000 .. 10,000,000",108841,19170,Stumble Guys,game,True,0.0,0.0,0,2021-10-07,"English, French, Italian, German, Spanish - Spain, Polish, Portuguese - Portugal, Portuguese - Brazil, Russian, Japanese, Korean, Indonesian, Spanish - Latin America",,"Action,Casual,Indie,Massively Multiplayer,Racing,Free To Play","Multi-player,PvP,Online PvP,Cross-Platform Multiplayer,In-App Purchases,Partial Controller Support,Family Sharing",True,False,False,Minimum:    Requires a 64-bit processor and operating system    OS:  Windows 10    Processor:  Intel Core 2 Duo E8400 | AMD Phenom II X4 965    Memory:  4 GB RAM    Graphics:  AMD Radeon HD 7750 | NVIDIA Geforce GTX 260    Network:  Broadband Internet connection    Storage:  512 MB available space,Scopely,Scopely,0.8502,True,True,True,False,0.0,2021.0,4.7,Modern,4.0,
1782210,2921,"5,000,000 .. 10,000,000",139538,12895,Crab Game,game,True,0.0,0.0,0,2021-10-29,English,,"Action,Casual,Free To Play,Indie,Racing","Multi-player,PvP,Online PvP,Co-op,Online Co-op,Family Sharing",True,True,True,"Minimum:    Requires a 64-bit processor and operating system    OS *:  Windows 7    Processor:  Intel Core i3 2,00 GHz    Memory:  2 GB RAM    Graphics:  Intel HD 520    Network:  Broadband Internet connection    Storage:  200 MB available space",Dani,Dani,0.9154,False,True,True,False,0.0,2021.0,4.6,Modern,2.0,
242760,2892,"20,000,000 .. 50,000,000",599805,27986,The Forest,game,False,429.0,429.0,0,2018-04-30,"English<strong>*</strong>, French, German, Czech, Finnish, Japanese, Korean, Polish, Portuguese - Brazil, Russian, Simplified Chinese, Swedish, Traditional Chinese, Turkish, Italian, Spanish - Spain<br><strong>*</strong>languages with full audio support",83.0,"Action,Adventure,Indie,Simulation","Single-player,Multi-player,Co-op,Online Co-op,LAN Co-op,Tracked Controller Support,VR Supported,Partial Controller Support,Steam Cloud,Family Sharing",True,False,False,Minimum:     OS *:  Windows 7    Processor:  Intel Dual-Core 2.4 GHz    Memory:  4 GB RAM    Graphics:  NVIDIA GeForce 8800GT    DirectX:  Version 9.0    Storage:  5 GB available space    Sound Card:  DirectX®-compatible    VR Support:  SteamVR or Oculus PC    Additional Notes:  32bit windows users need to ensure they have at least 4gb of ram usable on their system.,Endnight Games Ltd,Endnight Games Ltd,0.9554,False,True,True,True,1.95,2018.0,8.1,Established,4.0,5.0
570940,2879,"2,000,000 .. 5,000,000",119152,10147,DARK SOULS™: REMASTERED,game,False,1199.0,1199.0,0,2018-05-23,"English<strong>*</strong>, French, Italian, German, Spanish - Spain, Japanese, Korean, Polish, Portuguese - Brazil, Russian, Simplified Chinese, Traditional Chinese<br><strong>*</strong>languages with full audio support",84.0,Action,"Single-player,Multi-player,Steam Achievements,Full controller support,Remote Play on Phone,Remote Play on Tablet,Remote Play on TV,Family Sharing",True,False,False,"Minimum:    Requires a 64-bit processor and operating system    OS *:  Windows 7 64-bit, Service Pack 1    Processor:  Intel Core i5-2300 2.8 GHz / AMD FX-6300, 3.5 GHz    Memory:  6 GB RAM    Graphics:  GeForce GTX 460, 1 GB / Radeon HD 6870, 1 GB    DirectX:  Version 11    Storage:  8 GB available space    Sound Card:  DirectX 11 sound device    Additional Notes:  Low Settings, 60 FPS @ 1080p","QLOC,FromSoftware, Inc.","FromSoftware, Inc.,Bandai Namco Entertainment",0.9215,False,False,True,True,5.45,2018.0,8.1,Established,6.0,8.0
364690,2861,"200,000 .. 500,000",423,716,SUPER DISTRO,game,False,24.0,160.0,85,2015-07-22,"English, French, Italian, German, Spanish - Spain, Japanese, Korean, Russian, Simplified Chinese",,"Action,Adventure,Indie","Single-player,Steam Achievements,Full controller support,Steam Trading Cards,Family Sharing",True,False,False,"Minimum:     OS *:  64-bit: Vista, Win 7, Win 8, Win 10    Processor:  Intel Core i5-750 2.67 GHz / AMD Phenom II X4 965, 3.4 GHz    Memory:  2 GB RAM    Graphics:  NVIDIA GeForce GTX 560 / AMD Radeon HD 6950    DirectX:  Version 11    Storage:  300 MB available space",KITATUS STUDIOS,My Way Games,0.3714,False,True,False,True,0.11,2015.0,10.9,Classic,2.0,
505460,2821,"1,000,000 .. 2,000,000",36855,7213,Foxhole,game,False,619.0,619.0,0,2022-09-28,"English<strong>*</strong>, French<strong>*</strong>, German<strong>*</strong>, Portuguese - Portugal<strong>*</strong>, Russian<strong>*</strong>, Simplified Chinese<strong>*</strong><br><strong>*</strong>languages with full audio support",,"Action,Indie,Massively Multiplayer,RPG,Strategy","Multi-player,MMO,PvP,Online PvP,Valve Anti-Cheat enabled",True,False,False,Minimum:     OS:  Windows 10 or higher    Processor:  Intel Core i5-6200U / AMD Ryzen 3 3200U or equivalent    Memory:  8 GB RAM    Graphics:  Nvidia GTX GTX 960 / AMD Radeon R9 380 or equivalent    DirectX:  Version 11    Network:  Broadband Internet connection    Storage:  20 GB available space,Siege Camp,Siege Camp,0.8363,False,True,True,False,2.81,2022.0,3.7,Modern,8.0,20.0
32470,2818,"1,000,000 .. 2,000,000",38503,932,STAR WARS™ Empire at War - Gold Pack,game,False,595.0,595.0,0,2010-05-25,"English<strong>*</strong>, French<strong>*</strong>, Italian, German<strong>*</strong>, Spanish - Spain<br><strong>*</strong>languages with full audio support",,Strategy,"Single-player,Multi-player,PvP,Online PvP,Steam Cloud,Family Sharing",True,False,False,"Minimum:  					   Computer:  100% DirectX 9.0c compatible computer 						   Processor:  Intel Pentium III 1.0GHz or AMD Athlon 1.0 GHz 						   OS *:  Windows XP SP3, Windows Vista SP2, Windows 7 						   RAM:  512 MB 						   Graphics Card:  64 MB graphics card with Shader Model 2.0 support / ATI Radeon 9600 / NVIDIA 7200 / Intel 965 						   Sound Card:  100% DirectX 9.0c compatible PCI, USB, or Onboard Audio Device 						   Internet:  56kbps or faster connection (required for multiplayer only)",Petroglyph,"LucasArts,Lucasfilm,Disney",0.9764,False,False,True,True,2.7,2010.0,16.1,Classic,,
4700,2814,"1,000,000 .. 2,000,000",31910,1434,Total War: MEDIEVAL II – Definitive Edition,game,False,699.0,699.0,0,2006-11-15,"English<strong>*</strong>, French<strong>*</strong>, Italian<strong>*</strong>, German<strong>*</strong>, Spanish - Spain<strong>*</strong>, Czech<strong>*</strong>, Hungarian<strong>*</strong>, Polish<strong>*</strong>, Russian<strong>*</strong><br><strong>*</strong>languages with full audio support",,Strategy,"Single-player,Multi-player,Steam Trading Cards,Family Sharing",True,True,True,"Minimum System Requirements:  					  Microsoft® Windows® 2000/XP 					  Celeron 1.5GHz Pentium 4® (1500MHz) or equivalent AMD® processor 					  512MB RAM 					  11GB of uncompressed free hard disk space 					  100% DirectX® 9.0c compatible 16-bit sound cardand latest drivers 					  100% Windows® 2000/XP compatible mouse,keyboard and latest drivers 					  DirectX® 9.0c 					  128MB Hardware Accelerated video card with Shader 1 support and the latest drivers. Must be 100% DirectX® 9.0c compatible 					  1024 x 768 minimum display resolution 					  Internet (TCP / IP) play supported; Internet play requires broadband connection and latest drivers; LAN play requires Network card.   Important Note:  Some cards may not be compatible with the 3D acceleration features utilized by Medieval II: Total War. Please refer to your hardware manufacturer for 100% DirectX® 9.0c compatibility.  Microsoft no longer supports Windows 10 or older versions.","CREATIVE ASSEMBLY,Feral Interactive (Mac),Feral Interactive (Linux)","SEGA,Feral Interactive (Mac),Feral Interactive (Linux)",0.957,False,False,True,True,3.18,2006.0,19.6,Classic,,
916440,2784,"1,000,000 .. 2,000,000",20368,4723,Anno 1800,game,False,1999.0,1999.0,0,2019-04-16,"English<strong>*</strong>, French<strong>*</strong>, Italian, German<strong>*</strong>, Spanish - Spain, Japanese, Korean, Polish, Russian<strong>*</strong>, Simplified Chinese, Traditional Chinese<br><strong>*</strong>languages with full audio support",81.0,"Simulation,Strategy","Single-player,Multi-player,PvP,Online PvP,Co-op,Online Co-op,Steam Achievements,Steam Trading Cards,Captions available",True,False,False,"Minimum:    Requires a 64-bit processor and operating system    OS:  Windows 10(64-bit versions only)    Processor:  Intel i5 3470, AMD FX 6350    Memory:  8 GB RAM    Graphics:  NVIDIA GeForce 670 GTX or AMD Radeon R9 285 (2 GB of VRAM, Shader Model 5.0)    DirectX:  Version 11    Storage:  60 GB available space",Ubisoft Mainz,Ubisoft,0.8118,False,False,True,True,9.09,2019.0,7.2,Established,8.0,60.0
380600,2781,"5,000,000 .. 10,000,000",57004,8695,Fishing Planet,game,True,0.0,0.0,0,2017-08-28,"English, French, German, Polish, Russian, Ukrainian, Spanish - Spain, Dutch, Portuguese - Brazil, Simplified Chinese, Italian, Traditional Chinese, Japanese",,"Massively Multiplayer,Simulation,Sports,Free To Play","Single-player,Multi-player,MMO,PvP,Online PvP,Co-op,Online Co-op,Steam Achievements,Full controller support,Steam Trading Cards,In-App Purchases,Remote Play on TV,Family Sharing",True,True,True,"Minimum:    Requires a 64-bit processor and operating system    OS *:  OS Version - Windows 7, 8, 10 x64    Processor:  Dual-Core 2.4 Ghz    Memory:  4 GB RAM    Graphics:  Graphics Card Intel HD4600 or higher    DirectX:  Version 11    Network:  Broadband Internet connection    Storage:  12 GB available space    Additional Notes:  External mouse or compatible Xbox controller required",Fishing Planet LLC,Fishing Planet LLC,0.8677,False,False,True,True,0.0,2017.0,8.8,Established,4.0,12.0
400040,2777,"1,000,000 .. 2,000,000",7196,328,ShareX,game,True,0.0,0.0,0,2015-10-02,"English, Turkish, French, German, Spanish - Spain, Dutch, Hungarian, Korean, Portuguese - Brazil, Simplified Chinese, Russian, Italian, Traditional Chinese, Ukrainian, Japanese, Portuguese - Portugal, Romanian, Vietnamese, Arabic, Indonesian, Polish, Spanish - Latin America",,"Free To Play,Audio Production,Design & Illustration,Photo Editing,Utilities,Video Production,Web Publishing",,True,False,False,Minimum:     OS *:  Windows 7 Service Pack 1    Memory:  512 MB RAM    Storage:  150 MB available space,ShareX Team,ShareX Team,0.9564,True,False,False,False,0.0,2015.0,10.7,Classic,,
1517290,2774,"10,000,000 .. 20,000,000",139186,158588,Battlefield™ 2042,game,False,130.0,2600.0,95,2021-11-19,"English<strong>*</strong>, French<strong>*</strong>, Italian<strong>*</strong>, German<strong>*</strong>, Spanish - Spain<strong>*</strong>, Arabic<strong>*</strong>, Japanese<strong>*</strong>, Korean, Polish<strong>*</strong>, Portuguese - Brazil<strong>*</strong>, Russian<strong>*</strong>, Simplified Chinese<strong>*</strong>, Spanish - Latin America<strong>*</strong>, Traditional Chinese<br><strong>*</strong>languages with full audio support",,"Action,Adventure,Casual","Multi-player,PvP,Online PvP,Co-op,Online Co-op,Steam Achievements,Full controller support,Steam Trading Cards,In-App Purchases,Color Alternatives,Custom Volume Controls,Stereo Sound,Surround Sound,HDR available",True,False,False,"Minimum:    Requires a 64-bit processor and operating system    OS:  64-bit Windows 10    Processor:  AMD Ryzen 5 1600, Core i5 6600K    Memory:  8 GB RAM    Graphics:  AMD Radeon RX 560,Nvidia GeForce GTX 1050 Ti    DirectX:  Version 12    Network:  Broadband Internet connection    Storage:  100 GB available space    Sound Card:  No recommendation",DICE,Electronic Arts,0.4674,True,False,True,False,0.59,2021.0,4.6,Modern,8.0,100.0
2646460,2760,"200,000 .. 500,000",11979,2887,Soulmask,game,False,719.0,899.0,20,2026-04-09,"English, Simplified Chinese, Spanish - Spain, Russian, Japanese, Traditional Chinese, Korean, French, German, Portuguese - Brazil",,"Adventure,Indie,RPG,Simulation,Free To Play","Single-player,Multi-player,PvP,Online PvP,LAN PvP,Co-op,Online Co-op,LAN Co-op,Steam Achievements,Steam Workshop,Steam Cloud,Family Sharing",True,False,False,Minimum:    Requires a 64-bit processor and operating system    OS:  64bit -win10    Processor:  Intel Core i5-8400 / AMD Ryzen 3 3300X    Memory:  16 GB RAM    Graphics:  GTX 970 4GB / AMD RX 580 4GB    DirectX:  Version 12    Network:  Broadband Internet connection    Storage:  25 GB available space    Sound Card:  on board    Additional Notes:  SSD(preferred),CampFire Studio,Qooland Games,0.8058,False,True,True,True,3.27,2026.0,0.2,Recent,16.0,25.0
644930,2751,"2,000,000 .. 5,000,000",41508,7257,They Are Billions,game,False,619.0,619.0,0,2019-06-18,"English<strong>*</strong>, Spanish - Spain, French, German, Japanese, Korean, Polish, Portuguese - Brazil, Russian, Simplified Chinese, Traditional Chinese, Italian<br><strong>*</strong>languages with full audio support",77.0,Strategy,"Single-player,Steam Achievements,Steam Trading Cards,Steam Workshop,Steam Cloud,Stats,Steam Leaderboards,Includes level editor,Remote Play on Tablet,Family Sharing",True,False,False,"Minimum:     OS *:  Windows 7, 8, 10 (32 and 64 bits)    Processor:  INTEL, AMD 2 cores CPU at 2Ghz    Memory:  4 GB RAM    Graphics:  Intel HD3000, Radeon, Nvidia card with shader model 3, 1GB video ram.    DirectX:  Version 9.0c    Storage:  4 GB available space    Additional Notes:  Minimum resolution: 1360x768, recomended FULL HD 1920x1080.",Numantian Games,Numantian Games,0.8512,False,False,False,True,2.81,2019.0,7.0,Established,4.0,4.0
264710,2719,"5,000,000 .. 10,000,000",304449,9258,Subnautica,game,False,885.0,885.0,0,2018-01-23,"English<strong>*</strong>, French, German, Polish, Russian, Simplified Chinese, Turkish, Finnish, Italian, Czech, Hungarian, Spanish - Spain, Danish, Japanese, Korean, Portuguese - Brazil, Bulgarian, Ukrainian, Dutch, Swedish, Vietnamese, Spanish - Latin America, Traditional Chinese, Portuguese - Portugal, Latvian, Lithuanian, Slovak<br><strong>*</strong>languages with full audio support",87.0,"Adventure,Indie","Single-player,Steam Achievements,Full controller support,VR Supported,Steam Trading Cards,VR Support,Steam Cloud,Remote Play on TV,Family Sharing",True,True,False,"Minimum:    Requires a 64-bit processor and operating system    OS *:  Windows Vista SP2 or newer, 64-bit    Processor:  Intel Haswell 2 cores / 4 threads @ 2.5Ghz or equivalent    Memory:  4 GB RAM    Graphics:  Intel HD 4600 or equivalent - This includes most GPUs scoring greater than 950 points in the 3DMark Fire Strike benchmark    DirectX:  Version 11    Storage:  20 GB available space    VR Support:  SteamVR. Keyboard or gamepad required",Unknown Worlds Entertainment,Unknown Worlds Entertainment,0.9705,True,True,False,True,4.02,2018.0,8.4,Established,4.0,20.0
1366540,2703,"2,000,000 .. 5,000,000",83095,1993,Dyson Sphere Program,game,False,429.0,429.0,0,2021-01-20,"Simplified Chinese<strong>*</strong>, English<strong>*</strong>, French<strong>*</strong>, German<strong>*</strong>, Japanese<strong>*</strong><br><strong>*</strong>languages with full audio support",,"Indie,Simulation,Strategy,Early Access","Single-player,Steam Achievements,Family Sharing",True,False,False,"Minimum:    Requires a 64-bit processor and operating system    OS *:  Windows 7(64-Bit)    Processor:  i3-530 2.93GHZ 2 Core    Memory:  8 GB RAM    Graphics:  Dedicated graphics card, GTX 750 Ti 2GB    DirectX:  Version 11    Storage:  5 GB available space    Sound Card:  DirectX compatible    Additional Notes:  GPU must support Shader Model 5.0",Youthcat Studio,Gamirror Games,0.9766,False,True,False,True,1.95,2021.0,5.4,Established,8.0,5.0
412220,2679,"1,000,000 .. 2,000,000",33440,4010,DDNet,game,True,0.0,0.0,0,2020-08-17,"English, French, German, Spanish - Spain, Dutch, Hungarian, Polish, Portuguese - Brazil, Russian, Simplified Chinese, Swedish, Traditional Chinese, Turkish, Ukrainian, Italian, Czech, Danish, Norwegian, Arabic, Bulgarian, Finnish, Greek, Japanese, Korean, Portuguese - Portugal, Romanian, Azerbaijani, Belarusian, Bosnian, Catalan, Estonian, Galician, Kyrgyz, Serbian, Slovak",,"Action,Indie,Free To Play","Single-player,Multi-player,Co-op,Online Co-op,LAN Co-op,Cross-Platform Multiplayer,Includes level editor,Family Sharing",True,True,True,Minimum:     OS:  Windows 10 or newer    Processor:  1.4GHz or faster    Memory:  2048 MB RAM    Graphics:  OpenGL 2.1 capable    Storage:  200 MB available space,DDNet Team,DDNet Team,0.8929,False,True,True,True,0.0,2020.0,5.8,Established,,
3590,2656,"2,000,000 .. 5,000,000",136574,3351,Plants vs. Zombies GOTY Edition,game,False,120.0,120.0,0,2009-05-05,English,87.0,Strategy,"Single-player,Steam Achievements,Remote Play on Phone,Remote Play on Tablet,Family Sharing",True,True,False,"OS *:  Windows XP/Vista/7 	                       Processor:  1.2GHz+ processor 	                       Memory:  1GB of RAM 	                       Graphics:  128MB of video memory, 16-bit or 32-bit color quality 	                       DirectX:  DirectX 8 or later 	                       Hard Drive:  65+MB of free hard drive space 	                       Sound:  DirectX-compatible sound","PopCap Games, Inc.","PopCap Games, Inc.,Electronic Arts",0.9761,False,False,False,True,0.55,2009.0,17.1,Classic,,
1659040,2637,"2,000,000 .. 5,000,000",39449,6333,HITMAN World of Assassination,game,False,885.0,885.0,0,2022-01-20,"English<strong>*</strong>, French, Italian, German, Spanish - Spain, Japanese, Russian, Simplified Chinese, Traditional Chinese<br><strong>*</strong>languages with full audio support",87.0,"Action,Adventure","Single-player,Steam Achievements,Full controller support,Tracked Controller Support,VR Supported,VR Support,Custom Volume Controls,Playable without Timed Input,Stereo Sound,Subtitle Options,Surround Sound,Steam Cloud,Family Sharing",True,True,False,Minimum:    Requires a 64-bit processor and operating system    OS:  OS 64-bit Windows 10    Processor:  Intel CPU Core i5-2500K 3.3GHz / AMD CPU Phenom II X4 940    Memory:  8 GB RAM    Graphics:  NVIDIA GeForce GTX 660 / Radeon HD 7870    DirectX:  Version 12    Storage:  60 GB available space,IO Interactive A/S,IO Interactive A/S,0.8617,False,False,False,True,4.02,2022.0,4.4,Modern,8.0,60.0
3183280,2634,"100,000 .. 200,000",2230,1377,Game of Thrones: Kingsroad,game,True,0.0,0.0,0,2025-05-21,"English<strong>*</strong>, French, Italian, German, Spanish - Spain, Portuguese - Brazil, Turkish<br><strong>*</strong>languages with full audio support",,"Action,Adventure,RPG,Free To Play","Single-player,Multi-player,Co-op,Online Co-op,In-App Purchases,Partial Controller Support",True,False,False,Minimum:    Requires a 64-bit processor and operating system    OS:  Windows 10 64 bit    Processor:  Intel Core i5-2500K or AMD FX-8350    Memory:  8 GB RAM    Graphics:  NVIDIA GeForce GTX 1060 6GB    DirectX:  Version 12    Network:  Broadband Internet connection    Storage:  60 GB available space    Additional Notes:  SSD recommended for optimal performance,Netmarble Neo,Netmarble,0.6182,False,False,True,True,0.0,2025.0,1.1,Recent,8.0,60.0
812140,2629,"5,000,000 .. 10,000,000",153091,19102,Assassin's Creed® Odyssey,game,False,1999.0,1999.0,0,2018-10-05,"English<strong>*</strong>, French<strong>*</strong>, Italian<strong>*</strong>, German<strong>*</strong>, Spanish - Spain<strong>*</strong>, Arabic, Czech, Dutch, Japanese<strong>*</strong>, Korean, Polish, Portuguese - Brazil<strong>*</strong>, Russian<strong>*</strong>, Simplified Chinese, Traditional Chinese<br><strong>*</strong>languages with full audio support",,"Action,Adventure,RPG","Single-player,Steam Achievements,Steam Trading Cards,Captions available,In-App Purchases,Camera Comfort,Custom Volume Controls,Adjustable Difficulty,Keyboard Only Option,Mouse Only Option,Playable without Timed Input,Save Anytime,Stereo Sound,Surround Sound,Partial Controller Support,Remote Play on Phone,Remote Play on Tablet,HDR available",True,False,False,"Minimum:    Requires a 64-bit processor and operating system    OS:  Windows 10 (64bit versions only)    Processor:  AMD FX 6300 @ 3.8 GHz, Ryzen 3 - 1200, Intel Core i5 2400 @ 3.1 GHz (MORE DETAILS HERE)    Memory:  8 GB RAM    Graphics:  AMD Radeon R9 285, NVIDIA GeForce GTX 660 (2GB VRAM with Shader Model 5.0) (MORE DETAILS HERE)    DirectX:  Version 11    Storage:  46+ GB available space    Additional Notes:  Video Preset: Lowest (720p)","Ubisoft Quebec,Ubisoft Montreal,Ubisoft Bucharest,Ubisoft Singapore,Ubisoft Montpellier,Ubisoft Kiev,Ubisoft Shanghai",Ubisoft,0.8891,False,False,False,True,9.09,2018.0,7.7,Established,8.0,
784150,2590,"500,000 .. 1,000,000",20192,1983,Workers & Resources: Soviet Republic,game,False,999.0,999.0,0,2024-06-20,"English, French, German, Polish, Russian, Simplified Chinese, Spanish - Spain, Italian, Japanese, Portuguese - Brazil, Hungarian, Korean, Ukrainian, Bulgarian, Traditional Chinese, Turkish, Slovak, Czech",81.0,"Simulation,Strategy","Single-player,Steam Achievements,Steam Trading Cards,Steam Workshop,Adjustable Text Size,Camera Comfort,Custom Volume Controls,Adjustable Difficulty,Save Anytime,Partial Controller Support,Steam Cloud,Includes level editor,Family Sharing",True,False,False,Minimum:    Requires a 64-bit processor and operating system    OS:  Windows® 10 (64-bit)    Processor:  Intel® Pentium® G3250 (dual-core) / AMD® FX-Series™ FX-9590 (quad-core)    Memory:  6 GB RAM    Graphics:  NVIDIA® GeForce® GTX 650 (2 GB) / AMD® Radeon™ HD 7770 (2 GB)    DirectX:  Version 11    Storage:  9 GB available space,3Division,Hooded Horse,0.9106,False,False,False,True,4.54,2024.0,2.0,Recent,6.0,9.0
2071280,2578,"200,000 .. 500,000",12942,3211,Ravenswatch,game,False,840.0,840.0,0,2024-09-26,"English<strong>*</strong>, French, Italian, German, Spanish - Spain, Korean, Polish, Portuguese - Brazil, Russian, Japanese, Simplified Chinese, Traditional Chinese<br><strong>*</strong>languages with full audio support",84.0,"Action,Adventure","Single-player,Multi-player,Co-op,Online Co-op,Full controller support,Steam Cloud,Family Sharing",True,False,False,Minimum:    Requires a 64-bit processor and operating system    OS:  Windows 10 x64 (Version 1909 or newer)    Processor:  Intel Core i5-4670K (4 * 3400) / AMD FX-8350 (4 * 4000)    Memory:  8 GB RAM    Graphics:  GeForce GTX 960 (2048 MB) / AMD Radeon RX 470 (2048 MB)    DirectX:  Version 12    Storage:  3 GB available space,Passtech Games,Nacon,0.8012,False,False,True,True,3.82,2024.0,1.7,Recent,8.0,3.0
305620,2575,"2,000,000 .. 5,000,000",101846,10729,The Long Dark,game,False,579.0,579.0,0,2017-08-01,"English<strong>*</strong>, German, Russian, French, Spanish - Spain, Finnish, Japanese, Korean, Norwegian, Portuguese - Portugal, Simplified Chinese, Swedish, Traditional Chinese, Turkish, Portuguese - Brazil, Dutch, Italian, Polish, Ukrainian<br><strong>*</strong>languages with full audio support",,"Adventure,Indie,Simulation,Strategy","Single-player,Steam Achievements,Full controller support,Steam Trading Cards,Steam Cloud,Remote Play on TV,Family Sharing",True,True,True,Minimum:    Requires a 64-bit processor and operating system    OS *:  Windows 8    Processor:  Dual-Core Intel i5 CPU @ 2GHz+    Memory:  4 GB RAM    Graphics:  Intel 4xxx Series w/ 512MB VRAM or better    Storage:  7 GB available space    Sound Card:  Any on-board chip will work.,Hinterland Studio Inc.,Hinterland Studio Inc.,0.9047,False,True,False,True,2.63,2017.0,8.9,Established,4.0,7.0
2051620,2569,"1,000,000 .. 2,000,000",22507,5656,Enlisted,game,True,0.0,0.0,0,2024-07-16,"English<strong>*</strong>, French, German<strong>*</strong>, Japanese<strong>*</strong>, Korean, Polish, Russian<strong>*</strong>, Simplified Chinese, Spanish - Latin America<br><strong>*</strong>languages with full audio support",,"Action,Massively Multiplayer,Free To Play","Multi-player,MMO,PvP,Online PvP,Co-op,Online Co-op,Cross-Platform Multiplayer,Steam Achievements,Full controller support,In-App Purchases,Adjustable Text Size,Camera Comfort,Custom Volume Controls,Playable without Timed Input,Family Sharing",True,False,True,"Minimum:    Requires a 64-bit processor and operating system    OS:  Windows 10/11 64bit    Processor:  Intel Core i3 or better    Memory:  8 GB RAM    Graphics:  Nvidia GeForce GTX 660 or better, AMD Radeon series 78XX or better    DirectX:  Version 11    Network:  Broadband Internet connection    Storage:  49 GB available space",Darkflow Software,Gaijin Network Ltd,0.7992,True,False,True,False,0.0,2024.0,1.9,Recent,8.0,49.0
588650,2559,"5,000,000 .. 10,000,000",163549,4915,Dead Cells,game,False,264.0,529.0,50,2018-08-06,"English<strong>*</strong>, French<strong>*</strong>, Simplified Chinese<strong>*</strong>, Italian<strong>*</strong>, German<strong>*</strong>, Spanish - Spain<strong>*</strong>, Japanese<strong>*</strong>, Portuguese - Portugal<strong>*</strong>, Russian<strong>*</strong>, Turkish<strong>*</strong>, Korean<strong>*</strong>, Traditional Chinese<strong>*</strong>, Portuguese - Brazil<strong>*</strong>, Spanish - Latin America<strong>*</strong>, Polish<strong>*</strong><br><strong>*</strong>languages with full audio support",89.0,"Action,Adventure,Indie","Single-player,Steam Achievements,Full controller support,Steam Trading Cards,Steam Workshop,Steam Cloud,Remote Play on Phone,Remote Play on Tablet,Remote Play on TV,Family Sharing",True,True,True,Minimum:     OS *:  Windows 7+    Processor:  Intel i5+    Memory:  2 GB RAM    Graphics:  Nvidia 450 GTS / Radeon HD 5750 or better    Storage:  500 MB available space    Additional Notes:  DirectX 9.1+ or OpenGL 3.2+,Motion Twin,Motion Twin,0.9708,True,True,False,True,1.2,2018.0,7.9,Established,2.0,
1290000,2547,"1,000,000 .. 2,000,000",50767,1643,PowerWash Simulator,game,False,829.0,829.0,0,2022-07-14,"English, Korean, Russian, French, German, Spanish - Spain, Japanese, Simplified Chinese, Traditional Chinese, Italian, Turkish, Portuguese - Brazil",,"Casual,Indie,Simulation","Single-player,Multi-player,Co-op,Online Co-op,Cross-Platform Multiplayer,Steam Achievements,Full controller support,Steam Trading Cards,Steam Cloud,Family Sharing",True,False,False,"Minimum:    Requires a 64-bit processor and operating system    OS *:  Windows 8 (64-bit) or newer    Processor:  Intel i5-760 (4*2800), AMD Phenom II    Memory:  4 GB RAM    Graphics:  GeForce GTX 760, AMD R7-260X    DirectX:  Version 11    Storage:  6 GB available space    Additional Notes:  Requires a 64-bit processor and operating system",FuturLab,FuturLab,0.9687,False,True,True,True,3.77,2022.0,3.9,Modern,4.0,6.0
1190970,2543,"200,000 .. 500,000",11633,2058,House Flipper 2,game,False,877.0,877.0,0,2023-12-14,"English<strong>*</strong>, French, Italian, German, Spanish - Spain, Dutch, Japanese, Korean, Norwegian, Polish, Portuguese - Brazil, Portuguese - Portugal, Russian, Simplified Chinese, Spanish - Latin America, Traditional Chinese, Turkish, Ukrainian<br><strong>*</strong>languages with full audio support",79.0,"Action,Adventure,Casual,Indie,Massively Multiplayer,Simulation","Single-player,Multi-player,Co-op,Online Co-op,LAN Co-op,Cross-Platform Multiplayer,Steam Achievements,Full controller support,Steam Trading Cards,Custom Volume Controls,Playable without Timed Input,Save Anytime,Stereo Sound,Steam Cloud,Includes level editor,Family Sharing",True,False,False,Minimum:    Requires a 64-bit processor and operating system    OS:  Windows 10 64bit    Processor:  AMD Ryzen 5 1st gen / Intel Core i5 7th gen    Memory:  8 GB RAM    Graphics:  AMD Radeon RX 580 4GB / NVIDIA GeForce GTX 1060 6GB    DirectX:  Version 11    Storage:  10 GB available space,Frozen District,Frozen District,0.8497,True,True,True,True,3.99,2023.0,2.5,Modern,8.0,10.0
3020510,2538,"200,000 .. 500,000",4836,573,Legend of Heroes: Three Kingdoms,game,False,595.0,595.0,0,2025-03-25,Simplified Chinese<strong>*</strong><br><strong>*</strong>languages with full audio support,,"Indie,RPG,Simulation,Strategy,Early Access","Single-player,Steam Achievements,Steam Cloud,Family Sharing",True,False,False,Minimum:    Requires a 64-bit processor and operating system    OS:  Windows10    Processor:  Intel Core i5    Memory:  12 GB RAM    Graphics:  NVIDIA GTX960 4G    DirectX:  Version 11    Storage:  10 GB available space,Free Wing,"Free Wing,NPC Entertainment",0.8941,False,True,False,True,2.7,2025.0,1.2,Recent,12.0,10.0
2488370,2538,"100,000 .. 200,000",2580,343,Cash Cleaner Simulator,game,False,374.0,499.0,25,2025-05-08,"English<strong>*</strong>, German, French, Spanish - Spain, Japanese, Russian, Simplified Chinese, Turkish, Traditional Chinese, Polish, Portuguese - Brazil, Italian, Korean<br><strong>*</strong>languages with full audio support",,"Casual,Indie,Simulation","Single-player,Steam Achievements,Full controller support,Steam Trading Cards,Color Alternatives,Custom Volume Controls,Playable without Timed Input,Save Anytime,Stereo Sound,Surround Sound,Steam Cloud,Family Sharing",True,False,False,Minimum:     OS:  Windows 10 and up    Processor:  i5 2.2GHz 8th Gen and up    Memory:  8 GB RAM    Graphics:  NVIDIA GTX 1060 4GB    DirectX:  Version 12    Storage:  6 GB available space    Sound Card:  Integrated,Mind Control Games,"Forklift Interactive,Gamersky Games",0.8827,False,True,False,True,1.7,2025.0,1.1,Recent,8.0,6.0
379430,2520,"2,000,000 .. 5,000,000",136446,25760,Kingdom Come: Deliverance,game,False,1049.0,1049.0,0,2018-02-13,"English<strong>*</strong>, French<strong>*</strong>, German<strong>*</strong>, Spanish - Spain, Czech<strong>*</strong>, Polish, Russian, Italian, Simplified Chinese, Turkish, Korean, Ukrainian, Portuguese - Brazil, Japanese<strong>*</strong><br><strong>*</strong>languages with full audio support",76.0,"Action,Adventure,RPG","Single-player,Steam Achievements,Full controller support,Steam Trading Cards,Steam Cloud,Remote Play on TV,Family Sharing",True,False,False,"Minimum:    Requires a 64-bit processor and operating system    OS *:  OS 64-bit Windows 7 or 64-bit Windows 8 (8.1) or Windows 10    Processor:  Intel CPU Core i5-2500K 3.3GHz, AMD CPU Phenom II X4 940    Memory:  8 GB RAM    Graphics:  Nvidia GPU GeForce GTX 660, AMD GPU Radeon HD 7870    DirectX:  Version 11    Storage:  70 GB available space    Sound Card:  Integrated    Additional Notes:  SSD recommended",Warhorse Studios,"Warhorse Studios,Deep Silver",0.8412,False,False,False,True,4.77,2018.0,8.4,Established,8.0,70.0
703080,2497,"2,000,000 .. 5,000,000",80029,7820,Planet Zoo,game,False,1085.0,1085.0,0,2019-11-05,"English<strong>*</strong>, French<strong>*</strong>, German<strong>*</strong>, Spanish - Spain<strong>*</strong>, Japanese<strong>*</strong>, Korean<strong>*</strong>, Portuguese - Brazil<strong>*</strong>, Simplified Chinese<strong>*</strong>, Traditional Chinese, Italian<strong>*</strong>, Czech, Danish, Dutch, Norwegian, Polish, Russian<strong>*</strong>, Spanish - Latin America<strong>*</strong>, Swedish<br><strong>*</strong>languages with full audio support",81.0,"Casual,Simulation,Strategy","Single-player,Steam Achievements,Steam Trading Cards,Steam Workshop,Steam Cloud,HDR available,Family Sharing",True,False,False,Minimum:    Requires a 64-bit processor and operating system    OS *:  Windows 7 (SP1+)/8.1/10 64bit    Processor:  Intel i5-2500 / AMD FX-6350    Memory:  8 GB RAM    Graphics:  NVIDIA GeForce GTX 770 (2GB) / AMD Radeon R9 270X (2GB)    Storage:  16 GB available space    Additional Notes:  Minimum specifications may change during development,Frontier Developments,Frontier Developments,0.911,True,False,False,True,4.93,2019.0,6.6,Established,8.0,16.0
1343400,2496,"2,000,000 .. 5,000,000",20941,4397,RuneScape ®,game,True,0.0,0.0,0,2020-10-14,"English, French, German, Portuguese - Brazil",,"Massively Multiplayer,RPG,Free To Play","Multi-player,MMO,Cross-Platform Multiplayer,Steam Achievements,In-App Purchases,Adjustable Text Size,Camera Comfort,Color Alternatives,Custom Volume Controls,Save Anytime,Subtitle Options,Touch Only Option,Family Sharing",True,True,False,Minimum:    Requires a 64-bit processor and operating system    OS:  Windows 10 or later    Network:  Broadband Internet connection,Jagex Ltd,Jagex Ltd,0.8265,False,False,True,False,0.0,2020.0,5.7,Established,,
2670630,2464,"2,000,000 .. 5,000,000",64104,4237,Supermarket Simulator,game,False,595.0,595.0,0,2025-06-19,"English, French, Italian, German, Spanish - Spain, Simplified Chinese, Portuguese - Brazil, Dutch, Japanese, Korean, Portuguese - Portugal, Russian, Turkish, Danish, Finnish, Polish, Hungarian, Romanian, Czech, Lithuanian",,"Casual,Indie,Simulation","Single-player,Multi-player,Co-op,Online Co-op,Steam Achievements,Full controller support,Steam Cloud,Family Sharing",True,True,False,Minimum:     OS:  Windows (64-bit) 10    Processor:  i5 3550 / RYZEN 5 2500X    Memory:  8 GB RAM    Graphics:  NVIDIA GTX 1050 / AMD R9 270X    DirectX:  Version 11    Storage:  5 GB available space,Nokta Games,Nokta Games,0.938,False,True,True,True,2.7,2025.0,1.0,Recent,8.0,5.0
1384160,2463,"1,000,000 .. 2,000,000",52377,7005,GUILTY GEAR -STRIVE-,game,False,1438.0,1438.0,0,2021-06-11,"English<strong>*</strong>, Japanese<strong>*</strong>, Simplified Chinese, Traditional Chinese, French, Italian, German, Spanish - Spain, Korean<strong>*</strong>, Portuguese - Brazil<br><strong>*</strong>languages with full audio support",85.0,Action,"Single-player,Multi-player,PvP,Online PvP,Shared/Split Screen PvP,Shared/Split Screen,Steam Achievements,Full controller support,Steam Cloud,Remote Play Together,Family Sharing",True,False,False,"Minimum:     OS *:  Windows 8/10 (64-bit OS required)    Processor:  AMD FX-4350, 4.2 GHz / Intel Core i5-3450, 3.10 GHz    Memory:  4 GB RAM    Graphics:  Radeon HD 6870, 1 GB / GeForce GTX 650 Ti, 1 GB    DirectX:  Version 11    Network:  Broadband Internet connection    Storage:  26 GB available space    Sound Card:  DirectX compatible soundcard or onboard chipset",Arc System Works,Arc System Works,0.882,False,False,True,True,6.54,2021.0,5.0,Modern,4.0,26.0
1062520,2422,"1,000,000 .. 2,000,000",22671,1913,Dinkum,game,False,476.0,595.0,20,2025-04-22,"English, French, Italian, German, Russian, Spanish - Latin America, Indonesian, Japanese, Simplified Chinese, Traditional Chinese, Thai, Turkish, Portuguese - Brazil, Korean",,"Adventure,Casual,Indie,RPG,Simulation","Single-player,Multi-player,Co-op,Online Co-op,Full controller support,Steam Cloud,Family Sharing",True,False,False,Minimum:     OS:  Windows 10 64-bit    Processor:  Intel Core i3-13100 / AMD Ryzen 3 4100    Memory:  8 GB RAM    Graphics:  NVIDIA GTX 1650 4GB / AMD Radeon RX 570 4GB    DirectX:  Version 11    Network:  Broadband Internet connection    Storage:  2 GB available space    Sound Card:  DirectX compatible,James Bendon,"KRAFTON, Inc.",0.9222,True,True,True,True,2.16,2025.0,1.2,Recent,8.0,2.0
1328670,2420,"1,000,000 .. 2,000,000",51295,5033,Mass Effect™ Legendary Edition,game,False,208.0,2600.0,92,2021-05-14,"English<strong>*</strong>, French<strong>*</strong>, Italian<strong>*</strong>, German<strong>*</strong>, Spanish - Spain, Japanese, Polish, Russian<br><strong>*</strong>languages with full audio support",86.0,"Action,RPG","Single-player,Steam Achievements,Full controller support,Steam Trading Cards,Adjustable Difficulty,Stereo Sound,Surround Sound,Remote Play on TV",True,False,False,"Minimum:    Requires a 64-bit processor and operating system    OS:  64-bit Windows 10    Processor:  Intel Core i5 3570 or AMD FX-8350    Memory:  8 GB RAM    Graphics:  GPU: NVIDIA GTX 760, AMD Radeon 7970 / R9280X GPU RAM: 2 GB Video Memory    DirectX:  Version 11    Storage:  120 GB available space",BioWare,Electronic Arts,0.9106,False,False,False,True,0.95,2021.0,5.1,Established,8.0,120.0
1643320,2403,"2,000,000 .. 5,000,000",91274,22072,S.T.A.L.K.E.R. 2: Heart of Chornobyl,game,False,1699.0,1699.0,0,2024-11-20,"English<strong>*</strong>, French, Italian, German, Spanish - Spain, Japanese, Korean, Polish, Portuguese - Brazil, Russian, Simplified Chinese, Traditional Chinese, Ukrainian<strong>*</strong>, Arabic, Czech, Spanish - Latin America, Turkish, Serbian<br><strong>*</strong>languages with full audio support",,"Action,Adventure,RPG","Single-player,Steam Achievements,Steam Trading Cards,Steam Workshop,Partial Controller Support,Steam Cloud,HDR available,Family Sharing",True,False,False,Minimum:     OS:  Windows 10 x64 / Windows 11 x64    Processor:  Intel Core i7-7700K / AMD Ryzen 5 1600X    Memory:  16 GB RAM    Graphics:  Nvidia GeForce GTX 1060 6GB / AMD Radeon RX 580 8GB / Intel Arc A750    Storage:  160 GB available space    Additional Notes:  Graphics Preset: LOW / Resolution: 1080p / Target FPS: 30. 16 GB Dual Channel RAM. SSD required. The listed specifications were evaluated using TSR and comparable technologies.,GSC Game World,"GSC Game World (worldwide),SEGA (Japan),4Divinity (China and South East Asia)",0.8053,True,False,False,True,7.72,2024.0,1.6,Recent,16.0,160.0
2162800,2399,"200,000 .. 500,000",10856,205,shapez 2 - Factory,game,False,531.0,885.0,40,2026-04-23,"English, French, German, Spanish - Spain, Korean, Turkish, Polish, Russian, Thai, Japanese, Portuguese - Brazil, Simplified Chinese, Traditional Chinese",80.0,"Casual,Indie,Simulation,Strategy","Single-player,Steam Achievements,Steam Workshop,Adjustable Text Size,Camera Comfort,Color Alternatives,Custom Volume Controls,Adjustable Difficulty,Playable without Timed Input,Save Anytime,Stereo Sound,Subtitle Options,Steam Cloud,Family Sharing",True,True,True,Minimum:    Requires a 64-bit processor and operating system    OS:  Windows 10 64bit    Processor:  Intel(R) Core(TM) i5-10400 CPU    Memory:  8 GB RAM    Graphics:  NVIDIA GeForce GTX 750 Ti    DirectX:  Version 11    Storage:  2000 MB available space    Additional Notes:  For 'minimum' graphics preset on Full HD. Two button mouse with scroll wheel required.,tobspr Games,"tobspr Games,Gamirror Games",0.9815,False,True,False,True,2.41,2026.0,0.2,Recent,8.0,
962130,2394,"2,000,000 .. 5,000,000",75482,9035,Grounded,game,False,799.0,799.0,0,2022-09-27,"English<strong>*</strong>, French, Italian, German, Spanish - Latin America, Korean, Polish, Portuguese - Brazil, Russian, Simplified Chinese, Japanese<strong>*</strong>, Thai, Traditional Chinese, Turkish, Spanish - Spain, Arabic<br><strong>*</strong>languages with full audio support",83.0,"Action,Adventure","Single-player,Multi-player,Co-op,Online Co-op,Full controller support,Steam Trading Cards,Steam Cloud,Remote Play on Tablet,Family Sharing",True,False,False,Minimum:    Requires a 64-bit processor and operating system    OS:  Windows 10 64bit    Processor:  Intel Core i3-3225    Memory:  4 GB RAM    Graphics:  Nvidia GTX 650 Ti    Storage:  8 GB available space,Obsidian Entertainment,Xbox Game Studios,0.8931,True,False,True,True,3.63,2022.0,3.7,Modern,4.0,8.0
1787090,2384,"500,000 .. 1,000,000",3981,1561,MyDockFinder,game,False,165.0,165.0,0,2021-11-25,"English, French, German, Russian, Japanese, Simplified Chinese, Traditional Chinese, Korean, Spanish - Spain, Italian, Ukrainian, Dutch, Portuguese - Portugal, Swedish, Thai, Portuguese - Brazil, Greek, Turkish, Polish, Czech, Bulgarian, Vietnamese, Arabic, Hungarian, Slovak",,Utilities,"Steam Achievements,Steam Workshop,Steam Cloud",True,False,False,"Minimum:    Requires a 64-bit processor and operating system    OS:  Windows 10 (version 1809 and higher), supports Windows 11    Processor:  Dual-core processor 1.2GHz    Memory:  512 MB RAM    Graphics:  Support DirectX11 graphics card, 256M video memory    DirectX:  Version 11    Network:  Broadband Internet connection    Storage:  20 MB available space    Additional Notes:  VC++2019 runtime library 32 and 64 bit  .NET framework 4.8",MyDockFinder,MyDockFinder,0.7183,False,False,False,False,0.75,2021.0,4.6,Modern,,
219990,2376,"10,000,000 .. 20,000,000",93489,6241,Grim Dawn,game,False,740.0,740.0,0,2016-02-25,"English<strong>*</strong>, French, German, Spanish - Spain, Czech, Japanese, Russian, Simplified Chinese, Portuguese - Brazil, Italian, Korean, Vietnamese, Polish<br><strong>*</strong>languages with full audio support",83.0,"Action,Adventure,Indie,RPG","Single-player,Multi-player,Co-op,Online Co-op,LAN Co-op,Steam Achievements,Full controller support,Steam Trading Cards,Steam Cloud,Includes level editor,Remote Play on Tablet,Remote Play on TV,Family Sharing",True,False,False,Minimum:     OS *:  Windows XP / Windows Vista / Windows 7 / Windows 8 / Windows 10    Processor:  x86 compatible 2.3GHz or faster processor (Intel 2nd generation core i-series or equivalent)    Memory:  2 GB RAM    Graphics:  512MB NVIDIA GeForce 6800 series or ATI Radeon X800 series or better    DirectX:  Version 9.0c    Storage:  5 GB available space    Sound Card:  DirectX 9.0c compatible 16-bit sound card    Additional Notes:  4GB of memory is required to host multiplayer games,Crate Entertainment,Crate Entertainment,0.9374,False,True,True,True,3.36,2016.0,10.3,Classic,2.0,5.0
602960,2371,"2,000,000 .. 5,000,000",70694,4640,Barotrauma,game,False,450.0,900.0,50,2023-03-13,"English, French, German, Portuguese - Brazil, Russian, Simplified Chinese, Traditional Chinese, Spanish - Spain, Polish, Spanish - Latin America, Turkish, Japanese, Korean",81.0,"Action,Indie,Simulation,Strategy","Single-player,Multi-player,PvP,Online PvP,Co-op,Online Co-op,Steam Achievements,Steam Trading Cards,Steam Workshop,Steam Cloud,Includes level editor,Family Sharing,Steam Timeline",True,True,True,"Minimum:    Requires a 64-bit processor and operating system    OS *:  Windows 7/8.1/10 (64-bit versions)    Processor:  Dual Core 2.4 GHz    Memory:  4 GB RAM    Graphics:  2 GB memory (dedicated VRAM or shared RAM), Shader Model 2.0+    DirectX:  Version 11    Storage:  2 GB available space    Additional Notes:  64-bit operating system is required","FakeFish,Undertow Games",Daedalic Entertainment,0.9384,True,True,True,True,2.05,2023.0,3.3,Modern,4.0,2.0
1774580,2353,"1,000,000 .. 2,000,000",46131,20923,STAR WARS Jedi: Survivor™,game,False,600.0,3000.0,80,2023-04-27,"English<strong>*</strong>, French<strong>*</strong>, Italian<strong>*</strong>, German<strong>*</strong>, Spanish - Spain<strong>*</strong>, Japanese<strong>*</strong>, Korean, Polish<strong>*</strong>, Portuguese - Brazil<strong>*</strong>, Simplified Chinese, Spanish - Latin America<strong>*</strong>, Traditional Chinese<br><strong>*</strong>languages with full audio support",,"Action,Adventure","Single-player,Steam Achievements,Full controller support,Captions available,Color Alternatives,Custom Volume Controls,Adjustable Difficulty,Stereo Sound,HDR available",True,False,False,"Minimum:    Requires a 64-bit processor and operating system    OS:  Windows 10 64-bit    Processor:  4 core / 8 threads  | Intel Core i7-7700  | Ryzen 5 1400    Memory:  8 GB RAM    Graphics:  8GB VRAM |  GTX 1070  |  Radeon RX 580    DirectX:  Version 12    Network:  Broadband Internet connection    Storage:  155 GB available space    Additional Notes:  Internet required for non-optional patching, no online play.",Respawn,Electronic Arts,0.688,True,False,False,True,2.73,2023.0,3.1,Modern,8.0,155.0
1222140,2344,"2,000,000 .. 5,000,000",162047,7152,Detroit: Become Human,game,False,1299.0,1299.0,0,2020-06-18,"English<strong>*</strong>, French<strong>*</strong>, Italian<strong>*</strong>, German<strong>*</strong>, Spanish - Spain<strong>*</strong>, Arabic<strong>*</strong>, Czech, Danish, Finnish, Greek, Hungarian, Japanese<strong>*</strong>, Korean, Norwegian, Polish<strong>*</strong>, Portuguese - Portugal<strong>*</strong>, Portuguese - Brazil<strong>*</strong>, Spanish - Latin America<strong>*</strong>, Swedish, Turkish, Dutch, Russian<strong>*</strong>, Traditional Chinese, Simplified Chinese<br><strong>*</strong>languages with full audio support",80.0,"Action,Adventure","Single-player,Steam Achievements,Full controller support,Steam Cloud,Remote Play on TV,Family Sharing",True,False,False,Minimum:    Requires a 64-bit processor and operating system    OS:  Windows 10 (64 bit)    Processor:  Intel Core i5-2300 @ 2.8 GHz or AMD Ryzen 3 1200 @ 3.1GHz or AMD FX-8350 @ 4.2GHz    Memory:  8 GB RAM    Graphics:  Nvidia GeForce GTX 780 or AMD HD 7950 with 3GB VRAM minimum (Support of Vulkan 1.1 required)    Storage:  55 GB available space,Quantic Dream,Quantic Dream,0.9577,True,False,False,True,5.9,2020.0,6.0,Established,8.0,55.0
231430,2330,"5,000,000 .. 10,000,000",86713,23112,Company of Heroes 2,game,False,579.0,579.0,0,2013-06-25,"Czech, English<strong>*</strong>, French<strong>*</strong>, German<strong>*</strong>, Italian, Polish<strong>*</strong>, Russian<strong>*</strong>, Spanish - Spain<strong>*</strong><br><strong>*</strong>languages with full audio support",80.0,Strategy,"Single-player,Multi-player,PvP,Online PvP,Co-op,Online Co-op,Steam Achievements,Steam Trading Cards,Steam Workshop,Steam Cloud,Stats,Family Sharing",True,True,True,Minimum:    Memory:  2GB RAM 	   Processor:  2Ghz Intel Core2 Duo or equivalent 	   Graphics:  512MB Direct3D 10 capable video card (GeForce 8800 GT or Radeon HD 2900XT) 	   OS:  32bit Vista            Internet:  Broadband Internet connection 	   Hard Drive:  30GB free Hard disc space,"Relic Entertainment,Feral Interactive (Mac),Feral Interactive (Linux)","Relic Entertainment,Feral Interactive (Mac),Feral Interactive (Linux)",0.7896,False,False,True,True,2.63,2013.0,13.0,Classic,2.0,
1608450,2313,"50,000 .. 100,000",783,178,Hellslave,game,False,819.0,819.0,0,2022-05-26,"English, French, German, Simplified Chinese, Polish",,"Adventure,Indie,RPG,Strategy","Single-player,Steam Achievements,Full controller support,Family Sharing",True,False,False,"Minimum:     OS *:  Win 7, 8, 10, 32/64-bit    Processor:  2.8 Ghz Dual Core CPU    Memory:  4 GB RAM    Graphics:  AMD Radeon HD 6670, GeForce GTX 200 series with at least 1GB    DirectX:  Version 9.0    Storage:  1500 MB available space    Sound Card:  DirectX 9.0c compatible sound card with latest drivers",Ars Goetia,"Dear Villagers,Gamersky Games",0.8148,False,True,False,True,3.72,2022.0,4.1,Modern,4.0,
221380,2278,"5,000,000 .. 10,000,000",97083,4268,Age of Empires II (Retired),game,False,429.0,429.0,0,2013-04-09,"English<strong>*</strong>, German<strong>*</strong>, French<strong>*</strong>, Italian<strong>*</strong>, Korean<strong>*</strong>, Spanish - Spain<strong>*</strong>, Simplified Chinese<strong>*</strong>, Russian, Japanese, Dutch, Portuguese - Brazil<br><strong>*</strong>languages with full audio support",68.0,Strategy,"Single-player,Multi-player,Steam Achievements,Steam Trading Cards,Captions available,Steam Workshop,Steam Cloud,Stats,Steam Leaderboards,Includes level editor,Family Sharing",True,False,False,"Minimum:     OS *: Windows Vista, 7, 8 Pro+ 	   Processor: 1.2GHZ CPU 	   Memory: 1 GB RAM 	   Graphics: Direct X 9.0c Capable GPU 	   DirectX®: 9.0c 	   Hard Drive: 2 GB HD space","Skybox Labs,Hidden Path Entertainment,Ensemble Studios,Forgotten Empires",Xbox Game Studios,0.9579,False,False,True,True,1.95,2013.0,13.2,Classic,1.0,
1240440,2275,"10,000,000 .. 20,000,000",123333,53708,Halo Infinite,game,True,0.0,0.0,0,2021-11-15,"English<strong>*</strong>, French<strong>*</strong>, Italian<strong>*</strong>, German<strong>*</strong>, Spanish - Spain<strong>*</strong>, Dutch, Japanese<strong>*</strong>, Korean<strong>*</strong>, Polish, Portuguese - Brazil<strong>*</strong>, Russian<strong>*</strong>, Simplified Chinese<strong>*</strong>, Spanish - Latin America<strong>*</strong>, Traditional Chinese<strong>*</strong>, Danish, Finnish, Norwegian, Portuguese - Portugal<br><strong>*</strong>languages with full audio support",,"Action,Free To Play","Multi-player,PvP,Online PvP,LAN PvP,Cross-Platform Multiplayer,Steam Achievements,Full controller support,In-App Purchases,Steam Cloud,Includes level editor,Remote Play on TV,Family Sharing",True,False,False,Minimum:    Requires a 64-bit processor and operating system    OS:  Windows 10 RS5 x64    Processor:  AMD Ryzen 5 1600 or Intel i5-4440    Memory:  8 GB RAM    Graphics:  AMD RX 570 or Nvidia GTX 1050 Ti    DirectX:  Version 12    Storage:  50 GB available space,343 Industries,Xbox Game Studios,0.6966,True,False,True,False,0.0,2021.0,4.6,Modern,8.0,50.0
2436940,2268,"100,000 .. 200,000",2001,179,Sephiria,game,False,455.0,455.0,0,2025-04-03,"Korean, English, Japanese, Simplified Chinese, Spanish - Spain, Russian, Portuguese - Brazil",,"Action,Adventure,Indie,RPG,Early Access","Single-player,Multi-player,Co-op,Online Co-op,Steam Achievements,Full controller support,Steam Cloud,Family Sharing",True,True,False,Minimum:     OS:  Windows 10 64-bit    Processor:  Ryzen 5 1400 or better    Memory:  8 GB RAM    Graphics:  Geforce GTS 750 or better    DirectX:  Version 11    Storage:  2 GB available space,TEAM HORAY,TEAM HORAY,0.9179,False,True,True,True,2.07,2025.0,1.2,Recent,8.0,2.0
782330,2262,"5,000,000 .. 10,000,000",187807,18219,DOOM Eternal,game,False,1109.0,1109.0,0,2020-03-19,"English<strong>*</strong>, French<strong>*</strong>, Italian<strong>*</strong>, German<strong>*</strong>, Spanish - Spain<strong>*</strong>, Japanese<strong>*</strong>, Korean, Portuguese - Brazil<strong>*</strong>, Simplified Chinese, Spanish - Latin America<strong>*</strong>, Traditional Chinese, Polish<strong>*</strong>, Russian<strong>*</strong><br><strong>*</strong>languages with full audio support",88.0,Action,"Single-player,Multi-player,PvP,Online PvP,Steam Achievements,Steam Trading Cards,Color Alternatives,Adjustable Difficulty,Stereo Sound,Surround Sound,Partial Controller Support,Steam Cloud,Remote Play on Phone,Remote Play on Tablet,HDR available,Family Sharing",True,False,False,"Minimum:    Requires a 64-bit processor and operating system    OS *:  64-bit Windows 7 / 64-Bit Windows 10    Processor:  Intel Core i5 @ 3.3 GHz or better, or AMD Ryzen 3 @ 3.1 GHz or better    Memory:  8 GB RAM    Graphics:  NVIDIA GeForce GTX 1050Ti (4GB), GTX 1060 (3GB), GTX 1650 (4GB) or AMD Radeon R9 280(3GB), AMD Radeon R9 290 (4GB), RX 470 (4GB)    Network:  Broadband Internet connection    Storage:  80 GB available space    Additional Notes:  ( 1080p / 60 FPS / Low Quality Settings )",id Software,Bethesda Softworks,0.9116,True,False,True,True,5.04,2020.0,6.3,Established,8.0,80.0
3167550,2256,"200,000 .. 500,000",4251,350,Tiny Pasture,game,False,128.0,189.0,32,2025-02-17,"English<strong>*</strong>, Japanese<strong>*</strong>, Simplified Chinese<strong>*</strong>, Traditional Chinese<strong>*</strong>, French<strong>*</strong>, German<strong>*</strong>, Spanish - Spain<strong>*</strong>, Russian<strong>*</strong>, Polish<strong>*</strong>, Portuguese - Brazil<strong>*</strong>, Korean<strong>*</strong>, Turkish<strong>*</strong>, Portuguese - Portugal<strong>*</strong>, Spanish - Latin America<strong>*</strong><br><strong>*</strong>languages with full audio support",,"Casual,Indie,Simulation","Single-player,Steam Achievements,Steam Cloud,Family Sharing",True,True,False,Minimum:     OS:  Windows 10    Processor:  Intel i3 Dual Core    Memory:  4 GB RAM    Graphics:  Intel HD 3000    DirectX:  Version 11    Storage:  500 MB available space,CaveLiquid,Gamersky Games,0.9239,True,True,False,True,0.58,2025.0,1.3,Recent,4.0,
1145360,2253,"5,000,000 .. 10,000,000",274829,4912,Hades,game,False,740.0,740.0,0,2020-09-17,"English<strong>*</strong>, French, Italian, German, Spanish - Spain, Korean, Portuguese - Brazil, Russian, Simplified Chinese, Polish, Japanese<br><strong>*</strong>languages with full audio support",93.0,"Action,Indie,RPG","Single-player,Steam Achievements,Full controller support,Steam Trading Cards,Captions available,Steam Cloud,Remote Play on Phone,Remote Play on Tablet,Remote Play on TV,Family Sharing",True,True,False,Minimum:     OS *:  Windows 7 SP1    Processor:  Dual Core 2.4 GHz    Memory:  4 GB RAM    Graphics:  1GB VRAM / DirectX 10+ support    Storage:  15 GB available space,Supergiant Games,Supergiant Games,0.9824,False,True,False,True,3.36,2020.0,5.8,Established,4.0,15.0
601150,2248,"5,000,000 .. 10,000,000",140260,5873,Devil May Cry 5,game,False,940.0,940.0,0,2019-03-07,"English<strong>*</strong>, French, Italian, German, Spanish - Spain, Portuguese - Brazil, Polish, Russian, Simplified Chinese, Traditional Chinese, Japanese<strong>*</strong>, Korean<br><strong>*</strong>languages with full audio support",89.0,Action,"Single-player,Multi-player,Co-op,Online Co-op,Steam Achievements,Full controller support,Steam Trading Cards,Steam Cloud,Remote Play on TV,HDR available,Family Sharing",True,False,False,"Minimum:     OS:  WINDOWS® 10 (64-BIT Required)    Processor:  Intel® Core™ i5-4460, AMD FX™-6300, or better    Memory:  8 GB RAM    Graphics:  NVIDIA® GeForce® GTX 760 or AMD Radeon™ R7 260x with 2GB Video RAM, or better    DirectX:  Version 11    Storage:  35 GB available space    Additional Notes:  *Xinput support Controllers recommended *Internet connection required for game activation. (Network connectivity uses Steam® developed by Valve® Corporation.)","CAPCOM Co., Ltd.","CAPCOM Co., Ltd.",0.9598,False,False,True,True,4.27,2019.0,7.3,Established,8.0,35.0
386180,2231,"5,000,000 .. 10,000,000",48219,15920,Crossout,game,True,0.0,0.0,0,2017-07-26,"English<strong>*</strong>, Russian<strong>*</strong>, German, Spanish - Spain, Japanese, Thai, French, Simplified Chinese<strong>*</strong>, Portuguese - Portugal<br><strong>*</strong>languages with full audio support",,"Action,Adventure,Massively Multiplayer,Racing,Free To Play","Multi-player,MMO,PvP,Online PvP,Co-op,Online Co-op,Steam Achievements,Full controller support,Steam Trading Cards,In-App Purchases,Camera Comfort,Color Alternatives,Custom Volume Controls,Playable without Timed Input,Stereo Sound,Subtitle Options,Remote Play on Tablet,Remote Play on TV,Family Sharing",True,False,False,"Minimum:    Requires a 64-bit processor and operating system    OS:  Windows® 10/11 64 bit    Processor:  4-core processor Intel Core™ i5-2310 or AMD FX-4100    Memory:  4 GB RAM    Graphics:  AMD Radeon HD 7000 series, Nvidia GeForce 500 series    Network:  Broadband Internet connection    Storage:  18 GB available space",Targem Games,Gaijin Network Ltd,0.7518,False,False,True,False,0.0,2017.0,8.9,Established,4.0,18.0
400750,2216,"1,000,000 .. 2,000,000",19837,3974,Call to Arms - Gates of Hell: Ostfront,game,False,1030.0,1030.0,0,2021-06-11,"English<strong>*</strong>, French, German, Spanish - Spain, Russian, Simplified Chinese, Italian, Polish, Ukrainian, Turkish<br><strong>*</strong>languages with full audio support",,"Action,Simulation,Strategy","Single-player,Multi-player,PvP,Online PvP,Co-op,Online Co-op,Steam Achievements,Steam Trading Cards,Steam Workshop,Camera Comfort,Custom Volume Controls,Adjustable Difficulty,Playable without Timed Input,Stereo Sound,Surround Sound,Partial Controller Support,Steam Cloud,Stats,Steam Leaderboards,Includes level editor,Family Sharing",True,False,False,"Minimum:     OS *:  64bit - Windows 7, 8, 10, 11    Memory:  16 GB RAM    Graphics:  GTX 1070 / RX 5600    DirectX:  Version 11    Storage:  80 GB available space    Sound Card:  DirectX 11 compatible    Additional Notes:  SSD drive and fast internet connection needed for optimal gameplay","Barbedwire Studios,Digitalmindsoft",Digitalmindsoft,0.8331,False,False,True,True,4.68,2021.0,5.0,Modern,16.0,80.0
518790,2207,"5,000,000 .. 10,000,000",157641,19969,theHunter: Call of the Wild™,game,False,59.0,595.0,90,2017-02-16,"English<strong>*</strong>, French, German, Portuguese - Brazil, Russian, Spanish - Spain, Czech, Polish, Simplified Chinese, Japanese<br><strong>*</strong>languages with full audio support",,"Adventure,Simulation,Sports","Single-player,Multi-player,Co-op,Online Co-op,Steam Achievements,Full controller support,In-App Purchases,Steam Cloud,Family Sharing",True,False,False,Minimum:    Requires a 64-bit processor and operating system    OS *:  64bit OS - Windows 7    Processor:  Intel i3-4170    Memory:  4 GB RAM    Graphics:  NVIDIA GTX 660 / ATI HD7870 - 1GB VRAM    Storage:  60 GB available space,Expansive Worlds,Avalanche Studios,0.8876,False,False,True,True,0.27,2017.0,9.3,Established,4.0,60.0
1404210,2207,"2,000,000 .. 5,000,000",55526,11255,Red Dead Online,game,False,429.0,859.0,50,2020-12-01,"English<strong>*</strong>, French, Italian, German, Spanish - Spain, Japanese, Korean, Polish, Russian, Simplified Chinese, Spanish - Latin America, Traditional Chinese, Portuguese - Brazil<br><strong>*</strong>languages with full audio support",,"Action,Adventure","Multi-player,PvP,Online PvP,Co-op,Online Co-op,Steam Achievements,In-App Purchases,Partial Controller Support,Remote Play on Phone,Remote Play on Tablet",True,False,False,Minimum:    Requires a 64-bit processor and operating system    OS:  Windows 10 - 64-bit    Processor:  Intel® Core™ i5-2500K / AMD FX-6300    Memory:  8 GB RAM    Graphics:  Nvidia GeForce GTX 770 2GB / AMD Radeon R9 280 3GB    Network:  Broadband Internet connection    Storage:  150 GB available space    Sound Card:  Direct X Compatible,Rockstar Games,Rockstar Games,0.8315,True,False,True,False,1.95,2020.0,5.6,Established,8.0,150.0
1677280,2183,"1,000,000 .. 2,000,000",18936,14310,Company of Heroes 3,game,False,1699.0,1699.0,0,2023-02-23,"English<strong>*</strong>, French, Italian, German, Spanish - Spain, Czech, Korean, Polish, Simplified Chinese, Traditional Chinese, Japanese, Portuguese - Brazil, Turkish, Russian, Ukrainian<br><strong>*</strong>languages with full audio support",81.0,"Action,Strategy","Single-player,Multi-player,PvP,Online PvP,Co-op,Online Co-op,Steam Achievements,Steam Trading Cards,Steam Workshop,Stats,Family Sharing",True,False,False,"Minimum:    Requires a 64-bit processor and operating system    OS:  Windows 10    Processor:  Intel i5 6th-gen or AMD Ryzen desktop processor with 4 cores @3GHz, or equivalent performance    Memory:  8 GB RAM    Graphics:  NVIDIA GeForce GTX 950, AMD Radeon R9 370, or equivalent performance    DirectX:  Version 12    Storage:  40 GB available space",Relic Entertainment,Relic Entertainment,0.5696,False,False,True,True,7.72,2023.0,3.3,Modern,8.0,40.0
1068820,2180,"500,000 .. 1,000,000",2722,372,OVR Toolkit - Desktop Overlay,game,False,348.0,348.0,0,2019-06-28,"English, Japanese, Korean, Czech, German, Simplified Chinese, Traditional Chinese, Portuguese - Portugal, French, Spanish - Spain, Dutch, Finnish, Portuguese - Brazil, Russian",,Utilities,"Tracked Controller Support,VR Only,Steam Workshop,Partial Controller Support",True,False,False,Minimum:    Requires a 64-bit processor and operating system    OS:  Windows 10 / 11    Processor:  Core i5 / Ryzen 3    Memory:  4 GB RAM    Graphics:  GPU with 6GB VRAM or higher (GTX 1060 6GB) - This number is for running OVR Toolkit alongside a VR game    DirectX:  Version 11    Storage:  800 MB available space    VR Support:  SteamVR    Additional Notes:  Windows 7/8 is unsupported. Later versions of 8.1 may work.,Curtis English,VoxelLoop Software Limited,0.8798,False,False,False,False,1.58,2019.0,7.0,Established,4.0,
1128810,2153,"2,000,000 .. 5,000,000",31060,7783,RISK: Global Domination,game,True,0.0,0.0,0,2020-02-19,"English, French, Italian, German, Spanish - Spain, Russian, Simplified Chinese, Turkish, Portuguese - Brazil",,"Casual,Strategy,Free To Play","Single-player,Multi-player,PvP,Online PvP,Shared/Split Screen PvP,Co-op,Online Co-op,Shared/Split Screen Co-op,Shared/Split Screen,Cross-Platform Multiplayer,Steam Achievements,In-App Purchases,Remote Play on Phone,Remote Play on Tablet,Remote Play Together,Family Sharing",True,True,False,Minimum:    Requires a 64-bit processor and operating system    OS *:  Windows 7 (SP1) / 8 / 10    Processor:  Intel/AMD 2+ Cores (1.7GHz and above)    Memory:  2 GB RAM    Graphics:  DirectX 11    Storage:  1 GB available space,SMG Studio,SMG Studio,0.7996,False,False,True,True,0.0,2020.0,6.3,Established,2.0,1.0
304390,2146,"5,000,000 .. 10,000,000",104468,45788,FOR HONOR™,game,False,1299.0,1299.0,0,2017-02-13,"English<strong>*</strong>, French<strong>*</strong>, Italian<strong>*</strong>, German<strong>*</strong>, Spanish - Spain<strong>*</strong>, Dutch, Japanese<strong>*</strong>, Korean, Polish, Portuguese - Brazil<strong>*</strong>, Russian<strong>*</strong>, Simplified Chinese, Traditional Chinese, Czech<br><strong>*</strong>languages with full audio support",76.0,Action,"Single-player,Multi-player,PvP,Online PvP,Co-op,Online Co-op,Steam Achievements,Steam Trading Cards,In-App Purchases,Partial Controller Support",True,False,False,Minimum:     OS:  Windows 10 (64-bit versions only)    Processor:  Intel Core i3-4150 | AMD FX-4300 or equivalent    Memory:  4 GB RAM    Graphics:  NVIDIA GeForce GTX950 / GTX1050 with 2 GB VRAM | AMD Radeon R9 270 / R9 370 / RX460 with 2 GB VRAM    DirectX:  Version 9.0c    Network:  Broadband Internet connection    Storage:  90 GB available space    Sound Card:  DirectX 9.0c compatible sound card    Additional Notes:  Mouse and Keyboard supported. Game contains EasyAntiCheat anti-cheat technology and Denuvo anti-tamper technology.,"Ubisoft Montreal,Ubisoft Quebec,Ubisoft Toronto,Blue Byte",Ubisoft,0.6953,False,False,True,True,5.9,2017.0,9.4,Established,4.0,90.0
392160,2141,"1,000,000 .. 2,000,000",18951,4896,X4: Foundations,game,False,1450.0,1450.0,0,2018-11-30,"English<strong>*</strong>, German<strong>*</strong>, French<strong>*</strong>, Italian, Simplified Chinese, Portuguese - Brazil<strong>*</strong>, Spanish - Spain, Traditional Chinese, Russian<strong>*</strong>, Korean, Japanese, Spanish - Latin America, Polish, Czech<br><strong>*</strong>languages with full audio support",,"Action,Simulation,Strategy","Single-player,Steam Achievements,Full controller support,Steam Trading Cards,Steam Workshop,Adjustable Text Size,Camera Comfort,Color Alternatives,Custom Volume Controls,Playable without Timed Input,Save Anytime,Stereo Sound,Steam Cloud,Family Sharing",True,False,True,Minimum:    Requires a 64-bit processor and operating system    OS:  Windows 10 (64-bit) or higher    Processor:  Intel i5-4590 3.3GHz or AMD equivalent    Memory:  8 GB RAM    Graphics:  Nvidia GTX 780/970 or AMD equivalent (Vulkan support required)    Storage:  35 GB available space    Additional Notes:  Minimum: 8 GB RAM (base game) / 16 GB RAM (with all expansions installed),Egosoft,Egosoft,0.7947,True,False,False,True,6.59,2018.0,7.6,Established,8.0,35.0
552500,2124,"2,000,000 .. 5,000,000",113489,20234,Warhammer: Vermintide 2,game,False,885.0,885.0,0,2018-03-08,"English<strong>*</strong>, French, Italian, German, Spanish - Spain, Polish, Portuguese - Brazil, Russian, Simplified Chinese<br><strong>*</strong>languages with full audio support",82.0,"Action,Indie,RPG","Single-player,Multi-player,Co-op,Online Co-op,Steam Achievements,Full controller support,Steam Trading Cards,Family Sharing",True,False,False,Minimum:    Requires a 64-bit processor and operating system    OS:  64-bit Windows 10    Processor:  Intel Core i5-2300 @ 2.80 GHz / AMD FX-4350 @ 4.2 GHz    Memory:  6 GB RAM    Graphics:  NVIDIA GeForce GTX 460 or AMD Radeon HD 5870    DirectX:  Version 11    Network:  Broadband Internet connection    Storage:  60 GB available space,Fatshark,Fatshark,0.8487,False,True,True,True,4.02,2018.0,8.3,Established,6.0,60.0
12210,2122,"5,000,000 .. 10,000,000",144493,30691,Grand Theft Auto IV: The Complete Edition,game,False,759.0,759.0,0,2020-03-24,"English<strong>*</strong>, French, Italian, German, Spanish - Spain<br><strong>*</strong>languages with full audio support",90.0,"Action,Adventure","Single-player,Multi-player,Partial Controller Support,Remote Play on Phone,Remote Play on Tablet",True,False,False,"OS:  Windows 10 (64-bit)                      					   Processor:  Intel Core 2 Duo 1.8GHz, AMD Athlon X2 64 2.4GHz                     					   Memory:  1.5GB                  					   Graphics:  256MB Nvidia 7900 / 256MB ATI X1900                     					   DirectX Version:  DirectX 9.0c Compliant Card                      					   Hard Drive:  22GB of Hard Disc Space                      					   Sound Card:  5.1 Channel Audio Card","Rockstar North,Rockstar Toronto",Rockstar Games,0.8248,False,False,True,True,3.45,2020.0,6.2,Established,,
728880,2107,"2,000,000 .. 5,000,000",65992,6809,Overcooked! 2,game,False,132.0,529.0,75,2018-08-07,"English, French, Italian, German, Spanish - Spain, Japanese, Simplified Chinese, Korean, Polish, Portuguese - Brazil, Traditional Chinese, Russian",81.0,"Action,Casual,Indie","Single-player,Multi-player,PvP,Online PvP,Shared/Split Screen PvP,Co-op,Online Co-op,Shared/Split Screen Co-op,Shared/Split Screen,Steam Achievements,Full controller support,Steam Trading Cards,Steam Cloud,Remote Play on Phone,Remote Play on Tablet,Remote Play on TV,Remote Play Together,Family Sharing",True,True,True,Minimum:     OS:  WIN7-64 bit    Processor:  Intel i3-2100 / AMD A8-5600k    Memory:  4 GB RAM    Graphics:  GeForce GTX 630 / Radeon HD 6570    DirectX:  Version 11    Storage:  3 GB available space,"Ghost Town Games Ltd.,Team17",Team17,0.9065,False,True,True,True,0.6,2018.0,7.9,Established,4.0,3.0
268910,2080,"5,000,000 .. 10,000,000",179894,6941,Cuphead,game,False,429.0,429.0,0,2017-09-29,"English, French, Italian, German, Spanish - Spain, Japanese, Korean, Polish, Portuguese - Brazil, Russian, Simplified Chinese, Spanish - Latin America",88.0,"Action,Indie","Single-player,Multi-player,Co-op,Shared/Split Screen Co-op,Shared/Split Screen,Steam Achievements,Full controller support,Steam Trading Cards,Steam Cloud,Remote Play on Phone,Remote Play on Tablet,Remote Play on TV,Remote Play Together,Family Sharing",True,True,False,"Minimum:    Requires a 64-bit processor and operating system    OS *:  Windows 7    Processor:  Intel Core2 Duo E8400, 3.0GHz or AMD Athlon 64 X2 6000+, 3.0GHz or higher    Memory:  3 GB RAM    Graphics:  Geforce 9600 GT or AMD HD 3870 512MB or higher    DirectX:  Version 11    Storage:  4 GB available space",Studio MDHR Entertainment Inc.,Studio MDHR Entertainment Inc.,0.9628,True,True,True,True,1.95,2017.0,8.7,Established,3.0,4.0
2488620,2067,"500,000 .. 1,000,000",11826,4370,F1® 24,game,False,0.0,0.0,0,2024-05-31,"English<strong>*</strong>, French<strong>*</strong>, Italian<strong>*</strong>, German<strong>*</strong>, Spanish - Spain<strong>*</strong>, Dutch<strong>*</strong>, Japanese<strong>*</strong>, Simplified Chinese<strong>*</strong>, Spanish - Latin America<strong>*</strong>, Polish, Portuguese - Brazil<strong>*</strong><br><strong>*</strong>languages with full audio support",72.0,"Racing,Sports","Single-player,Multi-player,PvP,Online PvP,LAN PvP,Shared/Split Screen PvP,Co-op,Online Co-op,LAN Co-op,Shared/Split Screen,Steam Achievements,Full controller support,VR Supported,Steam Workshop,In-App Purchases,Adjustable Difficulty,Keyboard Only Option,Playable without Timed Input,Stereo Sound,Surround Sound,Steam Cloud,HDR available,Family Sharing",True,False,False,Minimum:    Requires a 64-bit processor and operating system    OS:  Windows 10 64-bit Version 21H1 or newer    Processor:  Intel Core i3-2130 | Core i5-9600k (VR) or AMD FX 4300 | Ryzen 5 2600X (VR)    Memory:  8 GB RAM    Graphics:  NVIDIA GTX 1060 (6GB) | GTX 1660Ti (VR) | RTX 2060 (RT) // AMD RX 480 (8GB) | RX 590 (VR) | 6700XT (RT) // Intel Arc A380 (VR/RT)    DirectX:  Version 12    Network:  Broadband Internet connection    Storage:  100 GB available space    Sound Card:  Direct X Compatible    VR Support:  Steam VR. Keyboard and mouse required    Additional Notes:  GPU must support D3D_SHADER_MODEL_6_6.,Codemasters,Electronic Arts,0.7302,True,False,True,True,0.0,2024.0,2.1,Modern,8.0,100.0
1371580,2060,"500,000 .. 1,000,000",11440,5372,Myth of Empires,game,False,885.0,885.0,0,2024-02-21,"English, Simplified Chinese, French, German, Russian, Czech, Japanese, Polish, Traditional Chinese, Portuguese - Brazil, Korean, Thai, Italian, Dutch, Spanish - Latin America",,,"Single-player,Multi-player,MMO,PvP,Online PvP,LAN PvP,Co-op,Online Co-op,LAN Co-op,Steam Achievements,Steam Workshop,In-App Purchases,HDR available",True,False,False,"Minimum:    Requires a 64-bit processor and operating system    OS *:  Requires 64-bit processor and operating system Operating system: 64-bit Windows 7, Windows 8.1, Windows 10    Processor:  Intel Core i5-4430 / AMD FX-6300    Memory:  8 GB RAM    Graphics:  NVIDIA GeForce GTX 960 2GB / AMD Radeon R7 370 2GB    DirectX:  Version 11    Network:  Broadband Internet connection    Storage:  85 GB available space    Sound Card:  DirectX compatible sound card with the latest drivers",Angela Game,Imperium Interactive Entertainment,0.6805,True,False,True,True,4.02,2024.0,2.3,Modern,8.0,85.0
1104280,2052,"200,000 .. 500,000",5174,1149,The Slormancer,game,False,595.0,595.0,0,2025-05-13,"English, French, Simplified Chinese, Traditional Chinese, German, Spanish - Spain, Japanese",,"Action,Adventure,Indie,RPG","Single-player,Steam Achievements,Full controller support,Steam Trading Cards,Steam Cloud,Family Sharing",True,False,False,Minimum:    Requires a 64-bit processor and operating system    OS *:  Windows 7 and Above    Processor:  Dual-Core 1.8 GHZ or equivalent    Memory:  4 GB RAM    Graphics:  512 Mb    DirectX:  Version 9.0    Storage:  450 MB available space,Slormite Studios,"Slormite Studios,Abiding Bridge",0.8183,False,True,False,True,2.7,2025.0,1.1,Recent,4.0,
10500,2028,"1,000,000 .. 2,000,000",32211,3269,Total War: EMPIRE – Definitive Edition,game,False,699.0,699.0,0,2009-03-04,"English, French, Italian, German, Spanish - Spain, Russian, Polish, Czech",90.0,Strategy,"Single-player,Multi-player,PvP,Online PvP,LAN PvP,Co-op,Online Co-op,LAN Co-op,Steam Achievements,Steam Trading Cards,Camera Comfort,Custom Volume Controls,Adjustable Difficulty,Playable without Timed Input,Save Anytime,Stereo Sound,Stats,Family Sharing",True,True,True,"Supported OS:  Windows® XP Service Pack 2 or Windows Vista™                          					   Processor:  2.4 GHz Intel® Pentium® or greater or AMD® Athlon® equivalent CPU                           					   Memory:  1 GB RAM (XP,) 2 GB RAM (Vista™)                         					   Graphics:  100% DirectX 9.0c compatible hardware accelerated video card with shader version 2.0 support, 256 MB video memory       					   Display:  Minimum screen resolution of 1280 x 1024 pixels                         					   Sound:  Directx9.0c compatible sound card                          					   Hard Drive:  15 GB free hard disk space formatted as NTFS                         					   Peripherals:   Windows compatible mouse and keyboard                          					    Microsoft no longer supports Windows 10 or older versions.","CREATIVE ASSEMBLY,Feral Interactive (Mac),Feral Interactive (Linux)","SEGA,Feral Interactive (Mac),Feral Interactive (Linux)",0.9079,False,False,True,True,3.18,2009.0,17.3,Classic,1.0,
2215430,2025,"2,000,000 .. 5,000,000",61086,4029,Ghost of Tsushima DIRECTOR'S CUT,game,False,2199.0,2199.0,0,2024-05-16,"English<strong>*</strong>, French<strong>*</strong>, Italian<strong>*</strong>, German<strong>*</strong>, Spanish - Spain<strong>*</strong>, Arabic, Czech, Danish, Dutch, Finnish, Greek, Hungarian, Japanese<strong>*</strong>, Korean, Norwegian, Polish<strong>*</strong>, Portuguese - Brazil<strong>*</strong>, Portuguese - Portugal<strong>*</strong>, Russian<strong>*</strong>, Simplified Chinese, Spanish - Latin America<strong>*</strong>, Swedish, Thai, Traditional Chinese, Turkish, Croatian<br><strong>*</strong>languages with full audio support",,"Action,Adventure","Single-player,Multi-player,PvP,Online PvP,Co-op,Online Co-op,Steam Achievements,Full controller support,Steam Trading Cards,Adjustable Text Size,Camera Comfort,Color Alternatives,Custom Volume Controls,Adjustable Difficulty,Playable without Timed Input,Save Anytime,Stereo Sound,Subtitle Options,Surround Sound,Steam Cloud,HDR available,Family Sharing",True,False,False,Minimum:    Requires a 64-bit processor and operating system    OS:  Windows 10    Processor:  Intel Core i3-7100 or AMD Ryzen 3 1200    Memory:  8 GB RAM    Graphics:  NVIDIA GeForce GTX 960 or AMD Radeon RX 5500 XT    Storage:  75 GB available space    Additional Notes:  SSD Recommended,"Sucker Punch Productions,Nixxes Software",PlayStation Publishing LLC,0.9381,True,False,True,True,10.0,2024.0,2.1,Modern,8.0,75.0
363970,2019,"5,000,000 .. 10,000,000",54989,6315,Clicker Heroes,game,True,0.0,0.0,0,2015-05-13,"English<strong>*</strong>, German<strong>*</strong>, Spanish - Spain<strong>*</strong>, Portuguese - Brazil<strong>*</strong>, Russian<strong>*</strong>, Simplified Chinese<strong>*</strong>, Traditional Chinese<strong>*</strong>, Turkish<strong>*</strong>, French<strong>*</strong>, Arabic<strong>*</strong>, Japanese<strong>*</strong>, Korean<strong>*</strong>, Thai<strong>*</strong>, Czech<strong>*</strong>, Polish<strong>*</strong>, Portuguese - Portugal<strong>*</strong>, Spanish - Latin America<strong>*</strong>, Italian<strong>*</strong>, Dutch<strong>*</strong>, Hungarian<strong>*</strong>, Indonesian<strong>*</strong>, Norwegian<strong>*</strong>, Romanian<strong>*</strong>, Swedish<strong>*</strong>, Vietnamese<strong>*</strong>, Hindi<strong>*</strong><br><strong>*</strong>languages with full audio support",,"Adventure,Casual,Indie,RPG,Simulation,Strategy,Free To Play","Single-player,Steam Achievements,Steam Trading Cards,In-App Purchases,Camera Comfort,Mouse Only Option,Playable without Timed Input,Save Anytime,Touch Only Option,Steam Cloud,Stats,Family Sharing",True,True,False,Minimum:     OS *:  Windows 7 or later    Processor:  2.0 GHz dual-core processor    Memory:  1 GB RAM    Graphics:  Integrated Graphics    Storage:  100 MB available space,Playsaurus,Playsaurus,0.897,True,True,False,True,0.0,2015.0,11.1,Classic,1.0,
881100,2019,"2,000,000 .. 5,000,000",74759,3718,Noita,game,False,429.0,429.0,0,2020-10-15,"English, French, German, Spanish - Spain, Japanese, Korean, Portuguese - Brazil, Russian, Simplified Chinese, Italian, Polish",,"Action,Adventure,Indie,RPG,Simulation","Single-player,Steam Achievements,Steam Workshop,Partial Controller Support,Steam Cloud,Family Sharing",True,False,False,"Minimum:     OS *:  Windows Vista, 7, 8/8.1, 10    Processor:  Dual Core CPU, Intel i5 or better    Memory:  4 GB RAM    Graphics:  512MB VRAM, OpenGL 3.0 support    Storage:  1600 MB available space",Nolla Games,Nolla Games,0.9526,False,True,False,True,1.95,2020.0,5.7,Established,4.0,
329110,2002,"1,000,000 .. 2,000,000",7067,1723,Gems of War - Puzzle RPG,game,True,0.0,0.0,0,2014-11-20,"English<strong>*</strong>, French, Italian, German, Spanish - Spain, Russian, Simplified Chinese<br><strong>*</strong>languages with full audio support",,"Action,Adventure,Casual,RPG,Strategy,Free To Play","Single-player,Multi-player,Cross-Platform Multiplayer,Steam Achievements,Steam Trading Cards,In-App Purchases,Partial Controller Support,Steam Cloud,Family Sharing",True,False,False,"Minimum:     OS *:  Vista SP1+, Windows 7 or higher    Processor:  2.33 GHz or faster x86 CPU, or Intel Atom 1.6Hz or faster CPU (SSE2 instruction set support)    Memory:  1 GB RAM    Graphics:  Radeon HD2000 series or better, GeForce 8 series or better, Intel 3000 or better (Pixel Shader 4 support required)    DirectX:  Version 10    Network:  Broadband Internet connection    Storage:  800 MB available space    Sound Card:  Required",Infinity Plus 2,505 Games,0.804,False,False,True,True,0.0,2014.0,11.6,Classic,1.0,
1167630,1984,"2,000,000 .. 5,000,000",104653,4809,Teardown,game,False,999.0,999.0,0,2022-04-21,"English, French, Italian, German, Spanish - Spain, Japanese, Polish, Russian, Simplified Chinese",80.0,"Action,Indie,Simulation,Strategy","Single-player,Multi-player,PvP,Online PvP,Co-op,Online Co-op,Steam Achievements,Full controller support,Steam Workshop,Steam Cloud,Includes level editor,Remote Play on Tablet,Family Sharing",True,False,False,Minimum:    Requires a 64-bit processor and operating system    OS:  Windows 10    Processor:  Quad Core CPU    Memory:  8 GB RAM    Graphics:  NVIDIA GeForce GTX 1060 or similar. 4 Gb VRAM.    Storage:  12 GB available space    Additional Notes:  Integrated graphics cards not supported.,Tuxedo Labs,Tuxedo Labs,0.9561,False,True,True,True,4.54,2022.0,4.2,Modern,8.0,12.0
1363080,1977,"2,000,000 .. 5,000,000",62224,9896,Manor Lords,game,False,999.0,999.0,0,2024-04-26,"English<strong>*</strong>, German, Polish, Simplified Chinese, French, Japanese, Spanish - Spain, Korean, Portuguese - Brazil, Russian, Traditional Chinese, Italian, Turkish, Czech, Danish, Dutch, Hungarian, Swedish, Ukrainian<br><strong>*</strong>languages with full audio support",,"Simulation,Strategy,Early Access","Single-player,Steam Achievements,Adjustable Text Size,Camera Comfort,Custom Volume Controls,Adjustable Difficulty,Mouse Only Option,Save Anytime,Stereo Sound,Steam Cloud,Family Sharing",True,False,False,Minimum:    Requires a 64-bit processor and operating system    OS:  Windows® 10 (64-bit)    Processor:  Intel® Core™ i5-4670 (quad-core)  / AMD® FX-Series™ FX-4350 (quad-core)    Memory:  8 GB RAM    Graphics:  NVIDIA® GeForce® GTX 1050 (2 GB) / AMD® Radeon™ RX-460 (4 GB)  / Intel® Arc™ A380 (6 GB)    DirectX:  Version 12    Storage:  15 GB available space,Slavic Magic,Hooded Horse,0.8628,False,False,False,True,4.54,2024.0,2.1,Modern,8.0,15.0
620,1959,"5,000,000 .. 10,000,000",427835,5675,Portal 2,game,False,310.0,310.0,0,2011-04-18,"English<strong>*</strong>, French<strong>*</strong>, German<strong>*</strong>, Spanish - Spain<strong>*</strong>, Czech, Danish, Dutch, Finnish, Hungarian, Italian, Japanese, Korean, Norwegian, Polish, Portuguese - Portugal, Romanian, Russian<strong>*</strong>, Simplified Chinese, Swedish, Thai, Traditional Chinese, Turkish, Bulgarian, Greek, Portuguese - Brazil, Spanish - Latin America, Ukrainian<br><strong>*</strong>languages with full audio support",95.0,"Action,Adventure","Single-player,Multi-player,Co-op,Online Co-op,Shared/Split Screen Co-op,Shared/Split Screen,Steam Achievements,Full controller support,Steam Trading Cards,Captions available,Steam Workshop,Steam Workshop,Camera Comfort,Custom Volume Controls,Playable without Timed Input,Save Anytime,Stereo Sound,Surround Sound,Steam Cloud,Stats,Includes level editor,Commentary available,Remote Play on Phone,Remote Play on Tablet,Remote Play on TV,Remote Play Together,Family Sharing",True,False,True,"Minimum:     OS *:  Windows 7 / Vista / XP    Processor:  3.0 GHz P4, Dual Core 2.0 (or higher) or AMD64X2 (or higher)    Memory:  2 GB RAM    Graphics:  Video card must be 128 MB or more and with support for Pixel Shader 2.0b (ATI Radeon X800 or higher / NVIDIA GeForce 7600 or higher / Intel HD Graphics 2000 or higher).    DirectX:  Version 9.0c    Storage:  8 GB available space    Sound Card:  DirectX 9.0c compatible",Valve,Valve,0.9869,True,False,True,True,1.41,2011.0,15.2,Classic,2.0,8.0
1184370,1874,"2,000,000 .. 5,000,000",32303,6193,Pathfinder: Wrath of the Righteous - Enhanced Edition,game,False,519.0,519.0,0,2021-09-02,"English<strong>*</strong>, French, German, Spanish - Spain, Russian, Simplified Chinese, Italian, Portuguese - Brazil<br><strong>*</strong>languages with full audio support",83.0,"Action,Adventure,Indie,RPG,Strategy","Single-player,Steam Achievements,Full controller support,Steam Trading Cards,Custom Volume Controls,Adjustable Difficulty,Mouse Only Option,Playable without Timed Input,Save Anytime,Stereo Sound,Touch Only Option,Steam Cloud,Remote Play on TV,Family Sharing",True,True,False,Minimum:    Requires a 64-bit processor and operating system    OS *:  Windows 7    Processor:  Intel(R) Core(TM) i3-2310M CPU @ 2.10GHz    Memory:  6 GB RAM    Graphics:  NVIDIA GeForce 940M    Storage:  50 GB available space,Owlcat Games,"META Publishing,Owlcat Games",0.8391,False,True,False,True,2.36,2021.0,4.8,Modern,6.0,50.0
977950,1870,"2,000,000 .. 5,000,000",69052,4419,A Dance of Fire and Ice,game,False,140.0,140.0,0,2019-01-24,"English, Spanish - Spain, Korean, Simplified Chinese, Traditional Chinese, Portuguese - Brazil, Japanese, Spanish - Latin America, Polish, Romanian, Russian, Vietnamese, Czech, French, German",,Indie,"Single-player,Steam Achievements,Steam Workshop,Partial Controller Support,Steam Cloud,Includes level editor,Remote Play on Phone,Remote Play on Tablet,Family Sharing",True,True,True,"Minimum:     OS:  Windows 10 or later    Memory:  2 GB RAM    Graphics:  Intel Graphics 4000, 2GB VRAM    Storage:  1500 MB available space",7th Beat Games,"7th Beat Games,indienova",0.9399,True,True,False,True,0.64,2019.0,7.4,Established,2.0,
1645820,1870,"500,000 .. 1,000,000",7347,853,SurrounDead,game,False,369.0,369.0,0,2022-06-24,English<strong>*</strong><br><strong>*</strong>languages with full audio support,,"Action,Adventure,Indie,RPG,Early Access","Single-player,Steam Achievements,Steam Trading Cards,Camera Comfort,Custom Volume Controls,Adjustable Difficulty,Playable without Timed Input,Save Anytime,Stereo Sound,Surround Sound,Family Sharing",True,False,False,Minimum:    Requires a 64-bit processor and operating system    OS:  Windows 10 64-bit    Processor:  i5    Memory:  8 GB RAM    Graphics:  2GB    DirectX:  Version 12    Storage:  3 GB available space    Additional Notes:  Further system requirements will be added and refined as development continues.,Zurvivor,PlaySurrounDead,0.896,False,True,False,True,1.68,2022.0,4.0,Modern,8.0,3.0
601510,1856,"2,000,000 .. 5,000,000",36345,7285,Yu-Gi-Oh! Duel Links,game,True,0.0,0.0,0,2017-11-16,"English<strong>*</strong>, French, Italian, German, Spanish - Spain, Portuguese - Brazil, Simplified Chinese, Traditional Chinese, Korean<strong>*</strong>, Japanese<strong>*</strong><br><strong>*</strong>languages with full audio support",,"Strategy,Free To Play","Single-player,Multi-player,PvP,Online PvP,Cross-Platform Multiplayer,Steam Achievements,Steam Trading Cards,In-App Purchases,Family Sharing",True,False,False,Minimum:     OS:  Windows 11 Home  (64bit) latest revision    Processor:  Intel Core i3-3210    Memory:  4 GB RAM    Graphics:  Intel(R) HD Graphics 4000    DirectX:  Version 11    Network:  Broadband Internet connection    Storage:  5 GB available space    Sound Card:  On Board    Additional Notes:  1280 x 720 monitor resolution,KONAMI,KONAMI,0.833,False,False,True,True,0.0,2017.0,8.6,Established,4.0,5.0
386360,1853,"10,000,000 .. 20,000,000",94368,25428,SMITE®,game,True,0.0,0.0,0,2015-09-08,"English<strong>*</strong>, French, German, Spanish - Spain, Polish, Russian, Portuguese - Brazil, Turkish, Simplified Chinese, Japanese<br><strong>*</strong>languages with full audio support",83.0,"Action,Adventure,Casual,Indie,Massively Multiplayer,RPG,Simulation,Strategy,Free To Play","Multi-player,PvP,Steam Achievements,Full controller support,Steam Trading Cards,In-App Purchases,Family Sharing",True,False,False,Minimum:     OS *:  Windows 7 64-bit or newer    Processor:  Core 2 Duo 2.4 GHz or Athlon X2 2.7 GHz    Memory:  4 GB RAM    Graphics:  Nvidia GeForce 8800 GT    Storage:  30 GB available space    Sound Card:  DirectX compatible sound card,Titan Forge Games,Hi-Rez Studios,0.7877,False,True,True,False,0.0,2015.0,10.8,Classic,4.0,30.0
200210,1853,"500,000 .. 1,000,000",38723,7897,Realm of the Mad God Exalt,game,True,0.0,0.0,0,2012-02-20,English<strong>*</strong><br><strong>*</strong>languages with full audio support,82.0,"Action,Adventure,Indie,Massively Multiplayer,RPG,Free To Play","Multi-player,MMO,Co-op,Online Co-op,In-App Purchases,Stats",True,True,False,Exalt - Minimum     OS:  Microsoft Windows 10 version 21H1 (build 19043) or newer    Processor:  Intel Core i5-3330 or AMD A10 5700    Memory:  8GB RAM    GPU:  NVIDIA GeForce GTX 650 / AMD Radeon HD 7750 (1GB VRAM)    Network:  Broadband Internet connection    Hard Drive:  350MB available space    Resolution:  800x600    Avg. FPS:  30,"Wild Shadow Studios,Deca Live Operations GmbH",Deca Live Operations GmbH,0.8306,False,True,True,False,0.0,2012.0,14.3,Classic,8.0,
220200,1844,"2,000,000 .. 5,000,000",121084,6078,Kerbal Space Program,game,False,275.0,1099.0,75,2015-04-27,"English, Spanish - Spain, Simplified Chinese, Japanese, Russian, French, Italian, German, Portuguese - Brazil",88.0,"Indie,Simulation","Single-player,Steam Trading Cards,Steam Workshop,Partial Controller Support,Steam Cloud,Family Sharing",True,True,True,"Minimum:     OS *: Windows 7 SP1+ 	   Processor: Core 2 Duo 2.0 Ghz 	   Memory: 4 GB RAM 	   Graphics: DX10 (SM 4.0) capable, 512MB VRAM 	   Hard Drive: 3 GB HD space",Squad,Private Division,0.9522,False,True,False,True,1.25,2015.0,11.2,Classic,4.0,
1145350,1838,"2,000,000 .. 5,000,000",60844,3288,Hades II,game,False,885.0,885.0,0,2025-09-25,"English<strong>*</strong>, French, Italian, German, Spanish - Spain, Greek, Japanese, Korean, Polish, Portuguese - Brazil, Russian, Simplified Chinese, Traditional Chinese, Turkish, Ukrainian<br><strong>*</strong>languages with full audio support",94.0,"Action,Indie,RPG","Single-player,Steam Achievements,Full controller support,Steam Trading Cards,Captions available,Steam Cloud,Family Sharing",True,True,False,"Minimum:    Requires a 64-bit processor and operating system    OS:  Windows 10 64-bit    Processor:  Dual Core 2.4 GHz    Memory:  8 GB RAM    Graphics:  GeForce GTX 950, Radeon R7 360, or Intel HD Graphics 630    Storage:  11 GB available space",Supergiant Games,Supergiant Games,0.9487,False,True,False,True,4.02,2025.0,0.7,Recent,8.0,11.0
872410,1827,"1,000,000 .. 2,000,000",9421,5690,ROMANCE OF THE THREE KINGDOMS XIV,game,False,2100.0,2100.0,0,2020-01-15,"Simplified Chinese<strong>*</strong>, Traditional Chinese, Japanese<strong>*</strong>, Korean, English<br><strong>*</strong>languages with full audio support",,Simulation,"Single-player,Steam Achievements,Steam Trading Cards,Steam Cloud,Family Sharing",True,False,False,"Minimum:    Requires a 64-bit processor and operating system    OS:  Windows® 10, 64bit    Processor:  Intel Core i3-3220 (3.0GHz or over)    Memory:  4 GB RAM    Graphics:  NVIDIA GeForce GTX660    DirectX:  Version 11    Network:  Broadband Internet connection    Storage:  20 GB available space    Sound Card:  16 bit stereo, 48KHz WAVE file can be played    Additional Notes:  1280 x 720 Display required","KOEI TECMO GAMES CO., LTD.","KOEI TECMO GAMES CO., LTD.",0.6235,False,False,False,True,9.55,2020.0,6.4,Established,4.0,20.0
581320,1826,"2,000,000 .. 5,000,000",107857,19061,Insurgency: Sandstorm,game,False,890.0,890.0,0,2018-12-12,"English<strong>*</strong>, French, Italian, German, Simplified Chinese, Russian, Spanish - Latin America, Spanish - Spain, Traditional Chinese, Korean, Danish, Finnish, Hungarian, Japanese, Norwegian, Dutch, Polish, Portuguese - Portugal, Portuguese - Brazil, Swedish, Czech, Thai, Turkish<br><strong>*</strong>languages with full audio support",78.0,Action,"Multi-player,PvP,Online PvP,Co-op,Online Co-op,Cross-Platform Multiplayer,Steam Achievements,Full controller support,Steam Trading Cards,Steam Cloud,Stats,Family Sharing",True,False,False,Minimum:    Requires a 64-bit processor and operating system    OS:  Windows 10/11 (64 bits)    Processor:  Intel Core i5-4440 (3.10GHz)/AMD FX-6300 (3.50GHz)    Memory:  8 GB RAM    Graphics:  NVIDIA GeForce GTX 760/AMD Radeon HD 7970    DirectX:  Version 11    Storage:  40 GB available space,New World Interactive,Focus Entertainment,0.8498,True,False,True,False,4.05,2018.0,7.5,Established,8.0,40.0
2582560,1823,"100,000 .. 200,000",2337,1921,EA SPORTS™ Madden NFL 25,game,False,0.0,0.0,0,2024-08-15,English<strong>*</strong><br><strong>*</strong>languages with full audio support,,"Simulation,Sports,Strategy","Single-player,Multi-player,PvP,Online PvP,Shared/Split Screen PvP,Co-op,Online Co-op,Shared/Split Screen Co-op,Shared/Split Screen,Cross-Platform Multiplayer,Steam Achievements,Full controller support,In-App Purchases,Chat Speech-to-text,Custom Volume Controls,Adjustable Difficulty,Keyboard Only Option,Stereo Sound,Surround Sound,Remote Play Together",True,False,False,Minimum:    Requires a 64-bit processor and operating system    OS:  Windows 10 - 64-Bit (Latest Update)    Processor:  Intel Core i7-6700K (4-cores; 8-threads) or AMD Ryzen 5 1600    Memory:  10 GB RAM    Graphics:  NVIDIA GeForce GTX 1050 Ti 4GB or AMD Radeon RX 570 4GB    DirectX:  Version 12    Network:  Broadband Internet connection    Storage:  65 GB available space    Additional Notes:  DirectX 12 compatible video card (feature level 12_0),Tiburon,Electronic Arts,0.5488,False,False,True,True,0.0,2024.0,1.8,Recent,10.0,65.0
2909400,1818,"500,000 .. 1,000,000",15548,4627,FINAL FANTASY VII REBIRTH,game,False,719.0,1799.0,60,2025-01-23,"English<strong>*</strong>, French<strong>*</strong>, Italian, German<strong>*</strong>, Spanish - Spain, Japanese<strong>*</strong>, Korean, Portuguese - Brazil, Simplified Chinese, Spanish - Latin America, Traditional Chinese<br><strong>*</strong>languages with full audio support",,"Action,Adventure,RPG","Single-player,Steam Achievements,Full controller support,Steam Trading Cards,Custom Volume Controls,Adjustable Difficulty,Keyboard Only Option,Stereo Sound,Surround Sound,Steam Cloud,HDR available,Family Sharing",True,False,False,"Minimum:    Requires a 64-bit processor and operating system    OS:  Windows® 10 64-bit    Processor:  AMD Ryzen™ 5 1400 / Intel® Core™ i3-8100    Memory:  16 GB RAM    Graphics:  AMD Radeon™ RX 6600 (RX 6600 or above required) / Intel® Arc™ A580 / NVIDIA® GeForce® RTX 2060 (RTX series required)    DirectX:  Version 12    Storage:  155 GB available space    Additional Notes:  1080P / 30FPS (Graphics Quality Preset “Low”), SSD Required. Graphics Cards with Shader Model 6.6 support and OS with DirectX 12 Ultimate support required. 12GB VRAM or above recommended to play on 4k resolution.",Square Enix,Square Enix,0.7707,True,False,False,True,3.27,2025.0,1.4,Recent,16.0,155.0
961200,1816,"1,000,000 .. 2,000,000",10260,3776,Predecessor,game,True,0.0,0.0,0,2024-08-20,"English<strong>*</strong>, French, Italian, German, Portuguese - Brazil, Spanish - Latin America, Simplified Chinese<strong>*</strong>, Japanese<strong>*</strong>, Spanish - Spain, Korean<strong>*</strong>, Traditional Chinese<strong>*</strong><br><strong>*</strong>languages with full audio support",,"Action,Indie,Massively Multiplayer,RPG,Strategy,Free To Play","Single-player,Multi-player,PvP,Online PvP,Co-op,Online Co-op,Cross-Platform Multiplayer,Full controller support,In-App Purchases",True,False,False,Minimum:     OS:  Windows 10 Home 64 Bit    Processor:  Intel® Core™ i5-4590 or similar    Memory:  8 GB RAM    Graphics:  NVIDIA GeForce GT 1030 2GB or AMD Radeon RX 550 equivalent    DirectX:  Version 11    Network:  Broadband Internet connection    Storage:  14 GB available space    Sound Card:  DirectX Compatible    Additional Notes:  Needs 8GB RAM available for the game,Omeda Studios,Omeda Studios,0.731,True,True,True,True,0.0,2024.0,1.8,Recent,8.0,14.0
34330,1807,"2,000,000 .. 5,000,000",22620,2332,Total War: SHOGUN 2,game,False,689.0,689.0,0,2011-03-15,"English<strong>*</strong>, Czech, French<strong>*</strong>, German<strong>*</strong>, Italian<strong>*</strong>, Polish, Russian<strong>*</strong>, Spanish - Spain<strong>*</strong><br><strong>*</strong>languages with full audio support",90.0,Strategy,"Single-player,Multi-player,PvP,Online PvP,LAN PvP,Co-op,Online Co-op,LAN Co-op,Steam Achievements,Steam Trading Cards,Camera Comfort,Custom Volume Controls,Adjustable Difficulty,Playable without Timed Input,Save Anytime,Stereo Sound,Steam Cloud,Valve Anti-Cheat enabled,Stats,Family Sharing",True,True,True,"Minimum:  								   OS *:  Windows 7 / Vista / XP 									   Processor:  2 GHz Intel Dual Core processor / 2.6 GHz Intel Single Core processor, or AMD equivalent (with SSE2) 									   Memory:  1GB RAM (XP), 2GB RAM (Vista / Windows7)  									   Graphics:  256 MB DirectX 9.0c compatible card (shader model 3)   									   DirectX®:  DirectX 9.0c 									   Hard Drive:  32GB free hard disk space 									   Screen Resolution:  1024x768 minimum 								   Microsoft no longer supports Windows 10 or older versions","CREATIVE ASSEMBLY,Feral Interactive (Mac),Feral Interactive (Linux)","SEGA,Feral Interactive (Mac),Feral Interactive (Linux)",0.9065,False,False,True,True,3.13,2011.0,15.3,Classic,1.0,
2427700,1806,"500,000 .. 1,000,000",13410,1370,Backpack Battles,game,False,364.0,455.0,20,2025-06-13,"English, German, Japanese, Korean, Simplified Chinese, Traditional Chinese, French, Portuguese - Brazil, Russian, Spanish - Latin America",,Strategy,"Multi-player,PvP,Online PvP,Steam Achievements,Full controller support,Steam Trading Cards,Steam Cloud,Family Sharing",True,False,True,Minimum:    Requires a 64-bit processor and operating system    OS:  Windows 10    Processor:  Dual Core 2 GHz    Memory:  1 GB RAM    Graphics:  GTX 1060 3G    Storage:  300 MB available space,PlayWithFurcifer,"IndieArk,Shochiku (Japan)",0.9073,True,False,True,False,1.65,2025.0,1.0,Recent,1.0,
1013320,1785,"500,000 .. 1,000,000",4891,1401,Firestone – Idle Clicker Online RPG,game,True,0.0,0.0,0,2024-04-01,"English<strong>*</strong>, German<strong>*</strong>, Spanish - Spain<strong>*</strong>, Greek<strong>*</strong>, Portuguese - Brazil<strong>*</strong>, Russian<strong>*</strong>, Simplified Chinese<strong>*</strong>, French<strong>*</strong>, Japanese<strong>*</strong>, Korean<strong>*</strong>, Polish<strong>*</strong>, Traditional Chinese<strong>*</strong>, Turkish<strong>*</strong>, Danish<strong>*</strong>, Finnish<strong>*</strong>, Swedish<strong>*</strong>, Portuguese - Portugal<strong>*</strong>, Spanish - Latin America<strong>*</strong>, Dutch<strong>*</strong>, Italian<strong>*</strong>, Czech<strong>*</strong>, Hungarian<strong>*</strong>, Norwegian<strong>*</strong>, Ukrainian<strong>*</strong>, Vietnamese<strong>*</strong><br><strong>*</strong>languages with full audio support",,"Casual,Indie,RPG,Free To Play","Single-player,Multi-player,Cross-Platform Multiplayer,Steam Achievements,Steam Trading Cards,In-App Purchases,Steam Cloud,Stats,Remote Play on Phone,Remote Play on Tablet,Family Sharing",True,True,True,"Minimum:    Requires a 64-bit processor and operating system    OS *:  Windows 7 and above    Processor:  2.33GHz or faster x86-compatible processor, or Intel Atom™ 1.6GHz or faster processor for netbook class devices    Memory:  512 MB RAM    Storage:  300 MB available space",Holyday Studios,Holyday Studios,0.7773,True,True,True,True,0.0,2024.0,2.2,Modern,,
1943950,1756,"2,000,000 .. 5,000,000",93330,9199,Escape the Backrooms,game,False,249.0,249.0,0,2025-10-23,"English<strong>*</strong>, French, German, Spanish - Spain, Russian, Simplified Chinese, Japanese, Korean, Turkish, Polish, Portuguese - Brazil, Traditional Chinese<br><strong>*</strong>languages with full audio support",,"Action,Indie","Single-player,Multi-player,Co-op,Online Co-op,Steam Achievements,Camera Comfort,Custom Volume Controls,Adjustable Difficulty,Playable without Timed Input,Stereo Sound,Partial Controller Support,Steam Cloud,HDR available,Family Sharing",True,False,False,Minimum:     OS:  Windows 10/11 64-bit    Processor:   Quad-core Intel or AMD 2.5 GHz or superior    Memory:  8 GB RAM    Graphics:  Any DirectX 11 or 12 compatible card     DirectX:  Version 11    Storage:  25 GB available space    Sound Card:  Any    Additional Notes:,"Fancy Games,Blackbird Interactive",Secret Mode,0.9103,False,True,True,True,1.13,2025.0,0.7,Recent,8.0,25.0
2679460,1753,"1,000,000 .. 2,000,000",31641,3199,Metaphor: ReFantazio,game,False,2199.0,2199.0,0,2024-10-10,"English<strong>*</strong>, French, Italian, German, Spanish - Spain, Japanese<strong>*</strong>, Korean, Russian, Simplified Chinese, Traditional Chinese, Portuguese - Brazil, Spanish - Latin America<br><strong>*</strong>languages with full audio support",92.0,"Action,Adventure,RPG","Single-player,Steam Achievements,Full controller support,Steam Trading Cards,Camera Comfort,Adjustable Difficulty,Keyboard Only Option,Playable without Timed Input,Stereo Sound,Surround Sound,Steam Cloud,Family Sharing",True,False,False,"Minimum:    Requires a 64-bit processor and operating system    OS:  Windows 10    Processor:  Intel Core i5-3470 or AMD FX-6300    Memory:  6 GB RAM    Graphics:  NVIDIA GeForce GTX 750 Ti, 4GB or AMD Radeon R7 360, 4GB or Intel Arc A310, 4GB    DirectX:  Version 11    Storage:  93 GB available space    Additional Notes:  720p @ 30 FPS. A CPU with AVX support is required. Microsoft no longer supports Windows 10 or older versions.",ATLUS,SEGA,0.9082,True,False,False,True,10.0,2024.0,1.7,Recent,6.0,93.0
669330,1748,"1,000,000 .. 2,000,000",12973,2105,Mechabellum,game,False,273.0,455.0,40,2024-09-26,"Simplified Chinese, English, French, German, Traditional Chinese, Spanish - Spain, Japanese, Korean, Polish, Spanish - Latin America, Russian",,"Action,Indie,Massively Multiplayer,Simulation,Strategy","Single-player,Multi-player,PvP,Online PvP,Co-op,Online Co-op,Family Sharing",True,True,False,"Minimum:    Requires a 64-bit processor and operating system    OS *:  Windows 8 and above (64 bits)    Processor:  Intel, AMD 2 cores CPU at 2Ghz    Memory:  6 GB RAM    Graphics:  AMD Radeon™ HD 7730, NVIDIA GeForce® GT 640    Network:  Broadband Internet connection    Storage:  15 GB available space",Game River,Dreamhaven,0.8604,True,True,True,True,1.24,2024.0,1.7,Recent,6.0,15.0
1569040,1742,"2,000,000 .. 5,000,000",19861,1599,Football Manager 2022,game,False,0.0,0.0,0,2021-11-09,"English, French, Italian, German, Spanish - Spain, Danish, Dutch, Greek, Korean, Norwegian, Polish, Portuguese - Portugal, Russian, Simplified Chinese, Swedish, Traditional Chinese, Turkish",85.0,"Simulation,Sports","Single-player,Multi-player,Steam Achievements,Steam Cloud,Family Sharing",True,True,False,"Minimum:    Requires a 64-bit processor and operating system    OS *:  Windows 7 64-bit, 8/8.1, 10    Processor:  Intel Core 2 or AMD Athlon 64 1.8GHz+    Memory:  4 GB RAM    Graphics:  Intel GMA X4500, NVIDIA GeForece 9600M GT, AMD/ATI Mobility Raedon HD 3650 - 256MB VRAM    DirectX:  Version 11    Storage:  7 GB available space",Sports Interactive,SEGA,0.9255,False,False,True,True,0.0,2021.0,4.6,Modern,4.0,7.0
2113850,1742,"200,000 .. 500,000",11792,291,Spirit City: Lofi Sessions,game,False,250.0,250.0,0,2024-04-08,"English, French, Italian, German, Spanish - Spain, Simplified Chinese, Japanese, Korean, Portuguese - Brazil, Russian",80.0,"Casual,Indie,Simulation","Single-player,Steam Achievements,Steam Trading Cards,Steam Cloud,Stats,Family Sharing",True,True,False,Minimum:    Requires a 64-bit processor and operating system    OS:  Windows 10/11    Processor:  Intel Core i5-8600 / AMD Ryzen 5 3600    Memory:  8 GB RAM    Graphics:  NVIDIA GTX 960 / Radeon HD7870    DirectX:  Version 11    Storage:  6 GB available space,Mooncube Games,Mooncube Games,0.9759,False,True,False,True,1.14,2024.0,2.2,Modern,8.0,6.0
2157560,1736,"200,000 .. 500,000",4586,971,Granblue Fantasy Versus: Rising,game,False,588.0,1960.0,70,2023-12-13,"Japanese<strong>*</strong>, English<strong>*</strong>, French, German, Spanish - Spain, Portuguese - Brazil, Simplified Chinese, Traditional Chinese, Korean<br><strong>*</strong>languages with full audio support",,Action,"Single-player,Multi-player,PvP,Online PvP,Shared/Split Screen PvP,Shared/Split Screen,Partial Controller Support,Steam Cloud,Remote Play Together,Family Sharing",True,False,False,"Minimum:    Requires a 64-bit processor and operating system    OS:  Windows 11 (64-bit OS required)    Processor:  AMD FX-4350, 4.2 GHz / Intel Core i5-3470, 3.20 GHz    Memory:  4 GB RAM    Graphics:  Radeon HD 6870, 1 GB / GeForce GTX 650 Ti, 1 GB    DirectX:  Version 11    Network:  Broadband Internet connection    Storage:  20 GB available space    Sound Card:  DirectX compatible soundcard or onboard chipset","Cygames, Inc.,Arc System Works","Cygames, Inc.",0.8253,False,False,True,True,2.67,2023.0,2.5,Modern,4.0,20.0
824270,1719,"500,000 .. 1,000,000",32776,2529,KovaaK's,game,False,229.0,229.0,0,2018-04-03,"English, Portuguese - Brazil, Simplified Chinese, Japanese, Russian, French, German, Arabic, Czech, Hungarian, Indonesian, Korean, Polish, Portuguese - Portugal, Spanish - Latin America, Traditional Chinese, Turkish, Ukrainian, Vietnamese",,"Action,Indie,Simulation","Single-player,Steam Achievements,Steam Workshop,Stats,Steam Leaderboards,Includes level editor,Family Sharing",True,False,False,"Minimum:    Requires a 64-bit processor and operating system    OS:  Windows 10 64-bit (latest Service Pack)    Processor:  Intel Core i3 or AMD Phenom X3 865    Memory:  4 GB RAM    Graphics:  Nvidia GeForce GTX 460, ATI Radeon HD 4850, or Intel HD Graphics 4400    DirectX:  Version 11    Network:  Broadband Internet connection    Storage:  7 GB available space",KovaaK Games,KovaaK Games,0.9284,True,True,False,True,1.04,2018.0,8.2,Established,4.0,7.0
1669000,1707,"500,000 .. 1,000,000",14901,3350,Age of Wonders 4,game,False,864.0,1729.0,50,2023-05-02,"English<strong>*</strong>, French, German, Spanish - Spain, Japanese, Korean, Polish, Russian, Simplified Chinese<br><strong>*</strong>languages with full audio support",,"RPG,Strategy","Single-player,Multi-player,PvP,Online PvP,Co-op,Online Co-op,Cross-Platform Multiplayer,Steam Achievements,Steam Trading Cards,Steam Workshop,Camera Comfort,Chat Speech-to-text,Chat Text-to-speech,Custom Volume Controls,Adjustable Difficulty,Playable without Timed Input,Save Anytime,Stereo Sound,Surround Sound,Partial Controller Support,Steam Cloud,Remote Play Together,Family Sharing",True,False,False,Minimum:    Requires a 64-bit processor and operating system    OS:  Windows® 10 Home 64 Bit (version 21H1)    Processor:  Intel® Core™ i5-2500K or AMD® Ryzen™ 5 1600X    Memory:  8 GB RAM    Graphics:  Nvidia® GeForce™ GTX 670 (2GB) or AMD® Radeon™ HD 7870 (2GB) or Intel® Arc™ A380 (6GB) or Intel® Iris™ Xe G7 (Tiger Lake) or AMD® Radeon™ Vega 8    DirectX:  Version 12    Storage:  35 GB available space    Additional Notes:  1080p (30FPS),Triumph Studios,Paradox Interactive,0.8164,False,False,True,True,3.93,2023.0,3.1,Modern,8.0,35.0
323190,1699,"2,000,000 .. 5,000,000",114315,9231,Frostpunk,game,False,885.0,885.0,0,2018-04-24,"English<strong>*</strong>, French, German, Spanish - Spain, Polish, Russian, Simplified Chinese, Portuguese - Brazil, Turkish, Italian, Japanese, Korean<br><strong>*</strong>languages with full audio support",84.0,"Simulation,Strategy","Single-player,Steam Achievements,Steam Trading Cards,Steam Cloud,Remote Play on Phone,Remote Play on Tablet,Family Sharing",True,True,False,"Minimum:    Requires a 64-bit processor and operating system    OS *:  Windows 7/8/10 64-bit    Processor:  3.2 GHz Dual Core Processor    Memory:  4 GB RAM    Graphics:  GeForce GTX 660, Radeon R7 370 or equivalent with 2 GB of video RAM    DirectX:  Version 11    Storage:  8 GB available space    Sound Card:  DirectX compatible    Additional Notes:  Please make sure that you have the latest VC package installed, and - if you're using Windows 7 or 8 - that you have the KB4019990 update applied.",11 bit studios,11 bit studios,0.9253,False,False,False,True,4.02,2018.0,8.2,Established,4.0,8.0
2161700,1683,"1,000,000 .. 2,000,000",40182,2385,Persona 3 Reload,game,False,1899.0,1899.0,0,2024-02-01,"English<strong>*</strong>, French, Italian, German, Spanish - Spain, Japanese<strong>*</strong>, Korean, Polish, Portuguese - Brazil, Russian, Simplified Chinese, Traditional Chinese, Turkish<br><strong>*</strong>languages with full audio support",89.0,"Adventure,RPG,Strategy","Single-player,Steam Achievements,Full controller support,Steam Trading Cards,Custom Volume Controls,Adjustable Difficulty,Keyboard Only Option,Playable without Timed Input,Stereo Sound,Surround Sound,Steam Cloud,Family Sharing",True,False,False,"Minimum:    Requires a 64-bit processor and operating system    OS:  Windows 10    Processor:  Intel Core i5-2300, AMD FX-4350    Memory:  8 GB RAM    Graphics:  NVIDIA GeForce GTX 650 Ti, 2 GB; AMD Radeon HD 7850, 2 GB    DirectX:  Version 12    Storage:  30 GB available space    Additional Notes:  Performance Target: 720p, low graphics settings, @ 30 FPS. Microsoft no longer supports Windows 10 or older versions.",ATLUS,SEGA,0.944,False,False,False,True,8.63,2024.0,2.4,Modern,8.0,30.0
2619650,1682,"20,000 .. 50,000",481,19,Cauldron,game,False,455.0,455.0,0,2025-05-21,"English<strong>*</strong>, Simplified Chinese<strong>*</strong>, French<strong>*</strong>, German<strong>*</strong>, Japanese<strong>*</strong>, Portuguese - Brazil<strong>*</strong><br><strong>*</strong>languages with full audio support",,"Adventure,Casual,Indie,RPG,Simulation,Strategy","Single-player,Steam Achievements,Full controller support,Steam Trading Cards,Custom Volume Controls,Save Anytime,Steam Cloud,Family Sharing",True,False,False,"Minimum:     OS *:  Windows Vista or greater    Processor:  2 Ghz    Memory:  4 GB RAM    Graphics:  256 mb video memory, shader model 3.0+    DirectX:  Version 10    Storage:  200 MB available space",SleepyDad Games,Caketown Interactive,0.962,False,True,False,True,2.07,2025.0,1.1,Recent,4.0,
1876890,1679,"500,000 .. 1,000,000",29332,1588,Wandering Sword,game,False,740.0,740.0,0,2023-09-14,"Simplified Chinese, English, Traditional Chinese",80.0,"Adventure,Indie,RPG,Strategy","Single-player,Steam Achievements,Partial Controller Support,Steam Cloud,Family Sharing",True,False,False,Minimum:     OS *:  Windows® 7 SP1 / 8.1 / 10 64-bit    Processor:  AMD FX-4350 / Intel® Core™ i3-3210    Memory:  8 GB RAM    Graphics:  [Integrated graphics not supported]AMD Radeon™ RX 560 (4GB VRAM) / NVIDIA® GeForce® GTX 1050 (4GB VRAM)    DirectX:  Version 11    Storage:  7 GB available space    Sound Card:  DirectX Compatible Sound Card,The Swordman Studio,Spiral Up Games,0.9486,False,True,False,True,3.36,2023.0,2.8,Modern,8.0,7.0
699130,1663,"1,000,000 .. 2,000,000",21657,4401,World War Z,game,False,514.0,1390.0,63,2021-09-21,"Russian, English<strong>*</strong>, Spanish - Spain, Traditional Chinese, French, Italian, German, Korean, Polish, Portuguese - Brazil, Simplified Chinese, Japanese<br><strong>*</strong>languages with full audio support",,Action,"Single-player,Multi-player,PvP,Online PvP,Co-op,Online Co-op,Cross-Platform Multiplayer,Steam Achievements,Full controller support,Steam Cloud,Family Sharing",True,False,False,Minimum:    Requires a 64-bit processor and operating system    OS *:  Windows 7    Processor:  AMD A10-5700 / Intel Core i3-3220    Memory:  8 GB RAM    Graphics:  AMD R7-240 / GForce 650Ti / Intel 630    DirectX:  Version 11    Network:  Broadband Internet connection    Storage:  50 GB available space    Sound Card:  Yes,Saber Interactive Inc,Saber Interactive Inc,0.8311,False,False,True,True,2.34,2021.0,4.7,Modern,8.0,50.0
3070070,1661,"2,000,000 .. 5,000,000",38392,1107,TCG Card Shop Simulator,game,False,239.0,399.0,40,2024-09-15,"English, French, Italian, German, Spanish - Spain, Japanese, Korean, Simplified Chinese, Traditional Chinese, Portuguese - Brazil",,"Simulation,Early Access","Single-player,Steam Achievements,Full controller support,Steam Trading Cards,Camera Comfort,Custom Volume Controls,Playable without Timed Input,Save Anytime,Steam Cloud,Family Sharing",True,False,False,Minimum:     OS:  Windows (64-bit) 10    Processor:  Intel Core i5-3550    Memory:  8 GB RAM    Graphics:  NVidia GeForce GTX 1050    DirectX:  Version 11    Storage:  5 GB available space,OPNeon Games,OPNeon Games,0.972,False,False,False,True,1.09,2024.0,1.8,Recent,8.0,5.0
635260,1658,"2,000,000 .. 5,000,000",79504,3912,CarX Drift Racing Online,game,False,91.0,455.0,80,2017-11-17,"English, Russian, French, Italian, Korean, Japanese, German, Spanish - Spain, Traditional Chinese, Simplified Chinese, Polish, Portuguese - Portugal",,"Action,Casual,Massively Multiplayer,Racing,Simulation,Sports","Single-player,Multi-player,PvP,Online PvP,Co-op,Online Co-op,Cross-Platform Multiplayer,Steam Achievements,VR Supported,Steam Trading Cards,Steam Workshop,Camera Comfort,Custom Volume Controls,Adjustable Difficulty,Keyboard Only Option,Mouse Only Option,Playable without Timed Input,Stereo Sound,Partial Controller Support,Steam Cloud,Includes level editor,Remote Play on Phone,Remote Play on Tablet,Family Sharing",True,False,False,Minimum:     OS:  Windows 10 or higher    Processor:  Intel® Core™ i5-6400 or AMD Ryzen 5 1600    Memory:  8 GB RAM    Graphics:  GeForce GTX 960 4GB / AMD RX 470 4 GB    DirectX:  Version 11    Network:  Broadband Internet connection    Storage:  8 GB available space    Sound Card:  Sound card compatible with DirectX® 11    VR Support:  Any devices supporting SteamVR or Oculus runtime    Additional Notes:  The application’s stability is not guaranteed on Intel HD Graphics and AMD HD Radeon on-board graphics cards.,"CarX Technologies, LLC","CarX Technologies, LLC",0.9531,False,False,True,True,0.41,2017.0,8.6,Established,8.0,8.0
815370,1656,"2,000,000 .. 5,000,000",69304,11300,Green Hell,game,False,529.0,529.0,0,2019-09-05,"English<strong>*</strong>, French, Italian, German, Spanish - Spain, Traditional Chinese, Simplified Chinese<strong>*</strong>, Portuguese - Portugal, Portuguese - Brazil, Russian, Polish, Czech, Japanese, Korean, Swedish, Thai, Vietnamese, Hungarian, Turkish, Indonesian<br><strong>*</strong>languages with full audio support",78.0,"Action,Adventure,Indie,Simulation","Single-player,Multi-player,Co-op,Online Co-op,Steam Achievements,Steam Trading Cards,Adjustable Text Size,Camera Comfort,Custom Volume Controls,Adjustable Difficulty,Playable without Timed Input,Stereo Sound,Subtitle Options,Partial Controller Support,Steam Cloud,Remote Play on Tablet,Family Sharing",True,False,False,"Minimum:    Requires a 64-bit processor and operating system    OS *:  Windows 7/8/10 64-bit    Processor:  3.2 GHz Dual Core Processor    Memory:  4 GB RAM    Graphics:  GeForce GTX 660, Radeon RX 460 or equivalent with 2 GB of video RAM    DirectX:  Version 11    Storage:  8 GB available space    Sound Card:  DirectX compatible",Creepy Jar,Creepy Jar,0.8598,False,True,True,True,2.4,2019.0,6.8,Established,4.0,8.0
2503770,1635,"50,000 .. 100,000",1094,265,House of Legacy,game,False,455.0,455.0,0,2025-05-14,"English, Simplified Chinese",,"Adventure,RPG,Simulation,Strategy,Early Access","Single-player,Steam Achievements,Steam Cloud,Family Sharing",True,False,False,Minimum:     OS:  Windows 10 64 bit    Processor:  Intel i5 Processor    Memory:  6 GB RAM    Graphics:  Nvidia GeForce GTX 1060    DirectX:  Version 10    Storage:  3 GB available space,S3 Studio,Thermite Games,0.805,False,False,False,True,2.07,2025.0,1.1,Recent,6.0,3.0
1527950,1632,"1,000,000 .. 2,000,000",26326,3010,Wartales,game,False,1099.0,1099.0,0,2023-04-12,"English<strong>*</strong>, French, German, Spanish - Spain, Polish, Portuguese - Brazil, Russian, Simplified Chinese, Korean<br><strong>*</strong>languages with full audio support",,"Adventure,Indie,RPG,Strategy","Single-player,Multi-player,Co-op,Online Co-op,Steam Achievements,Full controller support,Steam Cloud,Family Sharing",True,False,False,Minimum:    Requires a 64-bit processor and operating system    OS *:  Windows 7 64bit    Processor:  Intel Core i5 2.5 GHz / AMD Ryzen 5    Memory:  8 GB RAM    Graphics:  NVidia GTX 1050 / AMD RX550    DirectX:  Version 10    Storage:  30 GB available space,Shiro Games,Shiro Games,0.8974,False,True,True,True,5.0,2023.0,3.2,Modern,8.0,30.0
2537590,1622,"100,000 .. 200,000",6345,7250,Microsoft Flight Simulator 2024,game,False,3000.0,3000.0,0,2024-11-19,"English<strong>*</strong>, French<strong>*</strong>, Italian<strong>*</strong>, German<strong>*</strong>, Spanish - Spain<strong>*</strong>, Dutch<strong>*</strong>, Finnish<strong>*</strong>, Japanese<strong>*</strong>, Korean<strong>*</strong>, Norwegian<strong>*</strong>, Polish<strong>*</strong>, Portuguese - Brazil<strong>*</strong>, Portuguese - Portugal<strong>*</strong>, Russian<strong>*</strong>, Simplified Chinese<strong>*</strong>, Spanish - Latin America<strong>*</strong>, Swedish<strong>*</strong>, Turkish<strong>*</strong><br><strong>*</strong>languages with full audio support",,Simulation,"Single-player,Multi-player,Cross-Platform Multiplayer,Steam Achievements,In-App Purchases,Partial Controller Support,HDR available,Family Sharing",True,False,False,Minimum:    Requires a 64-bit processor and operating system    OS:  Windows 10    Processor:  AMD Ryzen 5 2600X or Intel Core i7-6800K    Memory:  16 GB RAM    Graphics:  Radeon RX 5700 or GeForce GTX 970    DirectX:  Version 12    Network:  Broadband Internet connection    Storage:  50 GB available space    Additional Notes:  Network Speed of 10 Mbps Bandwidth,Asobo Studio,Xbox Game Studios,0.4667,True,False,True,True,13.64,2024.0,1.6,Recent,16.0,50.0
1468260,1621,"1,000,000 .. 2,000,000",23863,1429,Leaf Blower Revolution - Idle Game,game,True,0.0,0.0,0,2020-12-04,"English, French, German, Spanish - Spain, Polish, Russian, Slovenian",,"Casual,Indie,Free To Play","Single-player,Steam Achievements,Steam Trading Cards,In-App Purchases,Steam Cloud,Stats,Family Sharing",True,False,False,"Minimum:    Requires a 64-bit processor and operating system    OS *:  Windows 7    Processor:  2.33GHz or faster x86-compatible processor, or Intel Atom™ 1.6GHz or faster processor for netbook class devices    Memory:  512 MB RAM    Storage:  150 MB available space",Humble North,Humble North,0.9435,False,True,False,True,0.0,2020.0,5.5,Established,,
2142790,1616,"500,000 .. 1,000,000",19544,414,Fields of Mistria,game,False,425.0,425.0,0,2024-08-05,English,,"Indie,RPG,Simulation,Early Access","Single-player,Full controller support,Family Sharing",True,False,False,"Minimum:    Requires a 64-bit processor and operating system    OS:  Windows 10    Processor:  Intel Core2 Duo E6400 or AMD Phenom X2 Dual-Core GP-7730    Memory:  6 GB RAM    Graphics:  NVIDIA GeForce GTX 460, 1GB or AMD Radeon R7 240, 1GB    DirectX:  Version 11    Storage:  2 GB available space",NPC Studio,NPC Studio,0.9793,False,True,False,True,1.93,2024.0,1.9,Recent,6.0,2.0
335300,1612,"2,000,000 .. 5,000,000",98052,18658,DARK SOULS™ II: Scholar of the First Sin,game,False,1199.0,1199.0,0,2015-04-01,"English<strong>*</strong>, French, Italian, German, Spanish - Spain, Polish, Portuguese - Brazil, Russian, Korean, Traditional Chinese<br><strong>*</strong>languages with full audio support",79.0,"Action,RPG","Single-player,Multi-player,Co-op,Steam Achievements,Full controller support,Remote Play on Phone,Remote Play on Tablet,Remote Play on TV,Family Sharing",True,False,False,"Minimum:     OS *:  Windows 7 SP1 64bit, Windows 8.1 64bit    Processor:  AMD® A8 3870 3,6 Ghz or Intel® Core ™ i3 2100 3.1Ghz    Memory:  4 GB RAM    Graphics:  NVIDIA® GeForce  GTX 465 / ATI Radeon TM HD 6870    DirectX:  Version 11    Network:  Broadband Internet connection    Storage:  23 GB available space    Sound Card:  DirectX 11 sound device","FromSoftware, Inc.","Bandai Namco Entertainment,FromSoftware, Inc.",0.8401,False,False,True,True,5.45,2015.0,11.2,Classic,4.0,23.0
786520,1608,"200,000 .. 500,000",2634,368,SAO Utils: Beta,game,False,96.0,96.0,0,2018-03-14,"English, Japanese, Simplified Chinese, Traditional Chinese",,"Utilities,Early Access","Steam Workshop,Steam Cloud",True,False,False,Minimum:     OS *:  Windows® Vista or above    Processor:  Intel® Core™ 2 Duo or AMD Phenom™ X3 processor or better    Memory:  2 GB RAM    Graphics:  512MB VRAM compatible with DirectX 9 and OpenGL 2.0    DirectX:  Version 9.0c    Storage:  512 MB available space,Joshua Chen,Studio GPBeta,0.8774,False,False,False,False,0.44,2018.0,8.3,Established,2.0,
582160,1604,"1,000,000 .. 2,000,000",97301,16195,Assassin's Creed® Origins,game,False,1999.0,1999.0,0,2017-10-26,"English<strong>*</strong>, French<strong>*</strong>, Italian<strong>*</strong>, German<strong>*</strong>, Spanish - Spain<strong>*</strong>, Czech, Dutch, Japanese<strong>*</strong>, Korean, Polish, Portuguese - Brazil<strong>*</strong>, Russian<strong>*</strong>, Simplified Chinese, Traditional Chinese<br><strong>*</strong>languages with full audio support",,"Action,Adventure,RPG","Single-player,Steam Achievements,Steam Trading Cards,Captions available,In-App Purchases,Camera Comfort,Custom Volume Controls,Adjustable Difficulty,Keyboard Only Option,Mouse Only Option,Playable without Timed Input,Save Anytime,Stereo Sound,Surround Sound,Partial Controller Support,Remote Play on Tablet,HDR available",True,False,False,Minimum:    Requires a 64-bit processor and operating system    OS:  Windows 10 (64-bit versions only)    Processor:  Intel Core i5-2400s @ 2.5 GHz or AMD FX-6350 @ 3.9 GHz or equivalent    Memory:  6 GB RAM    Graphics:  NVIDIA GeForce GTX 660 or AMD R9 270 (2048 MB VRAM with Shader Model 5.0 or better)    DirectX:  Version 11    Storage:  42 GB available space    Additional Notes:  Video Preset: Lowest (720p). Game contains Denuvo  and VMProtect  anti-piracy technology.,Ubisoft Montreal,Ubisoft,0.8573,False,False,False,True,9.09,2017.0,8.7,Established,6.0,42.0
1850570,1604,"1,000,000 .. 2,000,000",36697,2819,DEATH STRANDING DIRECTOR'S CUT,game,False,409.0,1169.0,65,2022-03-30,"English<strong>*</strong>, French<strong>*</strong>, Italian<strong>*</strong>, German<strong>*</strong>, Spanish - Spain<strong>*</strong>, Arabic, Czech, Dutch, Greek<strong>*</strong>, Hungarian, Japanese<strong>*</strong>, Korean, Polish<strong>*</strong>, Portuguese - Portugal<strong>*</strong>, Portuguese - Brazil<strong>*</strong>, Russian<strong>*</strong>, Simplified Chinese, Spanish - Latin America<strong>*</strong>, Traditional Chinese, Turkish<br><strong>*</strong>languages with full audio support",85.0,"Action,Adventure","Single-player,Steam Achievements,Full controller support,Steam Trading Cards,Adjustable Text Size,Camera Comfort,Custom Volume Controls,Adjustable Difficulty,Playable without Timed Input,Save Anytime,Stereo Sound,Subtitle Options,Surround Sound,Steam Cloud,HDR available,Family Sharing",True,False,False,Minimum:    Requires a 64-bit processor and operating system    OS:  Windows® 10    Processor:  Intel® Core™ i5-3470 or AMD Ryzen™ 3 1200    Memory:  8 GB RAM    Graphics:  GeForce GTX 1050 4 GB or AMD Radeon™ RX 560 4 GB    DirectX:  Version 12    Storage:  80 GB available space    Sound Card:  DirectX compatible    Additional Notes:  AVX instruction set required,KOJIMA PRODUCTIONS, 505 Games,0.9287,True,False,False,True,1.86,2022.0,4.2,Modern,8.0,80.0
1259420,1600,"2,000,000 .. 5,000,000",95697,7446,Days Gone,game,False,1599.0,1599.0,0,2021-05-17,"English<strong>*</strong>, French<strong>*</strong>, Italian<strong>*</strong>, German<strong>*</strong>, Spanish - Spain<strong>*</strong>, Korean, Portuguese - Portugal<strong>*</strong>, Portuguese - Brazil<strong>*</strong>, Czech, Danish, Dutch, Finnish, Greek, Hungarian, Norwegian, Polish<strong>*</strong>, Russian<strong>*</strong>, Spanish - Latin America<strong>*</strong>, Swedish, Traditional Chinese, Turkish, Japanese<strong>*</strong><br><strong>*</strong>languages with full audio support",,"Action,Adventure","Single-player,Steam Achievements,Full controller support,Adjustable Text Size,Camera Comfort,Color Alternatives,Custom Volume Controls,Adjustable Difficulty,Narrated Game Menus,Playable without Timed Input,Save Anytime,Stereo Sound,Subtitle Options,Surround Sound,Steam Cloud,Family Sharing",True,False,False,"Minimum:    Requires a 64-bit processor and operating system    OS:  Windows 10 64-bits    Processor:  Intel Core i5-2500K@3.3GHz or AMD FX 6300@3.5GHz    Memory:  8 GB RAM    Graphics:  Nvidia GeForce GTX 780 (3 GB) or AMD Radeon R9 290 (4 GB)    DirectX:  Version 11    Storage:  70 GB available space    Additional Notes:  Though not required, SSD for storage and 16 GB of memory is recommended",Bend Studio,PlayStation Publishing LLC,0.9278,True,False,False,True,7.27,2021.0,5.1,Established,8.0,70.0
2322010,1591,"1,000,000 .. 2,000,000",27127,4261,God of War Ragnarök,game,False,2199.0,2199.0,0,2024-09-19,"English<strong>*</strong>, French<strong>*</strong>, Italian<strong>*</strong>, German<strong>*</strong>, Spanish - Spain<strong>*</strong>, Arabic<strong>*</strong>, Czech, Dutch, Greek<strong>*</strong>, Hungarian, Japanese<strong>*</strong>, Korean, Polish<strong>*</strong>, Portuguese - Brazil<strong>*</strong>, Portuguese - Portugal<strong>*</strong>, Russian<strong>*</strong>, Simplified Chinese, Spanish - Latin America<strong>*</strong>, Thai, Traditional Chinese, Turkish, Croatian<br><strong>*</strong>languages with full audio support",90.0,"Action,Adventure,RPG","Single-player,Steam Achievements,Full controller support,Adjustable Text Size,Camera Comfort,Color Alternatives,Custom Volume Controls,Adjustable Difficulty,Narrated Game Menus,Playable without Timed Input,Save Anytime,Stereo Sound,Subtitle Options,Surround Sound,Steam Cloud,HDR available,Family Sharing",True,False,False,Minimum:    Requires a 64-bit processor and operating system    OS:  Windows 10 20H1    Processor:  Intel i5-4670k or AMD Ryzen 3 1200    Memory:  8 GB RAM    Graphics:  NVIDIA GTX 1060 (6GB) or AMD RX 5500 XT (8GB) or Intel Arc A750    DirectX:  Version 12    Storage:  190 GB available space,"Santa Monica Studio,Jetpack Interactive",PlayStation Publishing LLC,0.8642,True,False,False,True,10.0,2024.0,1.7,Recent,8.0,190.0
379720,1590,"5,000,000 .. 10,000,000",198001,9278,DOOM,game,False,569.0,569.0,0,2016-05-12,"English<strong>*</strong>, French<strong>*</strong>, Italian<strong>*</strong>, German<strong>*</strong>, Spanish - Spain<strong>*</strong>, Japanese<strong>*</strong>, Polish<strong>*</strong>, Portuguese - Brazil<strong>*</strong>, Russian<strong>*</strong>, Traditional Chinese<br><strong>*</strong>languages with full audio support",85.0,Action,"Single-player,Multi-player,Co-op,Steam Achievements,Steam Trading Cards,Color Alternatives,Stereo Sound,Surround Sound,Partial Controller Support,Steam Cloud,Remote Play on Phone,Remote Play on Tablet,Family Sharing",True,False,False,Minimum:     OS *:  Windows 7/8.1/10 (64-bit versions)    Processor:  Intel Core i5-2400/AMD FX-8320 or better    Memory:  8 GB RAM    Graphics:  NVIDIA GTX 670 2GB/AMD Radeon HD 7870 2GB or better    Storage:  55 GB available space    Additional Notes:  Requires Steam activation and broadband internet connection for Multiplayer and SnapMap,id Software,Bethesda Softworks,0.9552,False,False,True,True,2.59,2016.0,10.1,Classic,8.0,55.0
1206560,1589,"1,000,000 .. 2,000,000",41874,2188,WorldBox - God Simulator,game,False,595.0,595.0,0,2021-12-02,"English, French, Italian, German, Spanish - Spain, Japanese, Korean, Portuguese - Portugal, Russian, Simplified Chinese, Traditional Chinese, Turkish, Danish, Dutch, Polish, Portuguese - Brazil, Swedish, Thai, Ukrainian, Arabic, Czech, Finnish, Greek, Hungarian, Norwegian, Romanian, Vietnamese",,"Indie,Simulation,Early Access","Single-player,Steam Workshop,Steam Cloud,Includes level editor,Family Sharing",True,True,True,"Minimum:    Requires a 64-bit processor and operating system    OS:  Windows 10    Processor:  2.0 Ghz    Memory:  2.5 GB RAM    Graphics:  128mb Video Memory, capable of Shader Model 2.0+    DirectX:  Version 9.0c    Storage:  300 MB available space    Additional Notes:  (╯°□°）╯︵ 🌏",Maxim Karpenko,Maxim Karpenko,0.9503,False,True,False,True,2.7,2021.0,4.5,Modern,5.0,
208650,1587,"2,000,000 .. 5,000,000",124147,15901,Batman™: Arkham Knight,game,False,119.0,599.0,80,2015-06-23,"English<strong>*</strong>, French<strong>*</strong>, Italian<strong>*</strong>, German<strong>*</strong>, Spanish - Spain<strong>*</strong>, Korean, Portuguese - Brazil<strong>*</strong>, Polish, Russian, Japanese<strong>*</strong><br><strong>*</strong>languages with full audio support",,"Action,Adventure","Single-player,Steam Achievements,Full controller support,Steam Trading Cards,Steam Cloud,Steam Leaderboards,Remote Play on Phone,Remote Play on Tablet,Remote Play on TV,Family Sharing",True,False,False,"Minimum:    Requires a 64-bit processor and operating system    OS *:  Win 7 SP1, Win 8.1 (64-bit Operating System Required)    Processor:  Intel Core i5-750, 2.67 GHz | AMD Phenom II X4 965, 3.4 GHz    Memory:  6 GB RAM    Graphics:  Graphics: NVIDIA GeForce GTX 660 (2 GB Memory Minimum)  | AMD Radeon HD 7870 (2 GB Memory Minimum)    DirectX:  Version 11    Network:  Broadband Internet connection    Storage:  45 GB available space",Rocksteady Studios,WB Games,0.8865,False,False,False,True,0.54,2015.0,11.0,Classic,6.0,45.0
1227890,1585,"1,000,000 .. 2,000,000",20258,1541,Summer Memories,game,False,429.0,429.0,0,2020-06-14,"English, Japanese<strong>*</strong>, Simplified Chinese<br><strong>*</strong>languages with full audio support",,"Adventure,RPG","Single-player,Steam Trading Cards,Steam Cloud,Family Sharing",True,False,False,Minimum:     OS *:  Windows® 7/8/8.1/10/11    Processor:  Intel Core2 Duo or better    Memory:  2 GB RAM    Graphics:  DirectX 9/OpenGL 4.1 capable GPU    DirectX:  Version 9.0    Storage:  1 GB available space    Additional Notes:  1280x768 or better Display.  Lag may occur from loading menus or maps.  Turn off other programs before running the game.,Dojin Otome,Kagura Games,0.9293,False,False,False,True,1.95,2020.0,6.0,Established,2.0,1.0
1282100,1573,"1,000,000 .. 2,000,000",50249,10114,REMNANT II®,game,False,362.0,1450.0,75,2023-07-25,"English<strong>*</strong>, French<strong>*</strong>, Italian<strong>*</strong>, German<strong>*</strong>, Spanish - Spain<strong>*</strong>, Japanese, Korean, Portuguese - Brazil, Russian<strong>*</strong>, Simplified Chinese<strong>*</strong><br><strong>*</strong>languages with full audio support",,"Action,Adventure,RPG","Single-player,Multi-player,Co-op,Online Co-op,Steam Achievements,Full controller support,Steam Cloud,Family Sharing",True,False,False,Minimum:     OS:  Win 10    Processor:  Intel Core i5-7600  / AMD Ryzen 5 2600    Memory:  16 GB RAM    Graphics:  GeForce GTX 1650  / AMD Radeon RX 590    Storage:  80 GB available space,Gunfire Games,"Arc Games,THQ Nordic",0.8324,False,False,True,True,1.65,2023.0,2.9,Modern,16.0,80.0
2853590,1571,"20,000 .. 50,000",373,36,Void War,game,False,595.0,595.0,0,2025-06-02,English,,"Adventure,Indie,RPG,Simulation,Strategy","Single-player,Steam Achievements,Family Sharing",True,False,False,Minimum:    Requires a 64-bit processor and operating system    OS:  Windows 10    Processor:  Dual Core 2.4 GHz    Memory:  4 GB RAM    Graphics:  1GB VRAM    Storage:  250 MB available space,Tundra,Tundra,0.912,False,True,False,True,2.7,2025.0,1.0,Recent,4.0,
212680,1566,"2,000,000 .. 5,000,000",71561,3491,FTL: Faster Than Light,game,False,229.0,229.0,0,2012-09-14,"English<strong>*</strong>, French<strong>*</strong>, Italian<strong>*</strong>, German<strong>*</strong>, Spanish - Spain<strong>*</strong>, Polish<strong>*</strong>, Portuguese - Brazil<strong>*</strong>, Russian<strong>*</strong>, Simplified Chinese<strong>*</strong>, Japanese<strong>*</strong><br><strong>*</strong>languages with full audio support",84.0,"Indie,Simulation,Strategy","Single-player,Steam Achievements,Steam Trading Cards,Remote Play on Phone,Remote Play on Tablet,Family Sharing",True,True,True,"Minimum:     OS *: Windows XP / Vista / 7 	   Processor: 2 GHz  	   Memory: 1 GB RAM 	   Graphics: 1280x720 minimum resolution, OpenGL 2.0 Support, and recommended dedicated graphics card with 128 MB of RAM 	   Hard Drive: 175 MB HD space  Some integrated Intel HD graphics cards have been known to work but are not officially supported.",Subset Games,Subset Games,0.9535,False,True,False,True,1.04,2012.0,13.8,Classic,1.0,
1824220,1565,"2,000,000 .. 5,000,000",37673,9288,Chivalry 2,game,False,799.0,799.0,0,2022-06-12,"English<strong>*</strong>, French, Italian, German, Spanish - Spain, Japanese, Korean, Polish, Portuguese - Brazil, Russian, Simplified Chinese, Traditional Chinese<br><strong>*</strong>languages with full audio support",82.0,"Action,Massively Multiplayer","Multi-player,PvP,Online PvP,Cross-Platform Multiplayer,Steam Achievements,Steam Trading Cards,In-App Purchases,Partial Controller Support",True,False,False,Minimum:     OS:  Windows 10 64-bit    Processor:  Intel i3-4370    Memory:  8 GB RAM    Graphics:  Nvidia GeForce GTX 660 or AMD Radeon HD 7870 2 GB    DirectX:  Version 10    Storage:  35 GB available space,Torn Banner Studios,Tripwire Presents,0.8022,False,False,True,False,3.63,2022.0,4.0,Modern,8.0,35.0
1934680,1559,"500,000 .. 1,000,000",15043,1665,Age of Mythology: Retold,game,False,850.0,850.0,0,2024-09-04,"English<strong>*</strong>, French<strong>*</strong>, Italian<strong>*</strong>, German<strong>*</strong>, Spanish - Spain<strong>*</strong>, Danish, Dutch, Finnish, Greek, Japanese<strong>*</strong>, Korean<strong>*</strong>, Norwegian, Polish, Portuguese - Brazil<strong>*</strong>, Portuguese - Portugal, Russian, Simplified Chinese<strong>*</strong>, Spanish - Latin America<strong>*</strong>, Swedish, Thai, Traditional Chinese<strong>*</strong>, Turkish, Vietnamese, Czech, Hungarian<br><strong>*</strong>languages with full audio support",83.0,Strategy,"Single-player,Multi-player,PvP,Online PvP,Co-op,Online Co-op,Cross-Platform Multiplayer,Steam Achievements,Adjustable Text Size,Color Alternatives,Custom Volume Controls,Adjustable Difficulty,Narrated Game Menus,Playable without Timed Input,Save Anytime,Partial Controller Support,Steam Cloud,Includes level editor,Family Sharing",True,False,False,Minimum:    Requires a 64-bit processor and operating system    OS:  Windows 10 64bit    Processor:  Intel® i3-4130 or AMD FX 4350 at 2.4GHZ+ with 2 cores / 4 threads and AVX support    Memory:  8 GB RAM    Graphics:  NVIDIA® GeForce® GTX 645 or AMD Radeon™ Vega 8 or Intel® Iris Graphics 550 or better    DirectX:  Version 12    Storage:  25 GB available space,"World's Edge,Forgotten Empires,Tantalus Media,CaptureAge,Virtuos Games",Xbox Game Studios,0.9003,True,False,True,True,3.86,2024.0,1.8,Recent,8.0,25.0
220,1555,"10,000,000 .. 20,000,000",239721,5906,Half-Life 2,game,False,310.0,310.0,0,2004-11-16,"English<strong>*</strong>, French<strong>*</strong>, German<strong>*</strong>, Italian<strong>*</strong>, Korean<strong>*</strong>, Spanish - Spain<strong>*</strong>, Russian<strong>*</strong>, Simplified Chinese, Traditional Chinese, Dutch, Danish, Finnish, Japanese, Norwegian, Polish, Portuguese - Portugal, Swedish, Thai, Bulgarian, Czech, Greek, Hungarian, Portuguese - Brazil, Romanian, Spanish - Latin America, Turkish, Ukrainian<br><strong>*</strong>languages with full audio support",96.0,Action,"Single-player,Steam Achievements,Full controller support,Steam Trading Cards,Captions available,Steam Workshop,Camera Comfort,Custom Volume Controls,Adjustable Difficulty,Playable without Timed Input,Save Anytime,Stereo Sound,Subtitle Options,Surround Sound,Steam Cloud,Includes Source SDK,Commentary available,Remote Play on Phone,Remote Play on Tablet,Remote Play Together,Family Sharing,Steam Timeline",True,False,True,"Minimum:     OS *:  Windows 7, Vista, XP    Processor:  1.7 Ghz    Memory:  512 MB RAM    Graphics:  DirectX 8.1 level Graphics Card (requires support for SSE)    Storage:  6500 MB available space",Valve,Valve,0.976,True,False,False,True,1.41,2004.0,21.6,Classic,,
2617700,1543,"100,000 .. 200,000",1058,182,Tinkerlands,game,False,399.0,399.0,0,2025-05-23,"English, French, German, Spanish - Spain, Korean, Portuguese - Brazil, Russian, Simplified Chinese, Traditional Chinese, Japanese",,"Action,Adventure,Casual,Indie,RPG,Simulation,Strategy,Early Access","Single-player,Multi-player,Co-op,Online Co-op,Steam Achievements,Partial Controller Support,Steam Cloud,Family Sharing",True,False,False,Minimum:     OS:  Win 10 or later    Processor:  Intel® Core™ i7-6700K or equivalent    Memory:  4 GB RAM    Graphics:  GTX 970 or equivalent    Storage:  1 GB available space    Additional Notes:  Requires a 64-bit processor and operating system,"CodeManu,Endless Coffee",HypeTrain Digital,0.8532,False,True,True,True,1.81,2025.0,1.1,Recent,4.0,1.0
1029690,1538,"2,000,000 .. 5,000,000",18453,3750,Sniper Elite 5,game,False,199.0,999.0,80,2022-05-25,"English<strong>*</strong>, French, Italian, German, Spanish - Spain, Japanese, Korean, Polish, Portuguese - Brazil, Russian, Simplified Chinese, Traditional Chinese<br><strong>*</strong>languages with full audio support",79.0,"Action,Adventure","Single-player,Multi-player,PvP,Online PvP,Co-op,Online Co-op,Cross-Platform Multiplayer,Steam Achievements,Steam Trading Cards,In-App Purchases,Adjustable Text Size,Camera Comfort,Color Alternatives,Adjustable Difficulty,Keyboard Only Option,Playable without Timed Input,Save Anytime,Subtitle Options,Partial Controller Support,Steam Cloud,Family Sharing",True,False,False,Minimum:    Requires a 64-bit processor and operating system    OS:  Windows 10    Processor:  Intel CPU Core i3-8100 or equivalent    Memory:  8 GB RAM    Graphics:  DirectX12 capable GPU with 4GB VRAM    Storage:  85 GB available space,Rebellion,Rebellion,0.8311,False,False,True,True,0.9,2022.0,4.1,Modern,8.0,85.0
1313140,1535,"2,000,000 .. 5,000,000",98711,4517,Cult of the Lamb,game,False,399.0,799.0,50,2022-08-11,"English, French, German, Spanish - Spain, Japanese, Korean, Portuguese - Brazil, Russian, Simplified Chinese, Traditional Chinese, Italian, Arabic, Dutch, Turkish",82.0,"Action,Adventure,Indie,Strategy","Single-player,Multi-player,Co-op,Shared/Split Screen Co-op,Shared/Split Screen,Steam Achievements,Full controller support,Steam Trading Cards,Adjustable Text Size,Camera Comfort,Custom Volume Controls,Adjustable Difficulty,Keyboard Only Option,Save Anytime,Stereo Sound,Steam Cloud,Remote Play Together,Family Sharing",True,True,False,Minimum:    Requires a 64-bit processor and operating system    OS *:  Windows 7 or later    Processor:  Intel Core i3-3240 (2 * 3400); AMD FX-4300 (4 * 3800)    Memory:  4 GB RAM    Graphics:  GeForce GTX 560 Ti (1024 VRAM); Radeon HD 7750 (1024 VRAM)    Storage:  4 GB available space,Massive Monster,Devolver Digital,0.9562,False,True,True,True,1.81,2022.0,3.9,Modern,4.0,4.0
568220,1524,"1,000,000 .. 2,000,000",41213,2719,Lobotomy Corporation | Monster Management Simulation,game,False,529.0,529.0,0,2018-04-09,"English, Korean, Japanese, Simplified Chinese, Traditional Chinese, Russian, Bulgarian, Spanish - Latin America, French, Portuguese - Portugal, Portuguese - Brazil",,"Indie,Simulation","Single-player,Family Sharing",True,False,False,Minimum:     OS *:  Windows 8.1 or later    Processor:  Intel(R) Core(TM) i5-3570    Memory:  8 GB RAM    Graphics:  GeForce GTX 550 ti or Radeon hd 6570    DirectX:  Version 9.0c    Storage:  6 GB available space    Sound Card:  DirectX 9.0c compatible,ProjectMoon,ProjectMoon,0.9381,True,True,False,True,2.4,2018.0,8.2,Established,8.0,6.0
1189490,1524,"1,000,000 .. 2,000,000",26443,1896,觅长生,game,False,455.0,455.0,0,2023-01-12,Simplified Chinese,,"Indie,RPG,Strategy","Single-player,Steam Achievements,Steam Workshop,Steam Workshop,Steam Cloud,Family Sharing",True,False,False,Minimum:     OS *:  Windows 7 / Windows 8 / Windows 10 64 bit    Processor:  Core I3 8100    Memory:  8 GB RAM    Graphics:  UHD 630（使用核显需要双通道内存）    DirectX:  Version 11    Storage:  15 GB available space,Chalcedony Network,Chalcedony Network,0.9331,False,True,False,True,2.07,2023.0,3.4,Modern,8.0,15.0
3014080,1518,"200,000 .. 500,000",4752,579,The Hundred Line -Last Defense Academy-,game,False,1800.0,1800.0,0,2025-04-23,"English<strong>*</strong>, Japanese<strong>*</strong>, Simplified Chinese, Traditional Chinese, Korean<br><strong>*</strong>languages with full audio support",83.0,"Adventure,Simulation","Single-player,Steam Achievements,Full controller support,Steam Trading Cards,Steam Cloud,Family Sharing",True,False,False,Minimum:    Requires a 64-bit processor and operating system    OS:  Windows10/11    Processor:  Intel Core i3-7100 / AMD A10-7850K    Memory:  8 GB RAM    Graphics:  NVIDIA GeForce GTX 660 / AMD Radeon RX 560    DirectX:  Version 11    Storage:  32 GB available space,"Too Kyo Games,Media.Vision Inc.",Aniplex Inc.,0.8914,False,False,False,True,8.18,2025.0,1.2,Recent,8.0,32.0
471710,1510,"2,000,000 .. 5,000,000",63756,7467,Rec Room,game,False,0.0,0.0,0,2021-09-02,English,,"Adventure,Casual,Massively Multiplayer,Free To Play","Multi-player,MMO,PvP,Online PvP,Co-op,Online Co-op,Cross-Platform Multiplayer,Full controller support,Tracked Controller Support,VR Supported,SteamVR Collectibles,In-App Purchases,Includes level editor,Family Sharing",True,False,False,Minimum:     OS *:  Win 7 or higher    Processor:  Intel i5 or Ryzen 5 1400    Memory:  8 GB RAM    Graphics:  GTX 970    DirectX:  Version 10    Network:  Broadband Internet connection    Storage:  6 GB available space    VR Support:  SteamVR,Rec Room,Rec Room,0.8952,False,False,True,False,0.0,2021.0,4.8,Modern,8.0,6.0
1084600,1501,"500,000 .. 1,000,000",23218,3065,My Time at Sandrock,game,False,1190.0,1190.0,0,2023-11-02,"English<strong>*</strong>, Simplified Chinese<strong>*</strong>, French, Italian, German, Spanish - Spain, Japanese, Thai, Traditional Chinese, Russian, Portuguese - Brazil, Korean<br><strong>*</strong>languages with full audio support",80.0,"Adventure,Casual,Indie,RPG,Simulation","Single-player,Multi-player,Co-op,Online Co-op,Steam Achievements,Full controller support,Steam Cloud,Family Sharing",True,False,False,Minimum:     OS:  Win 10    Processor:  Intel Core i3-2100 | AMD FX-6300    Memory:  8 GB RAM    Graphics:  Nvidia GeForce GTX760 | AMD Radeon 7950    DirectX:  Version 11    Storage:  50 GB available space    Additional Notes:  Recommend installing Sandrock on SSD ; Minimum System Requirements might change in the future,Pathea Games,"Pathea Games,Focus Entertainment,PM Studios, Inc.,DMM Games",0.8834,False,True,True,True,5.41,2023.0,2.6,Modern,8.0,50.0
246620,1494,"1,000,000 .. 2,000,000",52571,3093,Plague Inc: Evolved,game,False,455.0,455.0,0,2016-02-18,"English<strong>*</strong>, French<strong>*</strong>, German<strong>*</strong>, Russian<strong>*</strong>, Spanish - Spain<strong>*</strong>, Italian<strong>*</strong>, Portuguese - Portugal<strong>*</strong>, Portuguese - Brazil<strong>*</strong>, Simplified Chinese<strong>*</strong>, Traditional Chinese<strong>*</strong>, Japanese<strong>*</strong>, Norwegian<strong>*</strong>, Polish<strong>*</strong>, Turkish<strong>*</strong>, Korean<strong>*</strong><br><strong>*</strong>languages with full audio support",,"Casual,Indie,Simulation,Strategy","Single-player,Multi-player,PvP,Online PvP,Co-op,Online Co-op,Steam Achievements,Steam Trading Cards,Steam Workshop,Camera Comfort,Custom Volume Controls,Adjustable Difficulty,Mouse Only Option,Playable without Timed Input,Save Anytime,Stereo Sound,Partial Controller Support,Steam Cloud,Stats,Steam Leaderboards,Includes level editor,Remote Play on Tablet,Family Sharing",True,True,True,"Minimum:     OS *:  Windows 8 (64 Bit)    Processor:  2.0 GHz Dual Core Processor    Memory:  1 GB RAM    Graphics:  Integrated Graphics (512MB)    Storage:  500 MB available space    Additional Notes:  Additional Notes: Requires a system running DirectX 11 as a minimum. Graphics cards over 10 years old may find some graphics display issues. Unsupported video chipsets: Intel HD Graphics 3000, Intel GMA X3100, Intel GMA 950.",Ndemic Creations,Ndemic Creations,0.9444,False,True,True,True,2.07,2016.0,10.3,Classic,1.0,
1149460,1492,"500,000 .. 1,000,000",34070,13002,ICARUS,game,False,1030.0,1030.0,0,2021-12-03,"English<strong>*</strong>, French, German, Portuguese - Brazil, Russian, Spanish - Latin America, Japanese, Korean, Simplified Chinese, Traditional Chinese<br><strong>*</strong>languages with full audio support",,"Action,Adventure,Simulation","Single-player,Multi-player,Co-op,Online Co-op,Steam Achievements,Steam Trading Cards,Steam Cloud,Family Sharing",True,False,False,Minimum:    Requires a 64-bit processor and operating system    OS:  Windows 10 (64-bit versions)    Processor:  Intel i5 8400    Memory:  16 GB RAM    Graphics:  Nvidia GTX 1060 6GB    DirectX:  Version 11    Network:  Broadband Internet connection    Storage:  70 GB available space,RocketWerkz,RocketWerkz,0.7238,True,False,True,True,4.68,2021.0,4.5,Modern,16.0,70.0
2776450,1492,"50,000 .. 100,000",1502,271,Multiverse Loot Hunter,game,False,369.0,369.0,0,2025-08-15,"Simplified Chinese, English",,"Adventure,Casual,Indie,RPG,Simulation,Strategy","Single-player,Steam Achievements,Steam Cloud,Family Sharing",True,False,False,Minimum:     OS *:  Windows 8.1 or later    Processor:  Intel Dual-Core 1.6GHz or faster processor    Memory:  4 GB RAM    Graphics:  Graphic card with DX10 (Shader-Model 4.0) abilities    DirectX:  Version 10    Storage:  500 MB available space,游戏养家工作室,游戏养家工作室,0.8472,False,True,False,True,1.68,2025.0,0.8,Recent,4.0,
573090,1488,"1,000,000 .. 2,000,000",47662,5280,Stormworks: Build and Rescue,game,False,740.0,740.0,0,2020-09-17,English,,Simulation,"Single-player,Multi-player,PvP,Online PvP,Co-op,Online Co-op,Steam Workshop,Partial Controller Support,Family Sharing",True,True,False,Minimum:     OS *:  Windows 7 / 8 / 10    Processor:  Intel Core i5-4440 / AMD Ryzen 3 1200    Memory:  4 GB RAM    Graphics:  Intel HD 6000 / GeForce 550 / AMD R7 250 (AMD Radeon HD 7750)    Network:  Broadband Internet connection    Storage:  2 GB available space,Geometa,Geometa,0.9003,False,False,True,True,3.36,2020.0,5.8,Established,4.0,2.0
1119730,1488,"1,000,000 .. 2,000,000",28977,7042,"Ranch Simulator: Build, Hunt, Farm",game,False,529.0,529.0,0,2023-11-03,"English, French, Italian, German, Spanish - Spain, Portuguese - Brazil, Russian, Simplified Chinese, Traditional Chinese, Turkish, Korean, Polish",,Simulation,"Single-player,Multi-player,PvP,Online PvP,Co-op,Online Co-op,Full controller support,Steam Cloud,Family Sharing",True,False,False,Minimum:    Requires a 64-bit processor and operating system    OS:  Windows 10 (64-bit versions only)    Processor:  Intel Core i5-3570K or AMD FX-8310    Memory:  8 GB RAM    Graphics:  NVIDIA GeForce RTX series / Radeon 500 series or above    DirectX:  Version 12    Storage:  15 GB available space,Toxic Dog,Excalibur Games,0.8045,False,False,True,True,2.4,2023.0,2.6,Modern,8.0,15.0
805550,1479,"1,000,000 .. 2,000,000",36035,2908,Assetto Corsa Competizione,game,False,999.0,999.0,0,2019-05-29,"English<strong>*</strong>, Italian, French, German, Spanish - Spain, Simplified Chinese, Traditional Chinese, Korean, Japanese, Polish, Portuguese - Portugal, Russian<br><strong>*</strong>languages with full audio support",77.0,"Racing,Simulation,Sports","Single-player,Multi-player,PvP,Online PvP,LAN PvP,VR Supported,Partial Controller Support,Family Sharing",True,False,False,"Minimum:    Requires a 64-bit processor and operating system    OS:  Windows 10 x64 20H2 (October 2020 Update)    Processor:  Intel Core i5-4460 or AMD FX-8120    Memory:  4 GB RAM    Graphics:  GeForce GTX 750 4GB, Radeon RX 460 4GB    DirectX:  Version 11    Storage:  50 GB available space    Sound Card:  Integrated    VR Support:  SteamVR or Oculus PC. Keyboard or gamepad required",Kunos Simulazioni,505 Games,0.9253,False,False,True,True,4.54,2019.0,7.1,Established,4.0,50.0
219740,1472,"2,000,000 .. 5,000,000",106118,3698,Don't Starve,game,False,57.0,229.0,75,2013-04-23,"English<strong>*</strong>, Simplified Chinese<strong>*</strong><br><strong>*</strong>languages with full audio support",79.0,"Adventure,Indie,Simulation","Single-player,Full controller support,Steam Trading Cards,Steam Workshop,Steam Cloud,Remote Play on Phone,Remote Play on Tablet,Remote Play on TV,Family Sharing",True,True,True,Minimum:     OS *: Windows XP/Vista/Windows 7/Windows 8 	   Processor: 1.7+ GHz or better 	   Memory: 1+ gigs of RAM GB RAM 	   Graphics: Radeon HD5450 or better; 256 MB or higher 	   DirectX®: 9.0c 	   Hard Drive: 500 MB HD space 	   Sound: 100% DirectX9.0c compatible sound card and drivers,Klei Entertainment,Klei Entertainment,0.9663,False,True,False,True,0.26,2013.0,13.2,Classic,,
2918150,1469,"200,000 .. 500,000",1787,864,ONE PIECE Bounty Rush,game,True,0.0,0.0,0,2024-09-23,"English, French, Thai, Traditional Chinese, Japanese<strong>*</strong>, Korean, Spanish - Latin America, Arabic<br><strong>*</strong>languages with full audio support",,"Action,Free To Play","Single-player,Multi-player,PvP,Online PvP,Co-op,Online Co-op,Steam Achievements,Full controller support,In-App Purchases,Family Sharing",True,False,False,Minimum:    Requires a 64-bit processor and operating system    OS:  Windows 11    Processor:  AMD Ryzen 3 1200 / Intel Core i5-2300    Memory:  4 GB RAM    Graphics:  Nvidia GeForce GTX 460 / Radeon HD 7770    DirectX:  Version 11    Storage:  7 GB available space    Additional Notes:  Estimated performance: 1080p/60fps with graphics settings at &quot;Low&quot;. Framerate might drop in graphics-intensive scenes.  - 64-bit processor and operating system are required.,SEGA,Bandai Namco Entertainment Inc.,0.6741,True,False,True,True,0.0,2024.0,1.7,Recent,4.0,7.0
594570,1464,"5,000,000 .. 10,000,000",114776,9476,Total War: WARHAMMER II,game,False,1959.0,1959.0,0,2017-09-28,"English<strong>*</strong>, French, Italian, German, Spanish - Spain, Czech, Korean, Polish, Portuguese - Brazil, Russian, Turkish, Simplified Chinese, Traditional Chinese<br><strong>*</strong>languages with full audio support",87.0,"Action,Strategy","Single-player,Multi-player,PvP,Online PvP,LAN PvP,Co-op,Online Co-op,LAN Co-op,Steam Achievements,Steam Trading Cards,Steam Workshop,Camera Comfort,Color Alternatives,Custom Volume Controls,Adjustable Difficulty,Playable without Timed Input,Save Anytime,Stereo Sound,Surround Sound,Remote Play on Tablet,Family Sharing",True,True,True,Minimum:     OS *:  Windows 7 64Bit    Processor:  Intel® Core™ 2 Duo 3.0Ghz    Memory:  5 GB RAM    Graphics:  NVIDIA GTX 460 1GB | AMD Radeon HD 5770 1GB | Intel HD4000 @720p    DirectX:  Version 11    Storage:  60 GB available space    Additional Notes:  Microsoft no longer supports Windows 10 or older versions.,"CREATIVE ASSEMBLY,Feral Interactive (Mac),Feral Interactive (Linux)","SEGA,Feral Interactive (Mac),Feral Interactive (Linux)",0.9237,False,False,True,True,8.9,2017.0,8.7,Established,5.0,60.0
72850,1463,"5,000,000 .. 10,000,000",300915,16364,The Elder Scrolls V: Skyrim,game,False,569.0,569.0,0,2011-11-10,"English, French, German, Italian, Spanish - Spain, Japanese, Czech, Polish, Russian",94.0,RPG,"Single-player,Steam Achievements,Steam Trading Cards,Steam Workshop,Partial Controller Support,Steam Cloud,Family Sharing",True,False,False,Minimum:  								   OS *:  Windows 7/Vista/XP PC (32 or 64 bit) 								   Processor:  Dual Core 2.0GHz or equivalent processor 								   Memory:  2GB System RAM 								   Hard Disk Space:  6GB free HDD Space 								   Video Card:  Direct X 9.0c compliant video card with 512 MB of RAM 								   Sound:  DirectX compatible sound card,Bethesda Game Studios,Bethesda Softworks,0.9484,False,False,False,True,2.59,2011.0,14.6,Classic,,
427410,1458,"500,000 .. 1,000,000",30157,1117,Abiotic Factor,game,False,1030.0,1030.0,0,2025-07-22,"English<strong>*</strong>, French, German, Portuguese - Brazil, Russian, Japanese, Simplified Chinese, Traditional Chinese, Spanish - Latin America<br><strong>*</strong>languages with full audio support",,"Action,Adventure,RPG,Simulation","Single-player,Multi-player,Co-op,Online Co-op,LAN Co-op,Cross-Platform Multiplayer,Steam Achievements,Full controller support,Steam Trading Cards,Adjustable Text Size,Camera Comfort,Custom Volume Controls,Adjustable Difficulty,Playable without Timed Input,Save Anytime,Stereo Sound,Subtitle Options,Surround Sound,Family Sharing",True,False,False,"Minimum:    Requires a 64-bit processor and operating system    OS:  Windows 10 or later    Processor:  i5-9th Gen CPU or similar    Memory:  8 GB RAM    Graphics:  GeForce GTX 1660 or AMD Radeon RX 5600 XT    DirectX:  Version 11    Network:  Broadband Internet connection    Storage:  10 GB available space    Additional Notes:  There are slightly higher CPU requirements if you are the Host in a multiplayer session, especially with several players. Abiotic Factor runs on Unreal Engine 5. In spite of the art style, this will probably not run on your PC from 1997.",Deep Field Games,Playstack,0.9643,True,False,True,True,4.68,2025.0,0.9,Recent,8.0,10.0
637090,1446,"1,000,000 .. 2,000,000",26438,5125,BATTLETECH,game,False,1389.0,1389.0,0,2018-04-24,"English<strong>*</strong>, French, German, Russian<br><strong>*</strong>languages with full audio support",78.0,"Action,Adventure,Strategy","Single-player,Multi-player,PvP,Online PvP,Cross-Platform Multiplayer,Steam Achievements,Steam Trading Cards,Steam Cloud,Remote Play Together,Family Sharing",True,True,True,"Minimum:    Requires a 64-bit processor and operating system    OS:  Windows® 10 Home 64 Bit    Processor:  Intel® Core™ i3-2105 or AMD® Phenom™ II X3 720    Memory:  8 GB RAM    Graphics:  Nvidia® GeForce™ GTX 560 Ti or AMD® ATI Radeon™ HD 5870 (1 GB VRAM)    DirectX:  Version 11    Network:  Broadband Internet connection    Storage:  35 GB available space    Sound Card:  DirectX 9 sound device    Additional Notes:  Multiplayer is compatible between Windows, Mac and Linux versions.",Harebrained Schemes,Paradox Interactive,0.8376,False,False,True,True,6.31,2018.0,8.2,Established,8.0,35.0
460930,1441,"2,000,000 .. 5,000,000",77138,19439,Tom Clancy's Ghost Recon® Wildlands,game,False,1599.0,1599.0,0,2017-03-06,"English<strong>*</strong>, French<strong>*</strong>, Italian<strong>*</strong>, German<strong>*</strong>, Spanish - Spain<strong>*</strong>, Arabic, Simplified Chinese, Traditional Chinese, Korean, Japanese<strong>*</strong>, Dutch, Polish, Portuguese - Brazil<strong>*</strong>, Russian<strong>*</strong>, Czech, Spanish - Latin America<strong>*</strong><br><strong>*</strong>languages with full audio support",,"Action,Adventure","Single-player,Multi-player,Co-op,Steam Achievements,Steam Trading Cards,In-App Purchases,Partial Controller Support",True,False,False,"Minimum:     OS *:  Originally released for Windows 7, the game can be played on Windows 10 and Windows 11 OS    Processor:  Intel Core i5-2400S @ 2.5 GHz or AMD FX-4320 @ 4 GHz or equivalent    Memory:  6 GB RAM    Graphics:  NVIDIA GeForce GTX660 / AMD R9 270X (2GB VRAM with Shader Model 5.0 or better)    Storage:  50 GB available space    Sound Card:  DirectX-compatible using the latest drivers    Additional Notes:  Game contains EasyAntiCheat  anti-cheat technology and Denuvo  anti-tamper technology.","Ubisoft Paris,Ubisoft Annecy,Ubisoft Bucharest,Ubisoft Montpellier,Ubisoft Milan,Reflections,Ubisoft Belgrade",Ubisoft,0.7987,True,False,True,True,7.27,2017.0,9.3,Established,6.0,50.0
1325200,1441,"1,000,000 .. 2,000,000",39965,5531,Nioh 2 – The Complete Edition,game,False,1750.0,1750.0,0,2021-02-05,"English<strong>*</strong>, French, Italian, Spanish - Spain, Spanish - Latin America, Portuguese - Portugal, Portuguese - Brazil, Polish, Russian, Simplified Chinese, Traditional Chinese, Japanese<strong>*</strong>, Korean, German<br><strong>*</strong>languages with full audio support",86.0,"Action,RPG","Single-player,Multi-player,Co-op,Online Co-op,Steam Achievements,Steam Trading Cards,Partial Controller Support,Steam Cloud,Stats,Steam Leaderboards,HDR available,Family Sharing",True,False,False,"Minimum:    Requires a 64-bit processor and operating system    OS:  Windows® 10 64bit    Processor:  Intel Core i5 4460 or over    Memory:  6 GB RAM    Graphics:  NVIDIA GeForce GTX 970 or over, VRAM 4GB or over    DirectX:  Version 11    Network:  Broadband Internet connection    Storage:  85 GB available space    Sound Card:  16 bit stereo, 48KHz WAVE file can be played","KOEI TECMO GAMES CO., LTD.","KOEI TECMO GAMES CO., LTD.",0.8784,True,False,True,True,7.95,2021.0,5.4,Established,6.0,85.0
2231380,1430,"500,000 .. 1,000,000",23816,8747,Tom Clancy's Ghost Recon® Breakpoint,game,False,1999.0,1999.0,0,2023-01-23,"English<strong>*</strong>, French<strong>*</strong>, Italian<strong>*</strong>, German<strong>*</strong>, Spanish - Spain<strong>*</strong>, Arabic, Czech, Dutch, Japanese<strong>*</strong>, Korean, Portuguese - Brazil<strong>*</strong>, Russian<strong>*</strong>, Simplified Chinese, Spanish - Latin America<strong>*</strong>, Thai, Traditional Chinese<br><strong>*</strong>languages with full audio support",,"Action,Adventure","Single-player,Multi-player,Co-op,Online Co-op,Steam Achievements,Captions available,Partial Controller Support,HDR available",True,False,False,"Minimum:    Requires a 64-bit processor and operating system    OS:  Windows 10 (64-bit versions only)    Processor:  AMD Ryzen 3 1200 @3.1 GHz, Intel Core i5 4460 @ 3.2 GHz,  or better    Memory:  8 GB RAM    Graphics:  AMD Radeon R9 280X or NVIDIA GeForce GTX 960 (4 GB VRAM with Shader Model 5.0 or better)    DirectX:  Version 11    Network:  Broadband Internet connection    Storage:  67 GB available space    Additional Notes:  originally released for Windows 7, the game can be played on Windows 10 and Windows 11 OS",Ubisoft Paris,Ubisoft,0.7314,True,False,True,True,9.09,2023.0,3.4,Modern,8.0,67.0
1217060,1428,"2,000,000 .. 5,000,000",92655,6517,Gunfire Reborn,game,False,241.0,439.0,45,2021-11-17,"English, Simplified Chinese, Traditional Chinese, Spanish - Latin America, Spanish - Spain, German, Russian, Japanese, Portuguese - Portugal, Portuguese - Brazil, Thai, Vietnamese, Korean, French, Italian, Turkish, Polish, Indonesian",,"Action,Adventure,Indie,RPG","Single-player,Multi-player,Co-op,Online Co-op,Steam Achievements,Full controller support,Steam Trading Cards,Steam Cloud,Remote Play on Phone,Remote Play on Tablet,Family Sharing",True,False,False,Minimum:    Requires a 64-bit processor and operating system    OS *:  Windows 7    Processor:  Intel Core i5-6400 / AMD FX-8320    Memory:  4 GB RAM    Graphics:  GTX 960 / R9 280    DirectX:  Version 11    Network:  Broadband Internet connection    Storage:  4 GB available space,Gunfire Reborn Studio,Duoyi Games,0.9343,True,True,True,True,1.1,2021.0,4.6,Modern,4.0,4.0
3226530,1427,"50,000 .. 100,000",1539,304,Tower Dominion,game,False,520.0,520.0,0,2025-05-07,"English, French, German, Korean, Portuguese - Brazil, Russian, Simplified Chinese, Traditional Chinese, Spanish - Spain, Polish",,Strategy,"Single-player,Steam Achievements,Steam Cloud,Family Sharing",True,False,False,Minimum:     OS:  Windows 10    Processor:  2.00 Ghz    Memory:  4 GB RAM    Graphics:  NVIDIA GeForce GTX 1000 series    Storage:  2 GB available space,Parallel 45 Games,Parallel 45 Games,0.8351,False,False,False,True,2.36,2025.0,1.1,Recent,4.0,2.0
325610,1422,"2,000,000 .. 5,000,000",28785,6287,Total War: ATTILA,game,False,1029.0,1029.0,0,2015-02-17,"English<strong>*</strong>, French<strong>*</strong>, Italian, German<strong>*</strong>, Spanish - Spain, Czech, Polish, Russian, Turkish<br><strong>*</strong>languages with full audio support",80.0,Strategy,"Single-player,Multi-player,PvP,Online PvP,LAN PvP,Co-op,Online Co-op,LAN Co-op,Steam Achievements,Steam Trading Cards,Camera Comfort,Custom Volume Controls,Adjustable Difficulty,Playable without Timed Input,Save Anytime,Stereo Sound,Surround Sound,Steam Cloud,Family Sharing",True,False,True,"Minimum:     OS *:  Windows Vista*    Processor:  Intel Core 2 Duo 3 GHz    Memory:  3 GB RAM    Graphics:  512 MB NVIDIA GeForce 8800 GT, AMD Radeon HD 2900 XT or Intel HD 4000    DirectX:  Version 10    Storage:  35 GB available space    Additional Notes:  PC integrated graphics chipsets require 64 bit Windows, e.g. Intel HD series.Microsoft no longer supports Windows 10 or older versions.",CREATIVE ASSEMBLY,SEGA,0.8207,False,False,True,True,4.68,2015.0,11.3,Classic,3.0,35.0
389430,1421,"2,000,000 .. 5,000,000",5482,5404,Knight Online,game,True,0.0,0.0,0,2016-01-25,"English<strong>*</strong>, Turkish<strong>*</strong><br><strong>*</strong>languages with full audio support",,"Action,Adventure,Free To Play,Massively Multiplayer,RPG","Single-player,Multi-player,MMO,Steam Trading Cards,In-App Purchases,Family Sharing",True,False,False,"Minimum:     OS *:  Windows 2000, XP, Vista, 7, 8, 10    Processor:  Pentium 3 600MHz or better    Memory:  512 MB RAM    Graphics:  3D Acceleration    Network:  Broadband Internet connection    Storage:  2 GB available space","Noah System,Mgame",NTTGame,0.5036,False,False,True,True,0.0,2016.0,10.4,Classic,,2.0
1881610,1416,"100,000 .. 200,000",1302,999,江湖客栈-The Jianghu,game,True,0.0,0.0,0,2024-08-31,Simplified Chinese<strong>*</strong><br><strong>*</strong>languages with full audio support,,"Action,Adventure,Indie,Massively Multiplayer,Free To Play","Single-player,Multi-player,PvP,Online PvP,Co-op,Online Co-op,Steam Achievements,Family Sharing",True,False,False,"Minimum:    Requires a 64-bit processor and operating system    OS:  Win7,Win8,Win10    Processor:  I3    Memory:  8 GB RAM    Graphics:  On Board    Network:  Broadband Internet connection    Storage:  5 GB available space",『風林火山』工作室,Path,0.5658,False,True,True,True,0.0,2024.0,1.8,Recent,8.0,5.0
1244460,1413,"1,000,000 .. 2,000,000",32817,3821,Jurassic World Evolution 2,game,False,1199.0,1199.0,0,2021-11-09,"English<strong>*</strong>, French<strong>*</strong>, Italian<strong>*</strong>, German<strong>*</strong>, Spanish - Spain<strong>*</strong>, Japanese<strong>*</strong>, Korean, Polish, Portuguese - Brazil<strong>*</strong>, Russian<strong>*</strong>, Simplified Chinese<strong>*</strong>, Spanish - Latin America<strong>*</strong>, Traditional Chinese<br><strong>*</strong>languages with full audio support",76.0,"Simulation,Strategy","Single-player,Steam Achievements,Full controller support,Steam Cloud,Stats,HDR available,Family Sharing",True,False,False,Minimum:    Requires a 64-bit processor and operating system    OS:  Windows 10 64bit (min version 1809)    Processor:  Intel i5-4590/AMD FX 8370    Memory:  8 GB RAM    Graphics:  (4GB VRAM) NVIDIA GeForce GTX 1050Ti (Legacy GPU: GeForce GTX 960) / AMD Radeon RX 470    DirectX:  Version 12    Storage:  14 GB available space,Frontier Developments,Frontier Developments,0.8957,True,False,False,True,5.45,2021.0,4.6,Modern,8.0,14.0
356190,1405,"2,000,000 .. 5,000,000",95053,12165,Middle-earth™: Shadow of War™,game,False,1599.0,1599.0,0,2017-10-09,"English<strong>*</strong>, French<strong>*</strong>, Italian<strong>*</strong>, German<strong>*</strong>, Spanish - Spain<strong>*</strong>, Japanese<strong>*</strong>, Polish, Portuguese - Brazil<strong>*</strong>, Russian, Arabic, Korean, Simplified Chinese, Traditional Chinese<br><strong>*</strong>languages with full audio support",,"Action,Adventure,RPG","Single-player,Steam Achievements,Full controller support,Steam Trading Cards,In-App Purchases,Steam Cloud,Family Sharing",True,False,False,"Minimum:    Requires a 64-bit processor and operating system    OS *:  Windows 7 SP1 with Platform Update    Processor:  AMD FX-4350, 4.2 GHz / Intel Core i5-2300, 2.80 GHz    Memory:  6 GB RAM    Graphics:  AMD HD 7870, 2 GB / NVIDIA GTX 660, 2 GB    DirectX:  Version 11    Network:  Broadband Internet connection    Storage:  70 GB available space    Additional Notes:  X64 required",Monolith Productions,WB Games,0.8865,False,False,False,True,7.27,2017.0,8.7,Established,6.0,70.0
1056640,1400,"2,000,000 .. 5,000,000",16848,7196,Phantasy Star Online 2 New Genesis,game,True,0.0,0.0,0,2020-08-05,"English<strong>*</strong>, Japanese<strong>*</strong><br><strong>*</strong>languages with full audio support",,"Action,Massively Multiplayer,RPG,Free To Play","Multi-player,Co-op,Online Co-op,Cross-Platform Multiplayer,Steam Achievements,In-App Purchases,Partial Controller Support,Remote Play on Tablet,Family Sharing",True,False,False,Minimum:    Requires a 64-bit processor and operating system    OS:  Windows 10 64bit    Processor:  Intel ® Core™ i3-4150    Memory:  8 GB RAM    Graphics:  NVIDIA GeForce® GT430    DirectX:  Version 11    Network:  Broadband Internet connection    Storage:  103 GB available space    Sound Card:  DirectX Compatible Soundcard (DirectX 9.0c and above)    Additional Notes:  Monitor Resolution: 1280ｘ720 pixels or higher Only XInput controllers are supported. Microsoft no longer supports Windows 10 or older versions.,SEGA,SEGA,0.7007,False,False,True,False,0.0,2020.0,5.9,Established,8.0,103.0
8800,1395,"500,000 .. 1,000,000",4423,169,Civilization IV: Beyond the Sword,game,False,121.0,606.0,80,2007-07-24,"English, French, German, Italian, Spanish - Spain",86.0,Strategy,"Single-player,Family Sharing",True,True,False,"Minimum:   Windows 2000 (plus Service Pack 1 or higher), Windows XP Home or Professional (plus Service Pack 1 or higher), or Windows Vista; 1.2GHz Intel Pentium 4 or AMD Athlon processor, 256 MB RAM, 64 MB video card with hardware T&amp;L (GeForce 2, Radeon 7500 or better), DirectX 7 compatible sound card, 1.7 GB of free hard drive space, DirectX 9.0c (included) 					 Recommended:   1.8GHz Intel Pentium 4 or AMD Athlon processor or equivalent (or better), 512 MB RAM, 128 MB video card with DirectX 8 support (pixel and vertex shaders), DirectX 7 compatible sound card, 1.7 GB of free hard drive space, DirectX 9.0c (included)",Firaxis Games,2K,0.9632,False,False,False,True,0.55,2007.0,18.9,Classic,,
438040,1389,"1,000,000 .. 2,000,000",33837,2756,Shakes and Fidget,game,True,0.0,0.0,0,2016-02-24,"English, French, Italian, German, Spanish - Spain, Czech, Hungarian, Polish, Slovak",,"Adventure,Casual,Indie,Massively Multiplayer,RPG,Strategy,Free To Play","Single-player,Multi-player,MMO,Cross-Platform Multiplayer,Steam Trading Cards,In-App Purchases,Camera Comfort,Custom Volume Controls,Mouse Only Option,Family Sharing",True,True,False,Minimum:     OS:  Windows 10 version 21H1 or newer    Processor:  x64 with SSE2 support    Memory:  4 GB RAM    Graphics:  DirectX capable GPU    DirectX:  Version 10    Network:  Broadband Internet connection    Storage:  3 GB available space,Playa Games GmbH,Playa Games GmbH,0.9247,False,True,True,True,0.0,2016.0,10.3,Classic,4.0,3.0
1222680,1385,"2,000,000 .. 5,000,000",111482,21373,Need for Speed™ Heat,game,False,300.0,3000.0,90,2020-06-04,"English<strong>*</strong>, French<strong>*</strong>, Italian<strong>*</strong>, German<strong>*</strong>, Spanish - Spain<strong>*</strong>, Korean, Portuguese - Brazil, Simplified Chinese, Traditional Chinese, Arabic, Japanese<strong>*</strong>, Polish<strong>*</strong>, Russian<strong>*</strong><br><strong>*</strong>languages with full audio support",72.0,"Action,Adventure,Racing,Sports","Single-player,Multi-player,PvP,Online PvP,Co-op,Online Co-op,Cross-Platform Multiplayer,Steam Achievements,Steam Trading Cards,Partial Controller Support,Remote Play on Tablet,HDR available",True,False,False,Minimum:    Requires a 64-bit processor and operating system    OS:  Windows 10    Processor:  FX-6350 or Equivalent; Core i5-3570 or Equivalent    Memory:  8 GB RAM    Graphics:  AMD: Radeon 7970/Radeon R9 280x or Equivalent; NVIDIA: GeForce GTX 760 or Equivalent    DirectX:  Version 11    Storage:  50 GB available space,Ghost Games,Electronic Arts,0.8391,False,False,True,True,1.36,2020.0,6.0,Established,8.0,50.0
3910,1383,"1,000,000 .. 2,000,000",6485,746,Sid Meier's Civilization® III Complete,game,False,31.0,159.0,81,2006-10-25,English,90.0,Strategy,"Single-player,Multi-player,Includes level editor,Family Sharing",True,False,False,"Recommended:  Windows® 2000/XP (only), Pentium® II 400 MHz, 128 MB RAM, 1.7 GB Free HDD space, Windows® 2000/XP compatible video card*, Windows® 2000/XP compatible sound card*, DirectX® version 9.0b (included) or higher 					* Indicates device should be compatible with DirectX® version 9.0b or higher.",Firaxis Games,2K,0.8968,False,False,True,True,0.14,2006.0,19.7,Classic,,
1593500,1380,"5,000,000 .. 10,000,000",151706,6311,God of War,game,False,1799.0,1799.0,0,2022-01-14,"English<strong>*</strong>, French<strong>*</strong>, Italian<strong>*</strong>, German<strong>*</strong>, Spanish - Spain<strong>*</strong>, Dutch, Japanese<strong>*</strong>, Korean, Polish<strong>*</strong>, Portuguese - Portugal<strong>*</strong>, Portuguese - Brazil<strong>*</strong>, Russian<strong>*</strong>, Spanish - Latin America<strong>*</strong>, Turkish, Traditional Chinese, Czech, Hungarian, Greek<br><strong>*</strong>languages with full audio support",93.0,"Action,Adventure,RPG","Single-player,Steam Achievements,Full controller support,Adjustable Text Size,Camera Comfort,Color Alternatives,Custom Volume Controls,Adjustable Difficulty,Keyboard Only Option,Narrated Game Menus,Playable without Timed Input,Save Anytime,Stereo Sound,Subtitle Options,Surround Sound,Steam Cloud,Remote Play on TV,Family Sharing",True,False,False,Minimum:    Requires a 64-bit processor and operating system    OS:  Windows 10    Processor:  Intel i5-2500k (4 core 3.3 GHz) or AMD Ryzen 3 1200 (4 core 3.1 GHz)    Memory:  8 GB RAM    Graphics:  NVIDIA GTX 960 (4 GB) or AMD R9 290X (4 GB)    DirectX:  Version 11    Storage:  70 GB available space    Additional Notes:  DirectX feature level 11_1 required,"Santa Monica Studio,Jetpack Interactive",PlayStation Publishing LLC,0.9601,True,False,False,True,8.18,2022.0,4.4,Modern,8.0,70.0
2208920,1379,"500,000 .. 1,000,000",21554,9420,Assassin's Creed Valhalla,game,False,2299.0,2299.0,0,2022-12-06,"English<strong>*</strong>, French<strong>*</strong>, Italian<strong>*</strong>, German<strong>*</strong>, Spanish - Spain<strong>*</strong>, Arabic, Simplified Chinese, Traditional Chinese, Korean, Spanish - Latin America, Japanese<strong>*</strong>, Polish, Portuguese - Brazil<strong>*</strong>, Russian<strong>*</strong><br><strong>*</strong>languages with full audio support",,"Action,Adventure,RPG","Single-player,Steam Achievements,Captions available,In-App Purchases,Adjustable Text Size,Camera Comfort,Color Alternatives,Custom Volume Controls,Adjustable Difficulty,Keyboard Only Option,Mouse Only Option,Narrated Game Menus,Playable without Timed Input,Save Anytime,Stereo Sound,Surround Sound,Partial Controller Support,HDR available",True,False,False,Minimum:    Requires a 64-bit processor and operating system    OS:  Windows 10 (versions 64 bits uniquement)    Processor:  AMD Ryzen 3 1200 3.1 GHz / Intel Core i5-4460 3.2 GHz    Memory:  8 GB RAM    Graphics:  AMD R9 380 /NVIDIA GeForce GTX 960    DirectX:  Version 12    Storage:  160 GB available space,Ubisoft Montreal,Ubisoft,0.6959,True,False,False,True,10.45,2022.0,3.5,Modern,8.0,160.0
203770,1373,"2,000,000 .. 5,000,000",66359,7450,Crusader Kings II,game,True,0.0,0.0,0,2012-02-14,"English, French, German, Spanish - Spain",82.0,"RPG,Simulation,Strategy,Free To Play","Single-player,Multi-player,Steam Trading Cards,Family Sharing",True,True,True,"OS:  Win7 64-bit    Processor:  Intel® Pentium® IV 2.4 GHz or AMD 3500+    Memory:  4 GB RAM    Hard Disk Space:  2 GB    Video Card:  NVIDIA® GeForce 8800 or ATI Radeon® X1900, 512mb graphics memory required.    DirectX®:  9.0c    Sound:  Direct X-compatible sound card    Additional:  3-button mouse and keyboard",Paradox Development Studio,Paradox Interactive,0.8991,False,False,True,True,0.0,2012.0,14.4,Classic,4.0,
1129580,1366,"1,000,000 .. 2,000,000",40992,4174,Medieval Dynasty,game,False,495.0,990.0,50,2021-09-23,"English<strong>*</strong>, German, Spanish - Spain, Polish, French, Portuguese - Brazil, Japanese, Portuguese - Portugal, Russian, Czech, Turkish, Ukrainian, Italian, Simplified Chinese, Dutch, Swedish, Korean, Hungarian<br><strong>*</strong>languages with full audio support",73.0,"Action,Adventure,Indie,RPG,Simulation","Single-player,Multi-player,Co-op,Online Co-op,Steam Achievements,Full controller support,Steam Trading Cards,Camera Comfort,Custom Volume Controls,Adjustable Difficulty,Playable without Timed Input,Save Anytime,Stereo Sound,Surround Sound,Steam Cloud,Family Sharing",True,False,False,"Minimum:    Requires a 64-bit processor and operating system    OS:  Windows 10, 11 (x64)    Processor:  Intel Core i5 @ 3.3GHz or AMD @ 3.5GHz    Memory:  8 GB RAM    Graphics:  DirectX 11 compatible GPU, 6GB dedicated VRAM (Intel Arc A580 / GeForce GTX 1060 / Radeon RX 580)    DirectX:  Version 11    Network:  Broadband Internet connection    Storage:  20 GB available space    Additional Notes:  Though not required, SSD for storage and 16 GB of memory is recommended",Render Cube,Toplitz Productions,0.9076,False,True,True,True,2.25,2021.0,4.7,Modern,8.0,20.0
1627720,1363,"1,000,000 .. 2,000,000",48336,4149,Lies of P,game,False,1800.0,1800.0,0,2023-09-18,"English<strong>*</strong>, French, German, Spanish - Spain, Russian, Japanese, Simplified Chinese, Traditional Chinese, Portuguese - Brazil, Polish, Korean, Italian<br><strong>*</strong>languages with full audio support",,"Action,Adventure,RPG","Single-player,Steam Achievements,Full controller support,Camera Comfort,Color Alternatives,Custom Volume Controls,Adjustable Difficulty,Save Anytime,Stereo Sound,Surround Sound,Steam Cloud,Family Sharing",True,True,False,Minimum:    Requires a 64-bit processor and operating system    OS:  Windows 10 64bit    Processor:  AMD Ryzen 3 1200／Intel Core i3-6300    Memory:  8 GB RAM    Graphics:  AMD Radeon RX 560 4GB / NVIDIA GeForce GTX 960 4GB    DirectX:  Version 12    Storage:  50 GB available space,NEOWIZ,NEOWIZ,0.9209,False,False,False,True,8.18,2023.0,2.8,Modern,8.0,50.0
1172380,1354,"2,000,000 .. 5,000,000",140485,18094,STAR WARS Jedi: Fallen Order™,game,False,170.0,1700.0,90,2019-11-14,"English<strong>*</strong>, French<strong>*</strong>, Italian<strong>*</strong>, German<strong>*</strong>, Spanish - Spain<strong>*</strong>, Japanese<strong>*</strong>, Korean, Polish<strong>*</strong>, Portuguese - Brazil<strong>*</strong>, Russian<strong>*</strong>, Simplified Chinese, Spanish - Latin America<strong>*</strong>, Traditional Chinese<br><strong>*</strong>languages with full audio support",81.0,"Action,Adventure","Single-player,Steam Achievements,Full controller support,Steam Trading Cards,Adjustable Difficulty,Stereo Sound,Surround Sound,Remote Play on Tablet,Remote Play on TV,HDR available",True,False,False,"Minimum:    Requires a 64-bit processor and operating system    OS *:  64-bit Windows 7/8.1/10    Processor:  AMD FX-6100/Intel i3-3220 or Equivalent    Memory:  8 GB RAM    Graphics:  AMD Radeon HD 7750, NVIDIA GeForce GTX 650 or Equivalent    DirectX:  Version 11    Storage:  55 GB available space",Respawn Entertainment,Electronic Arts,0.8859,True,False,False,True,0.77,2019.0,6.6,Established,8.0,55.0
1201240,1349,"1,000,000 .. 2,000,000",10533,1351,BLEACH Brave Souls,game,True,0.0,0.0,0,2020-08-17,"English, French, Japanese<strong>*</strong>, Thai, Simplified Chinese, Traditional Chinese, Korean<br><strong>*</strong>languages with full audio support",,"Action,Casual,RPG,Free To Play","Single-player,Multi-player,Co-op,Online Co-op,Cross-Platform Multiplayer,In-App Purchases,Partial Controller Support,Family Sharing",True,False,False,"Minimum:    Requires a 64-bit processor and operating system    OS:  Windows8(64bit), Windows8.1(64bit), Windows 10(64bit)    Processor:  Intel(R) Core(TM) i5-2520M    Memory:  4 GB RAM    Graphics:  Intel(R) HD Graphics    DirectX:  Version 11    Network:  Broadband Internet connection    Storage:  5 GB available space    Sound Card:  on board",KLab Inc.,KLab Inc.,0.8863,False,False,True,True,0.0,2020.0,5.8,Established,4.0,5.0
2651280,1348,"500,000 .. 1,000,000",14423,4589,Marvel's Spider-Man 2,game,False,2199.0,2199.0,0,2025-01-30,"English<strong>*</strong>, French<strong>*</strong>, Italian<strong>*</strong>, German<strong>*</strong>, Spanish - Spain<strong>*</strong>, Arabic<strong>*</strong>, Czech, Danish, Dutch, Finnish, Greek, Hungarian, Indonesian, Japanese<strong>*</strong>, Korean, Norwegian, Polish<strong>*</strong>, Portuguese - Brazil<strong>*</strong>, Portuguese - Portugal<strong>*</strong>, Russian<strong>*</strong>, Simplified Chinese, Spanish - Latin America<strong>*</strong>, Swedish, Thai, Traditional Chinese, Vietnamese<br><strong>*</strong>languages with full audio support",,"Action,Adventure","Single-player,Steam Achievements,Full controller support,Adjustable Text Size,Camera Comfort,Color Alternatives,Custom Volume Controls,Adjustable Difficulty,Narrated Game Menus,Playable without Timed Input,Save Anytime,Stereo Sound,Subtitle Options,Surround Sound,Steam Cloud,HDR available,Family Sharing",True,False,False,Minimum:    Requires a 64-bit processor and operating system    OS:  Windows 10/11 (version 1909 or higher)    Processor:  Intel Core i3-8100 or AMD Ryzen 3 3100    Memory:  16 GB RAM    Graphics:  NVIDIA GeForce GTX 1650 or AMD Radeon RX 5500 XT    Storage:  140 GB available space    Additional Notes:  SSD Required,"Insomniac Games,Nixxes Software",PlayStation Publishing LLC,0.7586,True,False,False,True,10.0,2025.0,1.4,Recent,16.0,140.0
1190000,1343,"1,000,000 .. 2,000,000",28630,1211,Car Mechanic Simulator 2021,game,False,740.0,740.0,0,2021-08-11,"English<strong>*</strong>, French, Italian, German, Spanish - Spain, Simplified Chinese, Japanese, Polish, Portuguese - Portugal, Portuguese - Brazil, Russian, Korean, Turkish, Czech, Romanian, Arabic, Hungarian<br><strong>*</strong>languages with full audio support",,"Racing,Simulation","Single-player,Steam Achievements,Steam Trading Cards,Steam Workshop,Partial Controller Support,Steam Cloud,Stats,Includes level editor,Family Sharing",True,False,False,Minimum:    Requires a 64-bit processor and operating system    OS *:  Windows(64-bit) 8.1 / 10    Processor:  Intel Core i5 4690 / AMD Ryzen 5 1500X    Memory:  8 GB RAM    Graphics:  NVidia GeForce GTX 760 2GB    DirectX:  Version 11    Storage:  35 GB available space    Additional Notes:  GAME DOES NOT SUPPORT Intel Integrated Graphics Cards,Red Dot Games,PlayWay S.A.,0.9594,False,False,False,True,3.36,2021.0,4.9,Modern,8.0,35.0
287700,1333,"2,000,000 .. 5,000,000",91675,8247,METAL GEAR SOLID V: THE PHANTOM PAIN,game,False,1470.0,1470.0,0,2015-09-01,"English<strong>*</strong>, French, Italian, German, Japanese<strong>*</strong>, Portuguese - Brazil, Russian, Spanish - Latin America<br><strong>*</strong>languages with full audio support",91.0,"Action,Adventure","Single-player,Multi-player,Steam Achievements,Full controller support,Steam Trading Cards,Captions available,In-App Purchases,Steam Cloud,Steam Leaderboards,Remote Play on Phone,Remote Play on Tablet,Remote Play on TV,Family Sharing",True,False,False,"Minimum:     OS:  Windows 7x64, Windows 8x64, Windows 10x64 (64-bit OS Required)    Processor:  Intel Core i5-4460 (3.40 GHz) or better; Quad-core or better    Memory:  4 GB RAM    Graphics:  NVIDIA GeForce GTX 650 (2GB) or better (DirectX 11 card Required)    DirectX:  Version 11    Storage:  28 GB available space    Sound Card:  DirectX 9.0c compatible sound card",KONAMI,KONAMI,0.9175,True,False,True,True,6.68,2015.0,10.8,Classic,4.0,28.0
1158160,1328,"500,000 .. 1,000,000",19184,2544,Coral Island,game,False,534.0,890.0,40,2023-11-14,"English, French, German, Spanish - Spain, Japanese, Simplified Chinese, Indonesian, Korean, Portuguese - Brazil, Thai",,"Adventure,Casual,Indie,RPG,Simulation,Strategy","Single-player,Multi-player,Co-op,Online Co-op,Cross-Platform Multiplayer,Steam Achievements,Full controller support,Steam Cloud,Family Sharing",True,False,False,Minimum:    Requires a 64-bit processor and operating system    OS:  Windows 10 64 bit    Processor:  Intel i3 Processor    Memory:  6 GB RAM    Graphics:  Nvidia GeForce GTX 660 2GB    DirectX:  Version 10    Storage:  8 GB available space,Stairway Games,Balor Games,0.8829,False,True,True,True,2.43,2023.0,2.6,Modern,6.0,8.0
489630,1326,"1,000,000 .. 2,000,000",12195,2780,"Warhammer 40,000: Gladius - Relics of War",game,False,1150.0,1150.0,0,2018-07-12,"English<strong>*</strong>, German, Spanish - Spain, Russian, Simplified Chinese, French<br><strong>*</strong>languages with full audio support",71.0,Strategy,"Single-player,Multi-player,PvP,Online PvP,LAN PvP,Shared/Split Screen PvP,Co-op,Online Co-op,LAN Co-op,Shared/Split Screen Co-op,Shared/Split Screen,Cross-Platform Multiplayer,Steam Achievements,Steam Trading Cards,Steam Workshop,Partial Controller Support,Steam Cloud,Remote Play Together,Family Sharing",True,False,True,Minimum:    Requires a 64-bit processor and operating system    OS:  Windows 10 (64-bit)    Processor:  Intel Core i3 or equivalent    Memory:  4 GB RAM    Graphics:  Vulkan support with 3 GB VRAM (Nvidia GeForce 900 series / AMD Radeon RX 400 series)    Storage:  4 GB available space,Proxy Studios,Slitherine Ltd.,0.8144,False,False,True,True,5.23,2018.0,7.9,Established,4.0,4.0
1506830,1319,"2,000,000 .. 5,000,000",97293,23578,FIFA 22,game,False,0.0,0.0,0,2021-10-01,"English<strong>*</strong>, French<strong>*</strong>, Italian<strong>*</strong>, German<strong>*</strong>, Spanish - Spain<strong>*</strong>, Arabic<strong>*</strong>, Czech, Danish, Dutch<strong>*</strong>, Japanese<strong>*</strong>, Korean, Norwegian, Polish<strong>*</strong>, Portuguese - Portugal, Portuguese - Brazil<strong>*</strong>, Russian<strong>*</strong>, Simplified Chinese<strong>*</strong>, Spanish - Latin America<strong>*</strong>, Swedish, Traditional Chinese, Turkish<br><strong>*</strong>languages with full audio support",,"Simulation,Sports","Single-player,Multi-player,MMO,PvP,Online PvP,Shared/Split Screen PvP,Co-op,Online Co-op,Shared/Split Screen Co-op,Shared/Split Screen,Steam Achievements,In-App Purchases,Partial Controller Support",True,False,False,Minimum:    Requires a 64-bit processor and operating system    OS:  Windows 10 - 64-Bit (Latest Update)    Processor:  Intel Core i3-6100 @ 3.7GHz or AMD Athlon X4 880K @4GHz    Memory:  8 GB RAM    Graphics:  NVIDIA GTX 660 2GB or AMD Radeon HD 7850 2GB    Storage:  50 GB available space,EA Canada & EA Romania,Electronic Arts,0.8049,True,False,True,True,0.0,2021.0,4.7,Modern,8.0,50.0
2384580,1314,"500,000 .. 1,000,000",19369,1346,DYNASTY WARRIORS: ORIGINS,game,False,2450.0,2450.0,0,2025-01-16,"English<strong>*</strong>, French, Italian, German, Spanish - Spain, Simplified Chinese<strong>*</strong>, Traditional Chinese, Japanese<strong>*</strong>, Korean, Arabic<br><strong>*</strong>languages with full audio support",84.0,"Action,RPG,Strategy","Single-player,Steam Achievements,Full controller support,Steam Trading Cards,Color Alternatives,Custom Volume Controls,Adjustable Difficulty,Stereo Sound,Surround Sound,Steam Cloud,HDR available,Family Sharing",True,False,False,"Minimum:    Requires a 64-bit processor and operating system    OS:  Windows® 10/11 64-bit    Processor:  Intel Core i5-8400 or higher, AMD Ryzen 5 2600 or higher    Memory:  12 GB RAM    Graphics:  NVIDIA GeForce GTX 1060 (VRAM 6GB) or better, AMD Radeon RX 590 (VRAM 8GB) or better    DirectX:  Version 12    Network:  Broadband Internet connection    Storage:  50 GB available space    Sound Card:  16-bit stereo with 48KHz playback    Additional Notes:  Based on a display resolution of 1920x1080 and a frame rate of 30FPS, with the Graphics Quality set to &quot;Low&quot; and the Texture Quality set to &quot;Low.&quot; Note: Windows® 11 system requirements apply when using that OS.","KOEI TECMO GAMES CO., LTD.","KOEI TECMO GAMES CO., LTD.",0.935,False,False,False,True,11.14,2025.0,1.4,Recent,12.0,50.0
663090,1313,"200,000 .. 500,000",824,464,Granado Espada,game,True,0.0,0.0,0,2017-10-15,English,,"Massively Multiplayer,RPG,Free To Play","Multi-player,MMO,PvP,Online PvP,Steam Trading Cards,In-App Purchases,Family Sharing",True,False,False,Minimum:     OS *:  Windows 7 (32bit / 64bit)    Processor:  Intel® Pentium® 4    Memory:  2 GB RAM    Graphics:  NVIDIA® GeForce® 6600    DirectX:  Version 9.0c    Network:  Broadband Internet connection    Storage:  10 GB available space,"IMCGAMES Co.,Ltd.","IMCGAMES Co.,Ltd.",0.6398,False,False,True,False,0.0,2017.0,8.7,Established,2.0,10.0
613100,1311,"2,000,000 .. 5,000,000",89596,5548,House Flipper,game,False,740.0,740.0,0,2018-05-17,"English, French, Italian, German, Spanish - Spain, Polish, Russian, Simplified Chinese, Czech, Japanese, Korean, Romanian, Turkish, Hungarian, Portuguese - Brazil, Traditional Chinese, Ukrainian, Greek, Dutch, Norwegian, Portuguese - Portugal, Spanish - Latin America",67.0,"Action,Adventure,Casual,Indie,Massively Multiplayer,Simulation,Strategy,Free To Play","Single-player,Steam Achievements,Full controller support,Steam Trading Cards,Steam Workshop,Steam Cloud,Remote Play on Tablet,Family Sharing",True,True,False,"Minimum:    Requires a 64-bit processor and operating system    OS *:  Windows 7 (64-bit) or newer    Processor:  Intel Core i3 3,20GHz / AMD Phenom II X4 955 3,2 GHz    Memory:  4 GB RAM    Graphics:  GeForce GTX 560 / AMD R7-260X    DirectX:  Version 11    Storage:  6 GB available space",Empyrean,"Frozen District,PlayWay S.A.",0.9417,True,True,False,True,3.36,2018.0,8.1,Established,4.0,6.0
701160,1305,"2,000,000 .. 5,000,000",6244,819,Kingdom Two Crowns,game,False,595.0,595.0,0,2018-12-11,"English, Italian, German, Spanish - Spain, Japanese, Korean, Russian, French, Simplified Chinese, Traditional Chinese, Portuguese - Brazil",,"Adventure,Indie,Simulation,Strategy","Single-player,Multi-player,Co-op,Online Co-op,Shared/Split Screen Co-op,Shared/Split Screen,Steam Achievements,Full controller support,Steam Cloud,Remote Play on Phone,Remote Play on Tablet,Remote Play on TV,Remote Play Together,Family Sharing",True,True,True,"Minimum:     OS:  Windows 10    Processor:  Intel 4th Gen Dual Core 2.0Ghz    Memory:  2 GB RAM    Graphics:  Nvida GTX Series 8    DirectX:  Version 9.0c    Network:  Broadband Internet connection    Storage:  4 GB available space    Additional Notes:  The game can likely run on lower rated hardware, but we can't guarantee the performance or provide support.","Stumpy🐙Squid,Fury Studios,Coatsink",Raw Fury,0.884,False,True,True,True,2.7,2018.0,7.5,Established,2.0,4.0
1092790,1301,"2,000,000 .. 5,000,000",127792,4098,Inscryption,game,False,219.0,549.0,60,2021-10-19,"English, French, German, Spanish - Spain, Japanese, Korean, Russian, Simplified Chinese, Italian, Portuguese - Brazil, Traditional Chinese, Turkish",85.0,"Adventure,Indie,Strategy","Single-player,Steam Achievements,Steam Trading Cards,Steam Cloud,Family Sharing",True,True,True,Minimum:     OS *:  Windows 7    Processor:  Intel Core i5-760 (4 * 2800); AMD Athlon II X4 645 AM3 (4 * 3100)    Memory:  4 GB RAM    Graphics:  GeForce GTX 550 Ti (3072 VRAM); Radeon HD 6850 (1024 VRAM)    Storage:  3 GB available space,Daniel Mullins Games,Devolver Digital,0.9689,False,True,False,True,1.0,2021.0,4.7,Modern,4.0,3.0
2321470,1300,"1,000,000 .. 2,000,000",31693,4865,Deep Rock Galactic: Survivor,game,False,447.0,447.0,0,2025-09-17,"English<strong>*</strong>, French, German, Spanish - Spain, Simplified Chinese, Italian, Korean, Portuguese - Brazil, Traditional Chinese, Ukrainian, Hungarian, Russian, Japanese, Polish, Turkish, Indonesian, Spanish - Latin America<br><strong>*</strong>languages with full audio support",,Action,"Single-player,Steam Achievements,Full controller support,Steam Trading Cards,Camera Comfort,Custom Volume Controls,Adjustable Difficulty,Playable without Timed Input,Stereo Sound,Steam Cloud,Remote Play on TV,Family Sharing",True,False,False,Minimum:    Requires a 64-bit processor and operating system    OS:  Win 10    Processor:  Intel i5-4590 or similar    Memory:  8 GB RAM    Graphics:  Geforce GTX 1050 or similar    Storage:  2 GB available space,Funday Games,Ghost Ship Publishing,0.8669,True,False,False,True,2.03,2025.0,0.8,Recent,8.0,2.0
1353300,1300,"500,000 .. 1,000,000",7488,1279,Idle Slayer,game,True,0.0,0.0,0,2020-12-21,"English, French, Italian, German, Spanish - Spain, Czech, Hungarian, Polish, Portuguese - Brazil, Spanish - Latin America, Korean, Portuguese - Portugal, Romanian, Russian, Simplified Chinese, Traditional Chinese, Turkish, Vietnamese, Japanese, Dutch, Finnish, Swedish, Ukrainian, Danish, Norwegian, Armenian, Catalan, Malay, Indonesian",,"Casual,Indie,Strategy,Free To Play","Single-player,Steam Achievements,Steam Trading Cards,In-App Purchases,HDR available,Family Sharing",True,False,False,Minimum:    Requires a 64-bit processor and operating system    OS:  Windows 10 or 11    Processor:  2 GHz +    Memory:  1 GB RAM    Graphics:  512 MB    Storage:  100 MB available space,Pablo Leban,Pablo Leban,0.8541,True,True,False,True,0.0,2020.0,5.5,Established,1.0,
508440,1299,"2,000,000 .. 5,000,000",132974,2969,Totally Accurate Battle Simulator,game,False,579.0,579.0,0,2021-04-01,"English, French, Italian, German, Spanish - Spain, Japanese, Simplified Chinese, Portuguese - Portugal, Russian",,"Indie,Simulation,Strategy","Single-player,Multi-player,PvP,Online PvP,Steam Achievements,Partial Controller Support,Remote Play on Phone,Remote Play on Tablet,Remote Play Together,Family Sharing",True,True,False,Minimum:    Requires a 64-bit processor and operating system    OS *:  Windows 7    Processor:  Intel Core i5-2400 @ 3.1 GHz or AMD FX-6300 @ 3.5 GHz or equivalent    Memory:  8 GB RAM    Graphics:  NVIDIA GeForce GTX 670 or AMD R9 270 (2GB VRAM with Shader Model 5.0 or better)    DirectX:  Version 10    Storage:  4 GB available space    Additional Notes:  Only runs on 64 bit systems,Landfall,Landfall,0.9782,False,True,True,True,2.63,2021.0,5.2,Established,8.0,4.0
1256670,1299,"1,000,000 .. 2,000,000",32471,2038,Library Of Ruina,game,False,619.0,619.0,0,2021-08-10,"English, Japanese, Simplified Chinese, Korean<strong>*</strong><br><strong>*</strong>languages with full audio support",,"Indie,RPG,Strategy","Single-player,Steam Achievements,Steam Workshop,Partial Controller Support,Steam Cloud,Remote Play on Tablet,Family Sharing",True,False,False,Minimum:    Requires a 64-bit processor and operating system    OS *:  Windows 7    Processor:  Intel Core i5    Memory:  8 GB RAM    Graphics:  GeForce GTX 560+    DirectX:  Version 10    Storage:  10 GB available space,ProjectMoon,ProjectMoon,0.9409,False,True,False,True,2.81,2021.0,4.9,Modern,8.0,10.0
552520,1297,"2,000,000 .. 5,000,000",140377,33100,Far Cry® 5,game,False,1999.0,1999.0,0,2018-03-26,"English<strong>*</strong>, French<strong>*</strong>, Italian<strong>*</strong>, German<strong>*</strong>, Spanish - Spain<strong>*</strong>, Arabic, Czech, Dutch, Japanese<strong>*</strong>, Korean, Polish, Portuguese - Brazil<strong>*</strong>, Russian<strong>*</strong>, Simplified Chinese, Traditional Chinese<br><strong>*</strong>languages with full audio support",,"Action,Adventure","Single-player,Multi-player,Co-op,Online Co-op,Steam Achievements,Steam Trading Cards,Captions available,In-App Purchases,Partial Controller Support,Includes level editor,HDR available",True,False,False,"Minimum:    Requires a 64-bit processor and operating system    OS:  Windows 10 (64-bit versions only)    Processor:  Intel Core i5-2400 @ 3.1 GHz or AMD FX-6300 @ 3.5 GHz or equivalent    Memory:  8 GB RAM    Graphics:  NVIDIA GeForce GTX 670 or AMD R9 270 (2GB VRAM with Shader Model 5.0 or better)    DirectX:  Version 9.0c    Network:  Broadband Internet connection    Storage:  40 GB available space    Additional Notes:  Game contains EasyAntiCheat  anti-cheat technology, and Denuvo  and VMProtect  anti-tamper technology.","Ubisoft Montreal,Red Storm,Ubisoft Shanghai,Ubisoft Toronto,Ubisoft Kiev",Ubisoft,0.8092,False,False,True,True,9.09,2018.0,8.2,Established,8.0,40.0
924970,1288,"1,000,000 .. 2,000,000",46833,21608,Back 4 Blood,game,False,2149.0,2149.0,0,2021-10-12,"English<strong>*</strong>, French<strong>*</strong>, Italian<strong>*</strong>, German<strong>*</strong>, Spanish - Spain<strong>*</strong>, Arabic, Japanese, Korean, Polish, Portuguese - Brazil<strong>*</strong>, Russian, Simplified Chinese, Spanish - Latin America<strong>*</strong>, Traditional Chinese, Turkish<br><strong>*</strong>languages with full audio support",77.0,Action,"Single-player,Multi-player,PvP,Online PvP,Co-op,Online Co-op,Full controller support,HDR available,Family Sharing",True,False,False,Minimum:    Requires a 64-bit processor and operating system    OS:  64-bit Windows 10    Processor:  Intel Core i5-6600 (3.3 GHz) OR AMD Ryzen 5 2600 (3.4 GHz)    Memory:  8 GB RAM    Graphics:  NVIDIA GeForce GTX 1050 Ti OR AMD Radeon RX 570    DirectX:  Version 12    Network:  Broadband Internet connection    Storage:  40 GB available space    Additional Notes:  1080p / 60fps / Low Quality Settings,Turtle Rock Studios,Warner Bros. Games,0.6843,True,False,True,True,9.77,2021.0,4.7,Modern,8.0,40.0
1196590,1284,"2,000,000 .. 5,000,000",114131,5219,Resident Evil Village,game,False,1190.0,1190.0,0,2021-05-06,"English<strong>*</strong>, French<strong>*</strong>, Italian<strong>*</strong>, German<strong>*</strong>, Spanish - Spain<strong>*</strong>, Japanese<strong>*</strong>, Korean, Portuguese - Brazil<strong>*</strong>, Russian<strong>*</strong>, Simplified Chinese<strong>*</strong>, Traditional Chinese, Arabic, Thai, Spanish - Latin America<strong>*</strong>, Polish<br><strong>*</strong>languages with full audio support",83.0,Action,"Single-player,Steam Achievements,Full controller support,Steam Trading Cards,Steam Cloud,HDR available,Family Sharing",True,False,False,Minimum:    Requires a 64-bit processor and operating system    OS:  Windows 10 (64 bit)    Processor:  AMD Ryzen 3 1200  ／ Intel Core i5-7500    Memory:  8 GB RAM    Graphics:  AMD Radeon RX 560 with 4GB VRAM ／ NVIDIA GeForce GTX 1050 Ti with 4GB VRAM    DirectX:  Version 12    Additional Notes:  Estimated performance (when set to Prioritize Performance): 1080p/60fps. ・Framerate might drop in graphics-intensive scenes. ・AMD Radeon RX 6700 XT or NVIDIA GeForce RTX 2060 required to support ray tracing.,"CAPCOM Co., Ltd.","CAPCOM Co., Ltd.",0.9563,True,False,False,True,5.41,2021.0,5.1,Established,8.0,
335240,1284,"2,000,000 .. 5,000,000",24320,3341,Transformice,game,True,0.0,0.0,0,2015-01-30,"English, French, Italian, German, Spanish - Spain, Arabic, Bulgarian, Czech, Danish, Dutch, Finnish, Hungarian, Japanese, Norwegian, Polish, Portuguese - Portugal, Portuguese - Brazil, Romanian, Russian, Simplified Chinese, Swedish, Thai, Turkish, Spanish - Latin America",,"Free To Play,Indie,Massively Multiplayer","Multi-player,MMO,Steam Achievements,Steam Trading Cards,Includes level editor,Family Sharing",True,True,True,Minimum:     OS *:  Windows XP    Processor:  1 GHz    Memory:  512 MB RAM    Storage:  60 MB available space,Atelier 801,Atelier 801,0.8792,True,True,True,False,0.0,2015.0,11.4,Classic,,
495420,1281,"2,000,000 .. 5,000,000",52001,10715,State of Decay 2: Juggernaut Edition,game,False,619.0,619.0,0,2020-03-13,"English<strong>*</strong>, French, Italian, German, Portuguese - Brazil, Russian, Spanish - Latin America, Simplified Chinese<br><strong>*</strong>languages with full audio support",69.0,"Action,RPG,Simulation","Single-player,Multi-player,Co-op,Online Co-op,Cross-Platform Multiplayer,Steam Achievements,Full controller support,Steam Trading Cards,Captions available,Steam Cloud,Family Sharing",True,False,False,Minimum:    Requires a 64-bit processor and operating system    OS:  Windows 10 64-bit    Processor:  Intel i5-2500 @2.7Ghz / AMD FX-6300    Memory:  8 GB RAM    Graphics:  NVIDIA GeForce GTX 760 2GB / AMD Radeon HD 7870    DirectX:  Version 11    Storage:  30 GB available space    Sound Card:  DirectX compatible    Additional Notes:  Internet connection required for initial sign-in. Free Xbox Live account required to play.,Undead Labs,Xbox Game Studios,0.8292,True,False,True,True,2.81,2020.0,6.3,Established,8.0,30.0
963330,1281,"500,000 .. 1,000,000",460,99,Nya Nya Nya Girls (ʻʻʻ)_(=^･ω･^=)_(ʻʻʻ),game,False,32.0,32.0,0,2018-12-08,English,,"Casual,Indie","Single-player,Steam Achievements,Steam Trading Cards,Family Sharing",True,False,False,"Minimum:     OS *:  Windows 10, Windows 8, Windows 7 32-bit    Processor:  Quad-core Intel or AMD processor, 2 GHz or faster    Memory:  4 GB RAM    Graphics:  1 Gb    DirectX:  Version 10    Storage:  1 GB available space",Zloy Krot Studio,"Zloy Krot Studio,firstgamedev",0.8229,False,True,False,True,0.15,2018.0,7.5,Established,4.0,1.0
1811260,1280,"5,000,000 .. 10,000,000",86192,65227,EA SPORTS™ FIFA 23,game,False,0.0,0.0,0,2022-09-30,"English<strong>*</strong>, French<strong>*</strong>, Italian<strong>*</strong>, German<strong>*</strong>, Spanish - Spain<strong>*</strong>, Arabic<strong>*</strong>, Czech, Danish, Dutch<strong>*</strong>, Japanese<strong>*</strong>, Korean, Norwegian, Polish<strong>*</strong>, Portuguese - Portugal, Portuguese - Brazil<strong>*</strong>, Russian<strong>*</strong>, Simplified Chinese<strong>*</strong>, Spanish - Latin America, Swedish, Traditional Chinese, Turkish<br><strong>*</strong>languages with full audio support",,"Simulation,Sports","Single-player,Multi-player,PvP,Online PvP,Shared/Split Screen PvP,Co-op,Online Co-op,Shared/Split Screen Co-op,Shared/Split Screen,Cross-Platform Multiplayer,Steam Achievements,Full controller support,In-App Purchases",True,False,False,Minimum:    Requires a 64-bit processor and operating system    OS:  Windows 10 - 64-Bit (Latest Update)    Processor:  Intel Core i5 6600k or AMD Ryzen 5 1600    Memory:  8 GB RAM    Graphics:  NVIDIA GeForce GTX 1050 Ti or AMD Radeon RX 570    DirectX:  Version 12    Network:  Broadband Internet connection    Storage:  100 GB available space,"EA Canada,EA Romania",Electronic Arts,0.5692,True,False,True,True,0.0,2022.0,3.7,Modern,8.0,100.0
767560,1280,"5,000,000 .. 10,000,000",15951,10624,War Robots,game,True,0.0,0.0,0,2018-04-04,"English, French, Italian, German, Spanish - Spain, Dutch, Japanese, Korean, Polish, Portuguese - Brazil, Russian, Simplified Chinese, Thai, Traditional Chinese, Turkish",,"Action,Free To Play","Multi-player,PvP,Online PvP,Steam Trading Cards,In-App Purchases,Custom Volume Controls,Stereo Sound,Surround Sound,Family Sharing",True,False,False,"Minimum:    Requires a 64-bit processor and operating system    OS *:  Windows 7    Processor:  2.5 GHz    Memory:  2 GB RAM    Graphics:  Intel HD Graphics 4000 or Video Card with DX11 support, 2GB VRAM    DirectX:  Version 11    Storage:  4 GB available space",MY.GAMES,MY.GAMES,0.6002,False,False,True,False,0.0,2018.0,8.2,Established,2.0,4.0
2135150,1277,"500,000 .. 1,000,000",6163,412,Elin,game,False,760.0,760.0,0,2024-11-01,"English, Japanese, Simplified Chinese",,"Indie,RPG,Simulation,Strategy,Early Access","Single-player,Steam Achievements,Steam Workshop,Steam Cloud,Family Sharing",True,False,False,Minimum:    Requires a 64-bit processor and operating system    OS *:  windows 8    Processor:  Pentium Core i-5    Memory:  8 GB RAM    Graphics:  Intel HD Graphics 615    DirectX:  Version 10    Storage:  2 GB available space,Lafrontier,Lafrontier,0.9373,False,True,False,True,3.45,2024.0,1.6,Recent,8.0,2.0
47890,1264,"2,000,000 .. 5,000,000",28544,4366,The Sims™ 3,game,False,429.0,429.0,0,2011-01-27,"Czech, Danish, Dutch, English, Finnish, French, German, Hungarian, Italian, Korean, Norwegian, Polish, Portuguese - Portugal, Russian, Spanish - Spain, Swedish, Traditional Chinese",86.0,Simulation,"Single-player,Family Sharing",True,False,False,"OS *:  Windows XP (Service Pack 2) or Windows Vista (Service Pack 1) 	   Processor:  (XP) 2.0 GHz P4 processor or equivalent; (Vista) 2.4 GHz P4 processor or equivalent  	   Memory:  (XP) 1 GB; (Vista) 1.5 GB 	   Graphics:  128 MB Video Card with support for Pixel Shader 2.0  	   DirectX®:   	   Hard Drive:  At least 6.5 GB of hard drive space with at least 1 GB additional space for custom content 	   Sound:  	   Built-in Graphics:   Intel Integrated Chipset, GMA X3000 or above.   	  2.6 GHz Pentium D CPU, or 1.8 GHz Core 2 Duo, or equivalent   	  0.5 GB additional RAM     Supported Video Cards: Nvidia GeForce series: FX5900 or greater, G100, GT 120, GT 130, GTS 150, GTS 250, GTX 260, GTX 275, GTX 280, GTX 285, GTX 295; ATI Radeon™ series: ATI Radeon 9500 series of greater, X300, X600, X700, X800, X850, X1300, X1600, X1800, X1900, X1950, 2400, 2600, 2900, 3450, 3650, 3850, 3870, 4850, 4870 series or greater; Intel® Graphics Media Accelerator (GMA): GMA 3-Series, GMA 4-Series  	  *Please note that the GeForce 6100 and 7100 cards are not supported","The Sims Studio,Maxis",Electronic Arts,0.8673,False,False,False,True,1.95,2011.0,15.4,Classic,,
2591280,1262,"100,000 .. 200,000",3596,975,F1® Manager 2024,game,False,1030.0,1030.0,0,2024-07-23,"English<strong>*</strong>, French<strong>*</strong>, Italian<strong>*</strong>, German<strong>*</strong>, Spanish - Spain<strong>*</strong>, Dutch<strong>*</strong>, Japanese<strong>*</strong>, Polish, Portuguese - Brazil<strong>*</strong>, Russian, Simplified Chinese<strong>*</strong>, Spanish - Latin America<strong>*</strong>, Turkish<br><strong>*</strong>languages with full audio support",81.0,"Simulation,Strategy","Single-player,Steam Achievements,Steam Trading Cards,Partial Controller Support,Steam Cloud,Family Sharing",True,False,False,"Minimum:    Requires a 64-bit processor and operating system    OS:  Windows 10 64-bit    Processor:  Intel Core i5-4590 or AMD FX-8370    Memory:  8 GB RAM    Graphics:  (3GB VRAM) Nvidia GeForce GTX 960, AMD R9 280x or Intel Arc 750    Storage:  30 GB available space",Frontier Developments,Frontier Developments,0.7867,True,False,False,True,4.68,2024.0,1.9,Recent,8.0,30.0
3228590,1261,"200,000 .. 500,000",3471,733,Deadzone: Rogue,game,False,740.0,740.0,0,2025-08-11,"English<strong>*</strong>, French, German, Japanese<strong>*</strong>, Korean, Portuguese - Brazil, Russian, Simplified Chinese<strong>*</strong>, Spanish - Latin America, Ukrainian, Italian, Spanish - Spain, Traditional Chinese<strong>*</strong>, Polish<br><strong>*</strong>languages with full audio support",,Action,"Single-player,Multi-player,Co-op,Online Co-op,Cross-Platform Multiplayer,Steam Achievements,Full controller support,Custom Volume Controls,Adjustable Difficulty,Playable without Timed Input,Stereo Sound,Steam Cloud,Family Sharing",True,False,False,Minimum:    Requires a 64-bit processor and operating system    OS:  Windows 10 64-bit    Processor:  Intel i5-4690 or AMD Ryzen 5 1500X    Memory:  8 GB RAM    Graphics:  NVIDIA GeForce GTX 1060 6GB or Radeon RX 6500XT    DirectX:  Version 12    Network:  Broadband Internet connection    Storage:  10 GB available space,Prophecy Games,Prophecy Games,0.8256,True,False,True,True,3.36,2025.0,0.9,Recent,8.0,10.0
3150440,1256,"50,000 .. 100,000",876,130,Laundry Store Simulator,game,False,350.0,350.0,0,2024-12-09,"English, French, Italian, German, Spanish - Spain, Indonesian, Japanese, Portuguese - Portugal, Russian, Hungarian, Korean, Polish, Portuguese - Brazil, Simplified Chinese, Turkish, Czech, Danish, Dutch, Norwegian, Spanish - Latin America, Thai, Ukrainian, Vietnamese, Bulgarian",,"Indie,Simulation","Single-player,Steam Achievements,Partial Controller Support,Steam Cloud,Family Sharing",True,False,False,Minimum:     OS:  Windows 10 and Windows 11    Processor:  Intel Core i7-6700k or AMD Ryzen 3 1200X    Memory:  8 GB RAM    Graphics:  Nvidia GTX 960 4GB or equivalent    DirectX:  Version 10    Storage:  2 GB available space    Sound Card:  Yes,Akhir Pekan Studio,PlayWay S.A.,0.8708,True,True,False,True,1.59,2024.0,1.5,Recent,8.0,2.0
2680010,1253,"1,000,000 .. 2,000,000",15733,1816,The First Berserker: Khazan,game,False,1799.0,1799.0,0,2025-03-27,"English<strong>*</strong>, French, Italian, German, Russian, Japanese<strong>*</strong>, Simplified Chinese<strong>*</strong>, Traditional Chinese, Portuguese - Brazil, Korean<strong>*</strong>, Spanish - Latin America<br><strong>*</strong>languages with full audio support",,"Action,Adventure,RPG","Single-player,Steam Achievements,Full controller support,Steam Cloud,Family Sharing",True,False,False,"Minimum:    Requires a 64-bit processor and operating system    OS:  Windows 10 64bit 22H2    Processor:  Intel Core i3-6300 or AMD Ryzen 3 1200    Memory:  12 GB RAM    Graphics:  GeForce GTX 970 or Radeon RX 580 or Arc A580    DirectX:  Version 11    Storage:  70 GB available space    Additional Notes:  Requires SSD, 1080p resolution 30fps with low graphics options",Neople,NEXON,0.8965,True,False,False,True,8.18,2025.0,1.2,Recent,12.0,70.0
1812450,1252,"500,000 .. 1,000,000",9666,2330,Bellwright,game,False,584.0,885.0,34,2024-04-23,"English<strong>*</strong>, French, Italian, German, Spanish - Spain, Japanese, Korean, Polish, Portuguese - Brazil, Russian, Simplified Chinese, Traditional Chinese, Turkish, Ukrainian, Arabic, Portuguese - Portugal, Romanian, Croatian<br><strong>*</strong>languages with full audio support",,"Action,RPG,Simulation,Strategy,Early Access","Single-player,Multi-player,Co-op,Online Co-op,Steam Achievements,Steam Workshop,Custom Volume Controls,Adjustable Difficulty,Playable without Timed Input,Save Anytime,Stereo Sound,Partial Controller Support,Steam Cloud,HDR available,Family Sharing",True,False,False,Minimum:    Requires a 64-bit processor and operating system    OS:  Windows 10 / Windows 11    Processor:  Intel Core i5-8600 / AMD Ryzen 5 3600    Memory:  16 GB RAM    Graphics:  NVIDIA GeForce GTX 1070 8GB / AMD Radeon RX 580 8GB / Intel ARC A580 8GB    DirectX:  Version 12    Storage:  24 GB available space,Donkey Crew,"Donkey Crew,Snail Games USA",0.8058,False,False,True,True,2.65,2024.0,2.2,Modern,16.0,24.0
665300,1214,"100,000 .. 200,000",2110,108,Stream Avatars,game,False,455.0,455.0,0,2017-07-26,English,,"Animation & Modeling,Audio Production,Design & Illustration,Utilities,Video Production,Web Publishing","Steam Workshop,Includes level editor",True,True,False,,Travis Miller,Travis Miller,0.9513,False,False,False,False,2.07,2017.0,8.9,Established,,
297000,1213,"1,000,000 .. 2,000,000",18085,4694,Heroes® of Might & Magic® III - HD Edition,game,False,499.0,499.0,0,2015-01-28,"English<strong>*</strong>, French<strong>*</strong>, Italian<strong>*</strong>, German<strong>*</strong>, Spanish - Spain<strong>*</strong>, Polish<strong>*</strong>, Russian<strong>*</strong>, Czech, Simplified Chinese<br><strong>*</strong>languages with full audio support",65.0,"RPG,Strategy","Single-player,Multi-player,Steam Achievements,Includes level editor,Remote Play on Tablet,Family Sharing",True,False,False,"Minimum:     OS:  Windows 10 (64-bit)    Processor:  Intel Core2 Duo E4400 @ 2.0 GHz or AMD Athlon64 X2 3800+ @ 2.0 GHz (or better)    Memory:  2 GB RAM    Graphics:  nVidia GeForce 8800GT or AMD Radeon HD2900 (256MB VRAM or more with Shader Model 4.0)    DirectX:  Version 10    Network:  Broadband Internet connection    Sound Card:  DirectX Compatible Sound Card with latest drivers    Additional Notes:  Windows-compatible keyboard and mouse required  * This product does not support Windows® 98/ME/2000/NT4.0 * Windows XP and Vista are not officially supported for this title although they may run the game properly. Originally released for Windows 7, the game can be played on Windows 10 and Windows 11 OS",Dotemu,Ubisoft Entertainment,0.7939,False,False,True,True,2.27,2015.0,11.4,Classic,2.0,
2688950,1213,"200,000 .. 500,000",6074,3242,Planet Coaster 2,game,False,1450.0,1450.0,0,2024-11-06,"English<strong>*</strong>, French<strong>*</strong>, Italian, German<strong>*</strong>, Spanish - Spain<strong>*</strong>, Czech, Dutch, Japanese<strong>*</strong>, Korean<strong>*</strong>, Polish, Portuguese - Brazil, Simplified Chinese<strong>*</strong>, Traditional Chinese<br><strong>*</strong>languages with full audio support",76.0,"Simulation,Strategy","Single-player,Steam Achievements,Full controller support,Steam Trading Cards,Camera Comfort,Color Alternatives,Custom Volume Controls,Adjustable Difficulty,Playable without Timed Input,Save Anytime,Stereo Sound,Surround Sound,Steam Cloud,HDR available,Family Sharing",True,False,False,Minimum:    Requires a 64-bit processor and operating system    OS:  Windows 10 64bit (22H2)    Processor:  Intel i5-6600K / AMD Ryzen 5 2600    Memory:  16 GB RAM    Graphics:  NVIDIA GeForce GTX 1060 (6GB VRAM) /  AMD Radeon RX 5600XT (6GB VRAM) /  Intel Arc A750 (8GB VRAM)    DirectX:  Version 12    Storage:  25 GB available space    Additional Notes:  SSD Recommended,Frontier Developments,Frontier Developments,0.652,False,False,False,True,6.59,2024.0,1.6,Recent,16.0,25.0
286690,1208,"5,000,000 .. 10,000,000",101543,9424,Metro 2033 Redux,game,False,699.0,699.0,0,2014-08-25,"English<strong>*</strong>, French<strong>*</strong>, Italian<strong>*</strong>, German<strong>*</strong>, Spanish - Spain<strong>*</strong>, Czech, Dutch, Polish, Russian<strong>*</strong>, Ukrainian<strong>*</strong><br><strong>*</strong>languages with full audio support",,Action,"Single-player,Steam Achievements,Full controller support,Steam Trading Cards,Steam Cloud,Family Sharing",True,True,True,"Minimum:     OS *:  Windows Vista, 7 or 8 (64-bit only)    Processor:  Dual Core CPU (2.2+ GHz Dual Core CPU or better)    Memory:  2 GB RAM    Graphics:  DirectX 10, Shader Model 4 compliant graphics cards (GeForce 8800 GT 512 MB, GeForce GTS 250, etc)    DirectX:  Version 10    Storage:  10 GB available space    Additional Notes:  64-bit only",4A Games,Deep Silver,0.9151,False,False,False,True,3.18,2014.0,11.8,Classic,2.0,10.0
1147560,1205,"1,000,000 .. 2,000,000",51218,3683,Skul: The Hero Slayer,game,False,297.0,595.0,50,2021-01-20,"English, Japanese, Korean, Simplified Chinese, German, French, Spanish - Spain, Russian, Traditional Chinese, Portuguese - Brazil, Polish",80.0,"Action,Indie","Single-player,Full controller support,Steam Cloud,Remote Play on Phone,Remote Play on Tablet,Remote Play on TV,Family Sharing",True,True,True,Minimum:     OS *:  Windows 7+    Processor:  Dual core from Intel or AMD at 2.8 GHz    Memory:  4 GB RAM    Graphics:  Nvidia 450 GTS / Radeon HD 5750 or better    DirectX:  Version 11    Storage:  1 GB available space    Additional Notes:  DirectX 9.1+ or OpenGL 3.2+,SOUTHPAW GAMES,NEOWIZ,0.9329,False,True,False,True,1.35,2021.0,5.4,Established,4.0,1.0
1817070,1190,"2,000,000 .. 5,000,000",107786,4606,Marvel’s Spider-Man Remastered,game,False,2199.0,2199.0,0,2022-08-12,"English<strong>*</strong>, French<strong>*</strong>, Italian<strong>*</strong>, German<strong>*</strong>, Spanish - Spain<strong>*</strong>, Czech, Danish, Dutch, Finnish, Greek, Hungarian, Japanese<strong>*</strong>, Korean, Norwegian, Polish<strong>*</strong>, Portuguese - Portugal<strong>*</strong>, Portuguese - Brazil<strong>*</strong>, Russian<strong>*</strong>, Spanish - Latin America<strong>*</strong>, Swedish, Traditional Chinese<br><strong>*</strong>languages with full audio support",,"Action,Adventure,Casual","Single-player,Steam Achievements,Adjustable Text Size,Camera Comfort,Color Alternatives,Custom Volume Controls,Adjustable Difficulty,Playable without Timed Input,Save Anytime,Stereo Sound,Subtitle Options,Surround Sound,Partial Controller Support,Steam Cloud,Remote Play on TV,Family Sharing",True,False,False,"Minimum:    Requires a 64-bit processor and operating system    OS:  Windows 10 64-bit    Processor:  Intel Core i3-4160, 3.6 GHz or AMD equivalent    Memory:  8 GB RAM    Graphics:  NVIDIA GTX 950 or AMD Radeon RX 470    DirectX:  Version 12    Storage:  75 GB available space","Insomniac Games,Nixxes Software",PlayStation Publishing LLC,0.959,True,False,False,True,10.0,2022.0,3.9,Modern,8.0,75.0
2666510,1185,"200,000 .. 500,000",12386,392,Rusty's Retirement,game,False,220.0,220.0,0,2024-04-26,"English<strong>*</strong>, French<strong>*</strong>, Italian<strong>*</strong>, German<strong>*</strong>, Spanish - Spain<strong>*</strong>, Japanese<strong>*</strong>, Korean<strong>*</strong>, Portuguese - Brazil<strong>*</strong>, Simplified Chinese<strong>*</strong>, Traditional Chinese<strong>*</strong>, Estonian<strong>*</strong><br><strong>*</strong>languages with full audio support",,"Casual,Indie,Simulation,Strategy","Single-player,Steam Achievements,Steam Trading Cards,Adjustable Text Size,Custom Volume Controls,Playable without Timed Input,Save Anytime,Steam Cloud,Family Sharing",True,True,False,Minimum:     OS:  Windows 10    Processor:  Intel® Core™ i3 @ 3.2 GHZ    Memory:  4 GB RAM    Graphics:  Graphics card with DX9    DirectX:  Version 9.0    Storage:  256 MB available space,Mister Morris Games,Mister Morris Games,0.9693,False,True,False,True,1.0,2024.0,2.1,Modern,4.0,
504230,1174,"2,000,000 .. 5,000,000",117545,3057,Celeste,game,False,579.0,579.0,0,2018-01-25,"English, French, Italian, German, Spanish - Spain, Japanese, Portuguese - Brazil, Russian, Simplified Chinese",88.0,"Action,Adventure,Indie","Single-player,Steam Achievements,Full controller support,Steam Trading Cards,Steam Cloud,Remote Play on Phone,Remote Play on Tablet,Remote Play on TV,Family Sharing",True,True,True,Minimum:     OS *:  Windows 7 or newer    Processor:  Intel Core i3 M380    Memory:  2 GB RAM    Graphics:  Intel HD 4000    DirectX:  Version 10    Storage:  1200 MB available space,"Maddy Makes Games Inc.,Extremely OK Games, Ltd.",Maddy Makes Games Inc.,0.9747,False,True,False,True,2.63,2018.0,8.4,Established,2.0,
1237970,1173,"5,000,000 .. 10,000,000",244524,11664,Titanfall® 2,game,False,195.0,1300.0,85,2020-06-18,"English<strong>*</strong>, French<strong>*</strong>, Italian<strong>*</strong>, German<strong>*</strong>, Spanish - Spain<strong>*</strong>, Polish<strong>*</strong>, Portuguese - Portugal<strong>*</strong>, Russian<strong>*</strong>, Spanish - Latin America<strong>*</strong>, Traditional Chinese<strong>*</strong><br><strong>*</strong>languages with full audio support",86.0,Action,"Single-player,Multi-player,PvP,Online PvP,Steam Achievements,Full controller support,Steam Trading Cards,Remote Play on Phone,Remote Play on Tablet,Remote Play on TV",True,False,False,Minimum:    Requires a 64-bit processor and operating system    OS *:  Win 7/8/8.1/10 64bit    Processor:  Intel Core i3-6300t or equivalent [4 or more hardware threads]    Memory:  8 GB RAM    Graphics:  NVIDIA Geforce GTX 660 2GB or AMD Radeon HD 7850 2GB    DirectX:  Version 11    Storage:  45 GB available space,Respawn Entertainment,Electronic Arts,0.9545,True,False,True,True,0.89,2020.0,6.0,Established,8.0,45.0
311690,1165,"2,000,000 .. 5,000,000",81669,3893,Enter the Gungeon,game,False,91.0,455.0,80,2016-04-05,"English, French, Italian, German, Spanish - Spain, Japanese, Korean, Polish, Portuguese - Brazil, Russian, Simplified Chinese",84.0,"Action,Adventure,Indie","Single-player,Multi-player,Shared/Split Screen,Steam Achievements,Full controller support,Steam Cloud,Remote Play on Phone,Remote Play on Tablet,Remote Play on TV,Remote Play Together,Family Sharing",True,False,True,Minimum:     OS *:  Windows 7 or later    Processor:  Intel Core 2 Duo E6320 (2*1866) or equivalent    Memory:  2 GB RAM    Graphics:  GeForce 7600 GS (512 MB) or equivalent    Storage:  2 GB available space,Dodge Roll,Devolver Digital,0.9545,False,True,True,True,0.41,2016.0,10.2,Classic,2.0,2.0
466560,1164,"2,000,000 .. 5,000,000",55844,8851,Northgard: Definitive Edition,game,False,1030.0,1030.0,0,2018-03-07,"English<strong>*</strong>, French, German, Russian, Simplified Chinese, Portuguese - Brazil, Polish, Spanish - Spain, Turkish, Italian, Korean<br><strong>*</strong>languages with full audio support",81.0,"Adventure,Indie,Simulation,Strategy","Single-player,Multi-player,PvP,Online PvP,Co-op,Online Co-op,Steam Achievements,Steam Trading Cards,Steam Workshop,Steam Workshop,Steam Cloud,Includes level editor,Family Sharing",True,True,True,Minimum:     OS *:  Windows Vista or better: 64 bits required    Processor:  Intel 2.0ghz Core 2 Duo or equivalent    Memory:  1 GB RAM    Graphics:  Nvidia 450 GTS / Radeon HD 5750 or better    DirectX:  Version 10    Storage:  1 GB available space    Additional Notes:  Minimum display resolution: 1366x768,Shiro Games,Shiro Games,0.8632,False,True,True,True,4.68,2018.0,8.3,Established,1.0,1.0
2276930,1163,"200,000 .. 500,000",6474,498,Chillquarium,game,False,189.0,189.0,0,2023-09-06,"English<strong>*</strong>, French<strong>*</strong>, Italian<strong>*</strong>, German<strong>*</strong>, Japanese<strong>*</strong>, Korean<strong>*</strong>, Portuguese - Brazil<strong>*</strong>, Russian<strong>*</strong>, Simplified Chinese<strong>*</strong>, Spanish - Latin America<strong>*</strong>, Traditional Chinese<strong>*</strong><br><strong>*</strong>languages with full audio support",,"Casual,Simulation","Single-player,Steam Achievements,Steam Cloud,Stats,Family Sharing",True,True,False,Minimum:    Requires a 64-bit processor and operating system    OS:  Windows 10    Processor:  2.4 GHz Dual Core    Memory:  2 GB RAM    Storage:  100 MB available space,Ben Reber,Ben Reber,0.9286,True,False,False,True,0.86,2023.0,2.8,Modern,2.0,
2336220,1161,"500,000 .. 1,000,000",3922,9286,Feed the Cups,game,False,388.0,485.0,20,2024-02-20,"English, Simplified Chinese, Japanese",,"Casual,Indie,Simulation,Early Access","Single-player,Multi-player,Co-op,Online Co-op,Shared/Split Screen Co-op,Shared/Split Screen,Steam Achievements,Full controller support,Steam Cloud,Remote Play Together,Family Sharing",True,True,False,"Minimum:     OS *:  Windows 7+    Processor:  2 Ghz    Memory:  4 GB RAM    Graphics:  128MB, OpenGL 3+    Storage:  1 GB available space    Additional Notes:  Gamepads Recommended",Vambear Games,IndieArk,0.2969,False,True,True,True,1.76,2024.0,2.3,Modern,4.0,1.0
466170,1157,"200,000 .. 500,000",1638,278,Idling to Rule the Gods,game,True,0.0,0.0,0,2016-05-27,English,,"Casual,Indie,Simulation,Strategy,Free To Play","Single-player,Steam Achievements,Steam Trading Cards,In-App Purchases,Steam Leaderboards,Family Sharing",True,True,True,Minimum:     OS:  Windows 10 or later    Processor:  Intel Dual-Core 1.6GHz or faster processor    Memory:  1 GB RAM    Graphics:  Graphic card with DX10 (Shader-Model 4.0) abilities    DirectX:  Version 10    Storage:  150 MB available space,Shugasu GmbH,Shugasu GmbH,0.8549,False,True,False,True,0.0,2016.0,10.1,Classic,1.0,
22330,1156,"2,000,000 .. 5,000,000",48307,2354,The Elder Scrolls IV: Oblivion® Game of the Year Edition (2009),game,False,429.0,429.0,0,2009-06-16,"English<strong>*</strong>, French<strong>*</strong>, Italian, German<strong>*</strong>, Spanish - Spain<br><strong>*</strong>languages with full audio support",94.0,RPG,"Single-player,Steam Cloud,Family Sharing",True,False,False,"OS *:  Windows XP, Windows 2000, Windows XP 64-Bit 					   Processor:  2 Ghz Intel Pentium 4 or equivalent 					   Memory:  512 MB 					   Graphics:  128 MB Direct3D compatible video card and DirectX 9.0 compatible driver 					   DirectX®:  DirectX 9.0c 					   Hard Drive:  4.6 GB  					   Sound:  DirectX 8.1 compatible",Bethesda Game Studios,Bethesda Softworks,0.9535,False,False,False,True,1.95,2009.0,17.0,Classic,,
2567870,1154,"2,000,000 .. 5,000,000",48180,4958,Chained Together,game,False,159.0,159.0,0,2024-06-19,English<strong>*</strong><br><strong>*</strong>languages with full audio support,,"Adventure,Casual,Indie,Simulation","Single-player,Multi-player,Co-op,Online Co-op,Shared/Split Screen Co-op,Shared/Split Screen,Partial Controller Support,Remote Play Together,Family Sharing",True,False,False,Minimum:    Requires a 64-bit processor and operating system    OS *:  Windows 8/10/11 (64-Bit)    Processor:  Intel Core i5-6600@ 3.1 GHz or AMD R5 1600X @ 3.5 GHz or equivalent    Memory:  8 GB RAM    Graphics:  NVIDIA GeForce GTX 1650 or equivalent    Storage:  8 GB available space    Additional Notes:  A high-speed internet connection and a good connection between players are required to play online,Anegar Games,Secret Mode,0.9067,False,True,True,True,0.72,2024.0,2.0,Recent,8.0,8.0
1238860,1153,"1,000,000 .. 2,000,000",60650,10498,Battlefield 4™,game,False,85.0,1700.0,95,2020-06-11,"English<strong>*</strong>, French<strong>*</strong>, Italian<strong>*</strong>, German<strong>*</strong>, Spanish - Spain<strong>*</strong>, Czech, Korean, Polish<strong>*</strong>, Portuguese - Brazil<strong>*</strong>, Russian<strong>*</strong>, Traditional Chinese, Japanese<strong>*</strong><br><strong>*</strong>languages with full audio support",,Action,"Single-player,Multi-player,PvP,Online PvP,Steam Achievements,Full controller support,Steam Trading Cards,HDR available",True,False,False,Minimum:     OS *:  Windows 8 32-bit    Processor:  Processor (AMD): Athlon X2 2.8 GHz Processor (Intel): Core 2 Duo 2.4 GHz    Memory:  4 GB RAM    Graphics:  Graphics card (AMD): AMD Radeon HD 3870 Graphics card (NVIDIA): Nvidia GeForce 8800 GT    Network:  Broadband Internet connection    Storage:  30 GB available space,DICE,Electronic Arts,0.8524,False,False,True,True,0.39,2020.0,6.0,Established,4.0,30.0
1971870,1149,"500,000 .. 1,000,000",25879,11246,Mortal Kombat 1,game,False,319.0,1599.0,80,2023-09-19,"English<strong>*</strong>, French<strong>*</strong>, Italian<strong>*</strong>, German<strong>*</strong>, Spanish - Spain<strong>*</strong>, Arabic, Polish, Portuguese - Brazil<strong>*</strong>, Russian, Simplified Chinese, Spanish - Latin America<strong>*</strong>, Traditional Chinese, Korean<br><strong>*</strong>languages with full audio support",82.0,Action,"Single-player,Multi-player,PvP,Online PvP,Shared/Split Screen PvP,Shared/Split Screen,Cross-Platform Multiplayer,Steam Achievements,Full controller support,Steam Trading Cards,In-App Purchases,Chat Speech-to-text,Chat Text-to-speech,Custom Volume Controls,Keyboard Only Option,Narrated Game Menus,Stereo Sound,Subtitle Options,Surround Sound,Steam Cloud,Remote Play on TV,Remote Play Together,HDR available,Family Sharing",True,False,False,"Minimum:    Requires a 64-bit processor and operating system    OS:  Windows 10 64-bit    Processor:  Intel® Core™ i5-6600 | AMD Ryzen™ 3 3100 or Ryzen™ 5 2600    Memory:  8 GB RAM    Graphics:  Nvidia GeForce® GTX 1660 or AMD Radeon™ RX 590 or Intel® Arc™ A750    DirectX:  Version 12    Storage:  140 GB available space    Additional Notes:  SSD (Preferred for full online cross-play capabilities), HDD (Supported), 1080p/Low","NetherRealm Studios,QLOC",Warner Bros. Games,0.6971,True,False,True,True,1.45,2023.0,2.8,Modern,8.0,140.0
719890,1143,"200,000 .. 500,000",6192,2531,Beasts of Bermuda,game,False,429.0,429.0,0,2018-12-21,"English, German, Russian, French, Spanish - Spain, Finnish, Hungarian, Portuguese - Brazil, Simplified Chinese, Ukrainian, Swedish, Danish, Turkish, Romanian, Spanish - Latin America, Bulgarian, Dutch, Norwegian, Polish, Traditional Chinese, Afrikaans",,"Adventure,Indie,Massively Multiplayer,Simulation,Early Access","Multi-player,PvP,Online PvP,Full controller support,Family Sharing",True,False,False,"Minimum:    Requires a 64-bit processor and operating system    OS *:  Windows 8 or later, 64 bit only    Processor:  AMD X8 FX-8350 @ 4GHz / AMD Ryzen 3 1200 @ 3.1GHz / Intel Core i5-3470 @ 3.2GHz    Memory:  8 GB RAM    Graphics:  AMD Radeon RX 5300 / Nvidia GeForce GTX 680 / Nvidia GeForce GTX 770 / Nvidia GeForce GTX 960    DirectX:  Version 12    Network:  Broadband Internet connection    Storage:  20 GB available space","Sastrei Studios, LLC","Sastrei Studios, LLC",0.7098,True,True,True,False,1.95,2018.0,7.5,Established,8.0,20.0
628070,1130,"100,000 .. 200,000",3320,274,Romance of the Three Kingdoms XI with Power Up Kit,game,False,799.0,799.0,0,2018-01-16,"Japanese<strong>*</strong>, Traditional Chinese<strong>*</strong><br><strong>*</strong>languages with full audio support",,Strategy,"Single-player,Steam Cloud,Family Sharing",True,False,False,"Minimum:     OS:  Windows® 10(*Japanese Ver. &amp; Traditional Chinese Ver. only)    Processor:  Pentium III 1GHz over    Memory:  2 GB RAM    Graphics:  1024x768 pixel over    DirectX:  Version 9.0c    Storage:  2 GB available space    Sound Card:  16 bit stereo, 48KHz WAVE file can be played    Additional Notes:","KOEI TECMO GAMES CO., LTD.","KOEI TECMO GAMES CO., LTD.",0.9238,False,False,False,True,3.63,2018.0,8.4,Established,2.0,2.0
2495100,1129,"100,000 .. 200,000",5359,332,Hello Kitty Island Adventure,game,False,1150.0,1150.0,0,2025-01-30,"English, French, Italian, German, Spanish - Spain, Arabic, Dutch, Japanese, Korean, Portuguese - Brazil, Russian, Simplified Chinese, Traditional Chinese, Turkish",,"Action,Adventure,Casual,Indie,RPG,Simulation","Single-player,Multi-player,Co-op,Online Co-op,Steam Achievements,Full controller support,Steam Cloud,Family Sharing",True,False,False,"Minimum:    Requires a 64-bit processor and operating system    OS:  Windows 10    Processor:  Intel Core i5-4360U or equivalent    Memory:  6 GB RAM    Graphics:  NVIDIA GeForce 650, 1GB AMD Radeon HD 7750, 1 GB    DirectX:  Version 11    Storage:  5 GB available space",Sunblink,Sunblink,0.9417,False,True,True,True,5.23,2025.0,1.4,Recent,6.0,5.0
883710,1123,"5,000,000 .. 10,000,000",167647,5210,Resident Evil 2,game,False,1190.0,1190.0,0,2019-01-24,"English<strong>*</strong>, French<strong>*</strong>, Italian<strong>*</strong>, German<strong>*</strong>, Spanish - Spain<strong>*</strong>, Polish, Russian, Simplified Chinese<strong>*</strong>, Traditional Chinese, Japanese<strong>*</strong>, Korean, Portuguese - Brazil, Arabic, Thai, Spanish - Latin America<br><strong>*</strong>languages with full audio support",89.0,Action,"Single-player,Steam Achievements,Full controller support,Steam Trading Cards,Steam Cloud,Remote Play on Tablet,Remote Play on TV,HDR available,Family Sharing",True,False,False,"Minimum:    Requires a 64-bit processor and operating system    OS:  WINDOWS® 10 (64-BIT Required)    Processor:  Intel® Core™ i5-4460 or AMD FX™-6300 or better    Memory:  8 GB RAM    Graphics:  NVIDIA® GeForce® GTX 960 or AMD Radeon™ RX 460    DirectX:  Version 12    Storage:  26 GB available space    Additional Notes:  This game is expected to run at 1080p/30 FPS. If you have don't have enough graphics memory to run the game at your selected texture quality, you must go to Options &gt; Graphics and lower the texture quality or shadow quality, or decrease the resolution. An internet connection is required for product activation. (Network connectivity uses Steam® developed by Valve® Corporation.)","CAPCOM Co., Ltd.","CAPCOM Co., Ltd.",0.9699,True,False,False,True,5.41,2019.0,7.4,Established,8.0,26.0
1263850,1122,"2,000,000 .. 5,000,000",22342,1558,Football Manager 2021,game,False,0.0,0.0,0,2020-11-24,"English, Italian, Spanish - Spain, French, German, Danish, Dutch, Greek, Korean, Norwegian, Polish, Portuguese - Portugal, Russian, Simplified Chinese, Swedish, Traditional Chinese, Turkish",,"Simulation,Sports","Single-player,Multi-player,Steam Achievements,Steam Cloud,Family Sharing",True,True,False,"Minimum:    Requires a 64-bit processor and operating system    OS *:  Windows 7 (SP1), 8/8.1, 10 (Update 1903/May 2019 or later) – 64-bit    Processor:  Intel Core 2 or AMD Athlon 64 – 1.8 GHz +    Memory:  4 GB RAM    Graphics:  Intel GMA X4500, NVIDIA GeForce 9600M GT or AMD/ATI Mobility Radeon HD 3650 – 256MB VRAM    DirectX:  Version 11    Storage:  7 GB available space",Sports Interactive,SEGA,0.9348,False,False,True,True,0.0,2020.0,5.6,Established,4.0,7.0
453480,1122,"2,000,000 .. 5,000,000",10839,3875,Shadowverse CCG,game,True,0.0,0.0,0,2016-10-27,"English<strong>*</strong>, Japanese<strong>*</strong>, Traditional Chinese, French, Italian, German, Korean<strong>*</strong>, Spanish - Spain, Simplified Chinese<br><strong>*</strong>languages with full audio support",,"Strategy,Free To Play","Single-player,Multi-player,PvP,Online PvP,Cross-Platform Multiplayer,In-App Purchases,Family Sharing",True,True,False,Minimum:     OS:  Windows 10 (64-bit)    Processor:  Intel Core i3-6100 / AMD Ryzen 3 2200G    Memory:  8 GB RAM    Graphics:  NVIDIA GeForce GT1030 / AMD Radeon RX 550    DirectX:  Version 11    Storage:  15.5 GB available space    Additional Notes:  Resolution: 1024×768,"Cygames, Inc.","Cygames, Inc.,Cygames Korea Inc.",0.7366,False,False,True,True,0.0,2016.0,9.6,Established,8.0,5.0
2445690,1121,"200,000 .. 500,000",6425,1865,Lost Castle 2,game,False,378.0,540.0,30,2026-06-10,"English<strong>*</strong>, Simplified Chinese<strong>*</strong>, Traditional Chinese, French, German, Russian, Japanese, Korean<br><strong>*</strong>languages with full audio support",,"Action,Adventure,Indie,RPG","Single-player,Multi-player,Co-op,Online Co-op,LAN Co-op,Shared/Split Screen Co-op,Shared/Split Screen,Steam Achievements,Partial Controller Support,Steam Cloud,Stats,Remote Play Together,Family Sharing",True,False,False,Minimum:     OS:  Windows 10/11    Processor:  Dual Core 2 GHz    Memory:  4 GB RAM    Graphics:  Intel HD 530 (AMD or NVIDIA equivalent)    DirectX:  Version 11    Network:  Broadband Internet connection    Storage:  4 GB available space,Hunter Studio,Hunter Studio,0.775,False,True,True,True,1.72,2026.0,0.0,,4.0,4.0
1477830,1120,"500,000 .. 1,000,000",4141,536,HudSight - crosshair overlay,game,False,249.0,249.0,0,2021-01-05,"English<strong>*</strong>, Russian<strong>*</strong>, Simplified Chinese<strong>*</strong>, French<strong>*</strong>, Italian<strong>*</strong>, German<strong>*</strong>, Bulgarian<strong>*</strong>, Japanese<strong>*</strong>, Korean<strong>*</strong>, Portuguese - Brazil<strong>*</strong>, Swedish<strong>*</strong>, Thai<strong>*</strong>, Turkish<strong>*</strong><br><strong>*</strong>languages with full audio support",,"Action,Education,Software Training,Utilities,Video Production","Steam Achievements,Steam Workshop",True,False,False,Minimum:     OS:  Windows 10    Memory:  1 GB RAM    Graphics:  Intel/AMD/NVidia graphics card    DirectX:  Version 11    Storage:  12 MB available space,Eduard Kozadaev,Eduard Kozadaev,0.8854,False,False,False,False,1.13,2021.0,5.5,Established,1.0,
1919590,1118,"1,000,000 .. 2,000,000",31908,19567,NBA 2K23,game,False,0.0,0.0,0,2022-09-08,"English<strong>*</strong>, French, Italian, German, Spanish - Spain, Japanese, Korean, Simplified Chinese, Traditional Chinese<br><strong>*</strong>languages with full audio support",,"Simulation,Sports","Single-player,Multi-player,PvP,Online PvP,Shared/Split Screen PvP,Co-op,Online Co-op,Shared/Split Screen Co-op,Shared/Split Screen,Steam Achievements,Full controller support,In-App Purchases,Steam Cloud,Remote Play Together,Family Sharing",True,False,False,"Minimum:    Requires a 64-bit processor and operating system    OS *:  Windows 7 64-bit, Windows 8.1 64-bit or Windows 10 64-bit    Processor:  Intel® Core™ i3-2100 @  3.10 GHz/ AMD FX-4100 @ 3.60 GHz or better    Memory:  4 GB RAM    Graphics:  NVIDIA® GeForce® GT 450 1GB/ ATI® Radeon™ HD 7770 1 GB or better    DirectX:  Version 11    Network:  Broadband Internet connection    Storage:  110 GB available space    Sound Card:  Directx 9.0x    Additional Notes:  Dual-analog Gamepad recommended. Initial installation requires one-time internet connection for Steam authentication; software installations required (included with the game) include DirectX and Visual C++ Redistributable 2012. In order to play NBA 2K23 on PC, you need a processor capable of supporting SSE 4.2 and AVX.",Visual Concepts,2K,0.6199,False,False,True,True,0.0,2022.0,3.8,Modern,4.0,110.0
346900,1109,"5,000,000 .. 10,000,000",51968,7198,AdVenture Capitalist,game,True,0.0,0.0,0,2015-03-30,English,,"Casual,Indie,Free To Play","Single-player,Steam Achievements,Steam Trading Cards,Steam Cloud,Family Sharing",True,True,True,Minimum:     OS *:  Windows XP    Memory:  512 MB RAM    DirectX:  Version 9.0    Storage:  60 MB available space,Hyper Hippo Games,Hyper Hippo Games,0.8783,False,True,False,True,0.0,2015.0,11.2,Classic,,
3454590,1100,"50,000 .. 100,000",1023,28,Cornerpond,game,False,95.0,95.0,0,2025-04-21,English,,"Casual,Indie,Simulation","Single-player,Steam Achievements,Steam Cloud,Family Sharing",True,False,False,Minimum:    Requires a 64-bit processor and operating system    OS *:  Windows 7 64bit    Processor:  2 GHz    Memory:  2 GB RAM    Graphics:  OpenGL 3.3 compatible    Storage:  200 MB available space,foolsroom,foolsroom,0.9734,False,True,False,True,0.43,2025.0,1.2,Recent,2.0,
2273430,1099,"500,000 .. 1,000,000",28794,1496,BlazBlue Entropy Effect,game,False,595.0,595.0,0,2024-02-14,"Simplified Chinese<strong>*</strong>, English<strong>*</strong>, Japanese<strong>*</strong>, Traditional Chinese<strong>*</strong>, French, German, Spanish - Spain, Portuguese - Brazil, Russian, Korean<br><strong>*</strong>languages with full audio support",83.0,"Action,Adventure,Indie","Single-player,Multi-player,Co-op,Online Co-op,LAN Co-op,Shared/Split Screen Co-op,Shared/Split Screen,Steam Achievements,Full controller support,Steam Cloud,Family Sharing",True,True,False,Minimum:    Requires a 64-bit processor and operating system    OS:  Windows 10    Processor:  Intel Core i3    Memory:  8 GB RAM    Graphics:  Nvidia GeForce GTX 950    DirectX:  Version 11    Storage:  18 GB available space    Additional Notes:  Recommended display resolution: 1280 x 720; SSD,91Act,"91Act,Astrolabe Games",0.9506,False,True,True,True,2.7,2024.0,2.3,Modern,8.0,18.0
880940,1096,"2,000,000 .. 5,000,000",47800,6014,Pummel Party,game,False,455.0,455.0,0,2018-09-20,"English<strong>*</strong>, French<strong>*</strong>, Italian<strong>*</strong>, German<strong>*</strong>, Spanish - Spain<strong>*</strong>, Japanese<strong>*</strong>, Korean<strong>*</strong>, Russian<strong>*</strong>, Simplified Chinese<strong>*</strong>, Traditional Chinese<strong>*</strong>, Portuguese - Brazil<strong>*</strong><br><strong>*</strong>languages with full audio support",,"Action,Casual,Indie","Single-player,Multi-player,PvP,Online PvP,Shared/Split Screen PvP,Shared/Split Screen,Steam Achievements,Full controller support,Steam Workshop,Includes level editor,Remote Play on Phone,Remote Play on Tablet,Remote Play on TV,Remote Play Together,Family Sharing",True,False,False,Minimum:     OS *:  Windows 7    Processor:  Dual Core 2.4Ghz    Memory:  3 GB RAM    Graphics:  GeForce 8800 GT / AMD HD 6850 / Intel HD Graphics 4400 or above    DirectX:  Version 11    Network:  Broadband Internet connection    Storage:  1 GB available space,Rebuilt Games,Rebuilt Games,0.8882,False,True,True,True,2.07,2018.0,7.8,Established,3.0,1.0
365360,1091,"1,000,000 .. 2,000,000",21455,2874,Battle Brothers,game,False,699.0,699.0,0,2017-03-24,English,80.0,"RPG,Simulation,Strategy","Single-player,Steam Achievements,Steam Trading Cards,Steam Cloud,Remote Play on Tablet,Family Sharing",True,False,False,Minimum:     OS:  Windows® 10 (64-bit)    Processor:  Intel® Core™ i3-2100 (dual-core) / AMD® Phenom™ II X2 565 (dual-core)    Memory:  2 GB RAM    Graphics:  NVIDIA® GeForce® GTX 460 (1 GB) / AMD® Radeon™ HD 5770 (1 GB) / Intel® HD Graphics 4000    Storage:  2 GB available space    Additional Notes:  GPU requires OpenGL 3.3 support,Overhype Studios,"Hooded Horse,Overhype Studios",0.8819,False,False,False,True,3.18,2017.0,9.2,Established,2.0,2.0
1041320,1080,"500,000 .. 1,000,000",3761,1856,Lords Mobile: Kingdom Wars,game,True,0.0,0.0,0,2019-06-02,"English, French, Italian, German, Spanish - Spain, Ukrainian, Russian, Turkish, Japanese, Polish, Thai, Simplified Chinese, Traditional Chinese, Portuguese - Portugal, Vietnamese, Arabic, Korean, Spanish - Latin America",,"Massively Multiplayer,RPG,Strategy,Free To Play","Multi-player,MMO,PvP,Online PvP,Cross-Platform Multiplayer,In-App Purchases,Remote Play on Phone,Remote Play on Tablet,Family Sharing",True,False,False,Minimum:    Requires a 64-bit processor and operating system    OS *:  Windows 7 SP1    Processor:  Intel Core i3 equivalent    Memory:  2048 MB RAM    Graphics:  128MB Video Card (DirectX 10 capabilities)    DirectX:  Version 10    Storage:  1024 MB available space    Additional Notes:  Internet connection required,IGG SINGAPORE PTE. LTD.,IGG SINGAPORE PTE. LTD.,0.6696,True,False,True,False,0.0,2019.0,7.1,Established,,
2418520,1080,"50,000 .. 100,000",3437,273,Farm Together 2,game,False,767.0,767.0,0,2025-05-30,"English, Spanish - Spain, Russian, French, German, Simplified Chinese, Korean, Dutch, Japanese, Portuguese - Brazil, Portuguese - Portugal, Italian, Danish, Croatian, Hungarian, Czech, Polish, Thai, Turkish, Vietnamese, Ukrainian, Arabic, Traditional Chinese, Catalan",,"Casual,Indie,Simulation","Single-player,Multi-player,Co-op,Online Co-op,Shared/Split Screen Co-op,Shared/Split Screen,Cross-Platform Multiplayer,Steam Achievements,Full controller support,Steam Trading Cards,Adjustable Text Size,Camera Comfort,Color Alternatives,Custom Volume Controls,Playable without Timed Input,Save Anytime,Stereo Sound,Surround Sound,Steam Cloud,Remote Play on TV,Remote Play Together,Family Sharing",True,True,False,Minimum:    Requires a 64-bit processor and operating system    OS *:  Windows 7 64bit or newer    Processor:  Dual Core processor    Memory:  4 GB RAM    Graphics:  DirectX 11 capable hardware    DirectX:  Version 11    Storage:  2 GB available space,Milkstone Studios,Milkstone Studios,0.9264,False,True,True,True,3.49,2025.0,1.1,Recent,4.0,2.0
9900,1057,"2,000,000 .. 5,000,000",15939,4206,Star Trek Online,game,True,0.0,0.0,0,2012-01-31,"English<strong>*</strong>, German<br><strong>*</strong>languages with full audio support",66.0,"Massively Multiplayer,RPG,Free To Play","Multi-player,MMO,Co-op,Full controller support,In-App Purchases",True,False,False,"Minimum   OS:  Windows® 10/11 (64-bit)  Processor:  Core 2 Duo 2.2Ghz (or equivalent AMD CPU)  Memory:  4GB RAM  Graphics:  NVidia GeForce GTX 4xx, ATI/AMD Radeon HD 5xxx, or Intel HD Graphics 4xxx (Direct3D Hardware Feature Level 11)  DirectX:  Version 11.0  Network:  Broadband Internet Connection  Storage:  21GB  Audio:  DirectX 11 compatible sound chip or onboard audio capability with the latest sound drivers",Cryptic Studios,Arc Games,0.7912,False,False,True,False,0.0,2012.0,14.4,Classic,4.0,
1940340,1054,"1,000,000 .. 2,000,000",16355,5184,Darkest Dungeon® II,game,False,1159.0,1159.0,0,2023-05-08,"English<strong>*</strong>, French, Italian, German, Czech, Polish, Portuguese - Brazil, Russian, Spanish - Latin America, Japanese, Korean, Simplified Chinese, Ukrainian, Spanish - Spain, Traditional Chinese<br><strong>*</strong>languages with full audio support",81.0,"Indie,RPG,Strategy","Single-player,Steam Achievements,Full controller support,Steam Trading Cards,Steam Workshop,Steam Cloud,Family Sharing",True,True,False,Minimum:    Requires a 64-bit processor and operating system    OS:  Windows 10    Processor:  AMD Athlon X4 | Intel Core i5 4460    Memory:  8 GB RAM    Graphics:  Nvidia GTX 950 | AMD R7 370    Storage:  6 GB available space,Red Hook Studios,Red Hook Studios,0.7593,True,True,False,True,5.27,2023.0,3.1,Modern,8.0,6.0
436150,1053,"2,000,000 .. 5,000,000",10541,4800,Governor of Poker 3,game,True,0.0,0.0,0,2016-02-19,"English, French, Italian, German, Spanish - Spain, Portuguese - Brazil, Russian, Turkish, Dutch, Polish, Arabic, Portuguese - Portugal, Simplified Chinese, Spanish - Latin America, Norwegian, Romanian, Swedish, Thai, Traditional Chinese, Indonesian, Malay, Japanese, Hebrew",,"Casual,Massively Multiplayer,Simulation,Free To Play","Multi-player,MMO,PvP,Online PvP,Co-op,Online Co-op,Cross-Platform Multiplayer,Steam Achievements,In-App Purchases,Family Sharing",True,True,False,Minimum:    Requires a 64-bit processor and operating system    OS *:  Windows 7 SP1 (64-bit)    Processor:  2.0 GHz    Memory:  1 GB RAM    Graphics:  Reasonable    Network:  Broadband Internet connection    Storage:  500 MB available space,Playtika Ltd.,Playtika Ltd.,0.6871,True,False,True,False,0.0,2016.0,10.3,Classic,1.0,
1343370,1050,"1,000,000 .. 2,000,000",15244,3091,Old School RuneScape,game,True,0.0,0.0,0,2021-02-24,English,,"Adventure,Massively Multiplayer,RPG,Free To Play","Multi-player,MMO,Cross-Platform Multiplayer,Steam Achievements,Steam Trading Cards,In-App Purchases,Family Sharing",True,True,False,Minimum:    Requires a 64-bit processor and operating system    OS:  Windows 10 or later    Processor:      Graphics:      Network:  Broadband Internet connection    Additional Notes:,Jagex Ltd,Jagex Ltd,0.8314,False,False,True,False,0.0,2021.0,5.3,Established,,
1840,1047,"1,000,000 .. 2,000,000",37791,2868,Source Filmmaker,game,True,0.0,0.0,0,2012-07-10,English,,"Animation & Modeling,Video Production",Steam Workshop,True,False,False,"Minimum:     OS *:  Windows 7 / Vista (Windows 7 64 bit suggested) 	   Processor:  3.0 GHz P4, Dual Core 2.0 (or higher) or AMD64X2 (or higher) 	   Memory:  2GB (4 GB suggested) 	   Graphics:  NVIDIA GeForce 200 series card or better, or AMD Radeon 3000 series or better (NVIDIA GeForce 400 series or AMD Radeon 5000 series preferred) 	   Monitor:  1366 x 768 (1920 x 1080 suggested) 	   Hard Drive:  At least 15 GB of Space 	   Sound:  DirectX 9.0c compatible USB headset with mic (suggested)",Valve,Valve,0.9295,False,False,False,False,0.0,2012.0,14.0,Classic,,
516750,1044,"1,000,000 .. 2,000,000",86445,4949,My Summer Car,game,False,378.0,378.0,0,2025-01-08,English,,"Indie,Racing,Simulation","Single-player,Steam Achievements,Steam Trading Cards,Partial Controller Support,Steam Cloud,Family Sharing",True,False,False,"Minimum:    Requires a 64-bit processor and operating system    OS *:  64bit versions of Windows 7, Windows 8, Windows 10    Processor:  +3 GHZ dual core processor    Memory:  6 GB RAM    Graphics:  Nvidia GTX 960 or AMD equivalent    DirectX:  Version 9.0    Storage:  1 GB available space    Sound Card:  DirectX Compatible Soundcard    Additional Notes:  High CPU single core performance required",Amistech Games,Amistech Games,0.9458,False,True,False,True,1.72,2025.0,1.4,Recent,6.0,1.0
3116890,1044,"0 .. 20,000",227,63,Out of the Park Baseball 26,game,False,1450.0,1450.0,0,2025-03-14,"English<strong>*</strong>, Korean<strong>*</strong><br><strong>*</strong>languages with full audio support",,"Indie,Simulation,Sports,Strategy","Single-player,Multi-player,MMO,PvP,Online PvP,Cross-Platform Multiplayer,Steam Achievements,Steam Trading Cards,Steam Workshop,In-App Purchases,Family Sharing",True,True,False,"Minimum:    Requires a 64-bit processor and operating system    OS:  Win8.x/Win10/Win11    Processor:  Intel or AMD, 64 bit    Memory:  2 GB RAM    Graphics:  OpenGL 3.1 or newer, min. 512 MB GPU memory    Storage:  3 GB available space",Out of the Park Developments,Out of the Park Developments,0.7828,False,True,True,True,6.59,2025.0,1.3,Recent,2.0,3.0
3116890,1044,"0 .. 20,000",227,63,Out of the Park Baseball 26,game,False,1450.0,1450.0,0,2025-03-14,"English<strong>*</strong>, Korean<strong>*</strong><br><strong>*</strong>languages with full audio support",,"Indie,Simulation,Sports,Strategy","Single-player,Multi-player,MMO,PvP,Online PvP,Cross-Platform Multiplayer,Steam Achievements,Steam Trading Cards,Steam Workshop,In-App Purchases,Family Sharing",True,True,False,"Minimum:    Requires a 64-bit processor and operating system    OS:  Win8.x/Win10/Win11    Processor:  Intel or AMD, 64 bit    Memory:  2 GB RAM    Graphics:  OpenGL 3.1 or newer, min. 512 MB GPU memory    Storage:  3 GB available space",Out of the Park Developments,Out of the Park Developments,0.7828,False,True,True,True,6.59,2025.0,1.3,Recent,2.0,3.0
3116890,1044,"0 .. 20,000",227,63,Out of the Park Baseball 26,game,False,1450.0,1450.0,0,2025-03-14,"English<strong>*</strong>, Korean<strong>*</strong><br><strong>*</strong>languages with full audio support",,"Indie,Simulation,Sports,Strategy","Single-player,Multi-player,MMO,PvP,Online PvP,Cross-Platform Multiplayer,Steam Achievements,Steam Trading Cards,Steam Workshop,In-App Purchases,Family Sharing",True,True,False,"Minimum:    Requires a 64-bit processor and operating system    OS:  Win8.x/Win10/Win11    Processor:  Intel or AMD, 64 bit    Memory:  2 GB RAM    Graphics:  OpenGL 3.1 or newer, min. 512 MB GPU memory    Storage:  3 GB available space",Out of the Park Developments,Out of the Park Developments,0.7828,False,True,True,True,6.59,2025.0,1.3,Recent,2.0,3.0
3116890,1044,"0 .. 20,000",227,63,Out of the Park Baseball 26,game,False,1450.0,1450.0,0,2025-03-14,"English<strong>*</strong>, Korean<strong>*</strong><br><strong>*</strong>languages with full audio support",,"Indie,Simulation,Sports,Strategy","Single-player,Multi-player,MMO,PvP,Online PvP,Cross-Platform Multiplayer,Steam Achievements,Steam Trading Cards,Steam Workshop,In-App Purchases,Family Sharing",True,True,False,"Minimum:    Requires a 64-bit processor and operating system    OS:  Win8.x/Win10/Win11    Processor:  Intel or AMD, 64 bit    Memory:  2 GB RAM    Graphics:  OpenGL 3.1 or newer, min. 512 MB GPU memory    Storage:  3 GB available space",Out of the Park Developments,Out of the Park Developments,0.7828,False,True,True,True,6.59,2025.0,1.3,Recent,2.0,3.0
2456740,1039,"1,000,000 .. 2,000,000",16548,4311,inZOI,game,False,1199.0,1199.0,0,2025-03-27,"Korean, English, French, Italian, German, Spanish - Spain, Russian, Japanese, Simplified Chinese, Traditional Chinese, Portuguese - Brazil, Portuguese - Portugal, Polish, Dutch, Turkish",,"Adventure,Casual,Simulation,Early Access","Single-player,Partial Controller Support,Steam Cloud,Family Sharing",True,True,False,"Minimum:    Requires a 64-bit processor and operating system    OS:  Windows 10/11    Processor:  Intel i5 10400, AMD Ryzen 5 3600    Memory:  12 GB RAM    Graphics:  NVIDIA RTX 2060 (6G VRAM), AMD Radeon RX 5600 XT (6G VRAM)    DirectX:  Version 12    Network:  Broadband Internet connection    Storage:  40 GB available space",inZOI Studio,"KRAFTON, Inc.",0.7933,False,False,False,True,5.45,2025.0,1.2,Recent,12.0,40.0
444090,1028,"10,000,000 .. 20,000,000",294373,52031,Paladins®,game,True,0.0,0.0,0,2018-05-08,"English<strong>*</strong>, French, German, Spanish - Spain, Polish, Russian, Turkish, Portuguese - Brazil, Japanese<br><strong>*</strong>languages with full audio support",83.0,"Action,Adventure,Massively Multiplayer,Strategy,Free To Play","Multi-player,PvP,Online PvP,Cross-Platform Multiplayer,Steam Achievements,Full controller support,Steam Trading Cards,In-App Purchases,Remote Play on Phone,Remote Play on Tablet,Family Sharing",True,False,False,Minimum:     OS *:  Windows 7 64-bit or newer    Processor:  Core 2 Duo 2.4 GHz or Athlon X2 2.7 GHz    Memory:  4 GB RAM    Graphics:  Nvidia GeForce 8800 GT    Storage:  30 GB available space    Sound Card:  DirectX compatible sound card,Evil Mojo Games,Hi-Rez Studios,0.8498,False,False,True,False,0.0,2018.0,8.1,Established,4.0,30.0
976310,1026,"2,000,000 .. 5,000,000",93635,12646,Mortal Kombat 11,game,False,159.0,1599.0,90,2019-04-23,"English<strong>*</strong>, French<strong>*</strong>, Italian<strong>*</strong>, German<strong>*</strong>, Spanish - Spain, Arabic, Polish, Portuguese - Brazil<strong>*</strong>, Russian, Simplified Chinese, Spanish - Latin America<strong>*</strong>, Traditional Chinese<br><strong>*</strong>languages with full audio support",82.0,Action,"Single-player,Multi-player,PvP,Online PvP,Shared/Split Screen PvP,Steam Achievements,Full controller support,Steam Trading Cards,In-App Purchases,Custom Volume Controls,Keyboard Only Option,Narrated Game Menus,Stereo Sound,Surround Sound,Steam Cloud,Remote Play on Phone,Remote Play on Tablet,Remote Play on TV,Remote Play Together,HDR available,Family Sharing",True,False,False,"Minimum:     OS *:  64-bit Windows 7 / Windows 10    Processor:  Intel Core i5-750, 2.66 GHz / AMD Phenom II X4 965, 3.4 GHz or AMD Ryzen™ 3 1200, 3.1 GHz    Memory:  8 GB RAM    Graphics:  NVIDIA® GeForce™ GTX 670 or NVIDIA® GeForce™ GTX 1050 / AMD® Radeon™ HD 7950 or AMD® Radeon™ R9 270    DirectX:  Version 11    Network:  Broadband Internet connection","NetherRealm Studios,QLOC,Shiver","Warner Bros. Games,Warner Bros. Interactive Entertainment",0.881,True,False,True,True,0.72,2019.0,7.2,Established,8.0,
404790,1024,"1,000,000 .. 2,000,000",6696,1110,Godot Engine,game,True,0.0,0.0,0,2016-02-23,"English, French, Italian, German, Spanish - Spain, Greek, Korean, Polish, Portuguese - Portugal, Portuguese - Brazil, Russian, Simplified Chinese, Thai, Turkish, Ukrainian, Czech, Dutch, Finnish, Hungarian, Norwegian, Japanese, Spanish - Latin America, Traditional Chinese, Arabic, Bulgarian, Indonesian, Romanian, Swedish, Vietnamese",,Game Development,"Partial Controller Support,Includes level editor",True,True,True,"Minimum:     OS:  Windows 10    Processor:  x86_64 CPU with SSE4.2, or x86_32 CPU with SSE2    Memory:  4 GB RAM    Graphics:  Support for OpenGL 3.3    Storage:  2 GB available space",Godot Engine,Godot Engine,0.8578,True,False,False,False,0.0,2016.0,10.3,Classic,4.0,2.0
934700,1023,"500,000 .. 1,000,000",10392,2983,Dead Island 2,game,False,1749.0,1749.0,0,2024-04-22,"English<strong>*</strong>, French, Italian, German, Spanish - Spain, Czech, Japanese, Korean, Polish, Portuguese - Brazil, Russian, Simplified Chinese, Spanish - Latin America, Traditional Chinese<br><strong>*</strong>languages with full audio support",,"Action,Adventure","Single-player,Multi-player,Co-op,Online Co-op,Steam Achievements,Full controller support,Steam Trading Cards,Adjustable Text Size,Camera Comfort,Custom Volume Controls,Adjustable Difficulty,Keyboard Only Option,Stereo Sound,Subtitle Options,Steam Cloud,Family Sharing",True,True,False,Minimum:    Requires a 64-bit processor and operating system    OS:  Windows 10    Processor:  AMD FX-9590 / Intel Core i7-7700HQ    Memory:  10 GB RAM    Graphics:  Radeon R9 390X (8192 VRAM) / GeForce GTX 1060 (6144 VRAM)    DirectX:  Version 12    Storage:  70 GB GB available space,Dambuster Studios,Deep Silver,0.777,True,False,True,True,7.95,2024.0,2.2,Modern,10.0,
1100600,1012,"5,000,000 .. 10,000,000",28341,3401,Football Manager 2020,game,False,0.0,0.0,0,2019-11-19,"English, French, Italian, German, Spanish - Spain, Danish, Dutch, Greek, Korean, Norwegian, Polish, Portuguese - Portugal, Russian, Simplified Chinese, Swedish, Traditional Chinese, Turkish",84.0,"Simulation,Sports","Single-player,Multi-player,Steam Achievements,Steam Workshop,Steam Cloud,Steam Leaderboards,Family Sharing",True,True,False,"Minimum:    Requires a 64-bit processor and operating system    OS *:  Windows 7 (SP1), 8/8.1, 10 (Update 1803/April 2018 or later) – 64-bit    Processor:  Intel Pentium 4 (64-bit), Intel Core 2 or AMD Athlon 64 – 2.2 GHz +    Memory:  2 GB RAM    Graphics:  Intel GMA X4500, NVIDIA GeForce 9600M GT or AMD/ATI Mobility Radeon HD 3650 – 256MB VRAM    DirectX:  Version 11    Storage:  7 GB available space",Sports Interactive,SEGA,0.8929,False,False,True,True,0.0,2019.0,6.6,Established,2.0,7.0
1888160,1011,"2,000,000 .. 5,000,000",70425,6617,ARMORED CORE™ VI FIRES OF RUBICON™,game,False,1899.0,1899.0,0,2023-08-24,"English<strong>*</strong>, French, Italian, German, Spanish - Spain, Japanese<strong>*</strong>, Korean, Polish, Portuguese - Brazil, Russian, Simplified Chinese, Spanish - Latin America, Traditional Chinese<br><strong>*</strong>languages with full audio support",86.0,Action,"Single-player,Multi-player,PvP,Online PvP,Steam Achievements,Steam Trading Cards,Camera Comfort,Custom Volume Controls,Playable without Timed Input,Stereo Sound,Surround Sound,Partial Controller Support,Steam Cloud,Family Sharing",True,False,False,"Minimum:    Requires a 64-bit processor and operating system    OS:  Windows 10    Processor:  Intel Core i7-4790K | Intel Core i5-8400 or AMD Ryzen 7 1800X | AMD Ryzen 5 2600    Memory:  12 GB RAM    Graphics:  NVIDIA GeForce GTX 1650, 4 GB or AMD Radeon RX 480, 4 GB    DirectX:  Version 12    Storage:  60 GB available space    Sound Card:  Windows Compatible Audio Device","FromSoftware, Inc.","FromSoftware, Inc.,Bandai Namco Entertainment Inc.",0.9141,True,False,True,True,8.63,2023.0,2.8,Modern,12.0,60.0
433850,1010,"10,000,000 .. 20,000,000",113729,90284,Z1 Battle Royale,game,True,0.0,0.0,0,2018-02-28,"English<strong>*</strong>, French, German, Spanish - Spain, Korean, Portuguese - Brazil, Russian, Simplified Chinese<br><strong>*</strong>languages with full audio support",70.0,"Action,Adventure,Free To Play,Massively Multiplayer","Multi-player,PvP,Online PvP,In-App Purchases",True,False,False,"Minimum:     OS *:  Windows 7, 8, 8.1, 10 (64 bit only)    Processor:  Intel i5 Quad-Core    Memory:  6 GB RAM    Graphics:  nVidia GeForce GTX 460 series or higher    DirectX:  Version 10    Network:  Broadband Internet connection    Storage:  20 GB available space    Sound Card:  DirectX Compatible Sound Card",Daybreak Game Company,Daybreak Game Company,0.5575,False,False,True,False,0.0,2018.0,8.3,Established,6.0,20.0
1046930,1008,"5,000,000 .. 10,000,000",74753,16141,Dota Underlords,game,True,0.0,0.0,0,2019-06-20,"English, French, Italian, German, Spanish - Spain, Bulgarian, Czech, Danish, Dutch, Finnish, Greek, Hungarian, Japanese, Korean, Norwegian, Polish, Portuguese - Portugal, Portuguese - Brazil, Romanian, Russian, Simplified Chinese, Spanish - Latin America, Swedish, Thai, Traditional Chinese, Turkish, Ukrainian, Vietnamese",,"Casual,Strategy,Free To Play","Single-player,Multi-player,PvP,Online PvP,Cross-Platform Multiplayer,Color Alternatives,Custom Volume Controls,Keyboard Only Option,Mouse Only Option,Playable without Timed Input,Stereo Sound,Surround Sound,Touch Only Option,Partial Controller Support,Steam Cloud,Remote Play on Phone,Remote Play on Tablet",True,True,True,"Minimum:    Requires a 64-bit processor and operating system    OS *:  64-bit Windows 7 / 8 / 10    Processor:  Intel i5, 2.4 Ghz or better    Memory:  4 GB RAM    Graphics:  Integrated HD Graphics 520 w/128 MB or better    Network:  Broadband Internet connection    Storage:  7 GB available space    Sound Card:  DirectX Compatible Sound Card",Valve,Valve,0.8224,True,False,True,True,0.0,2019.0,7.0,Established,4.0,7.0
2420110,1005,"1,000,000 .. 2,000,000",20325,2410,Horizon Forbidden West™ Complete Edition,game,False,2199.0,2199.0,0,2024-03-21,"English<strong>*</strong>, French<strong>*</strong>, Italian<strong>*</strong>, German<strong>*</strong>, Spanish - Spain<strong>*</strong>, Arabic<strong>*</strong>, Czech, Danish, Dutch, Finnish, Greek, Hungarian, Japanese<strong>*</strong>, Korean, Norwegian, Polish<strong>*</strong>, Portuguese - Brazil<strong>*</strong>, Portuguese - Portugal<strong>*</strong>, Russian<strong>*</strong>, Simplified Chinese, Spanish - Latin America<strong>*</strong>, Swedish, Thai, Traditional Chinese, Turkish<br><strong>*</strong>languages with full audio support",,"Action,RPG","Single-player,Steam Achievements,Full controller support,Adjustable Text Size,Camera Comfort,Color Alternatives,Custom Volume Controls,Adjustable Difficulty,Stereo Sound,Subtitle Options,Surround Sound,Steam Cloud,HDR available,Family Sharing",True,False,False,Minimum:     OS:  Windows 10 64-bit (version 1909 or higher)    Processor:  Intel Core i3-8100 or AMD Ryzen 3 1300X    Memory:  16 GB RAM    Graphics:  NVIDIA GeForce GTX 1650 4GB or AMD Radeon RX 5500XT 4GB    Storage:  150 GB available space    Additional Notes:  150GB SSD Space,"Guerrilla,Nixxes Software",PlayStation Publishing LLC,0.894,True,False,False,True,10.0,2024.0,2.2,Modern,16.0,150.0
588430,1001,"2,000,000 .. 5,000,000",65847,8601,Fallout Shelter,game,True,0.0,0.0,0,2017-03-29,"English, French, Italian, German, Spanish - Spain, Russian",63.0,"RPG,Simulation,Free To Play","Single-player,Steam Achievements,Full controller support,In-App Purchases,Playable without Timed Input,Stereo Sound,Steam Cloud,Stats,Family Sharing",True,False,False,"Minimum:    Requires a 64-bit processor and operating system    OS *:  Windows 7 64 bit    Processor:  Intel Core 2 Quad CPU Q9550 @2.83GHZ    Memory:  2 GB RAM    Graphics:  NVIDIA GeForce GTS 250 1Ghz, Radeon HD 6970 1GHz    Storage:  2 GB available space",Bethesda Game Studios,Bethesda Softworks,0.8845,False,False,False,True,0.0,2017.0,9.2,Established,2.0,2.0
3036010,999,"50,000 .. 100,000",375,110,Coin Push RPG,game,False,310.0,310.0,0,2025-05-22,"English<strong>*</strong>, Japanese, Simplified Chinese, Traditional Chinese, French, Italian, German, Spanish - Spain, Russian, Turkish, Polish, Portuguese - Portugal, Korean<br><strong>*</strong>languages with full audio support",,"Casual,Indie,RPG,Strategy","Single-player,Steam Achievements,Steam Trading Cards,Steam Cloud,Steam Leaderboards,Family Sharing",True,False,False,Minimum:     OS:  Window10    Processor:  Intel Core i5    Memory:  2 GB RAM    Graphics:  Nvdia RTX 1060    DirectX:  Version 11    Storage:  5 GB available space    Sound Card:  DirectX 11 Sound Device    Additional Notes:  Keyboard and Mouse,RAmen,Wise Games,0.7732,False,True,False,True,1.41,2025.0,1.1,Recent,2.0,5.0
881020,996,"2,000,000 .. 5,000,000",43116,4883,Granblue Fantasy: Relink,game,False,1099.0,1099.0,0,2024-01-31,"Japanese<strong>*</strong>, English<strong>*</strong>, Italian, German, Spanish - Spain, Portuguese - Brazil, Simplified Chinese, Traditional Chinese, Korean, French<br><strong>*</strong>languages with full audio support",,"Action,Adventure,RPG","Single-player,Multi-player,Co-op,Online Co-op,Steam Achievements,Partial Controller Support,Steam Cloud,Family Sharing",True,False,False,Minimum:    Requires a 64-bit processor and operating system    OS:  Windows® 11 (64-bit Required)    Processor:  Intel® Core™ i3-9100 / AMD Ryzen™ 3 3200G    Memory:  16 GB RAM    Graphics:  NVIDIA® GeForce GTX™ 1060 6GB / AMD Radeon™ RX 580 8GB    DirectX:  Version 11    Storage:  90 GB available space    Additional Notes:  SSD recommended (Capable of 1080p/30fps when graphics are set to Standard.),"Cygames, Inc.","Cygames, Inc.",0.8983,False,False,True,True,5.0,2024.0,2.4,Modern,16.0,90.0
1044720,995,"1,000,000 .. 2,000,000",16780,2724,Farthest Frontier,game,False,1030.0,1030.0,0,2025-10-23,"English<strong>*</strong>, French, Italian, German, Spanish - Spain, Czech, Korean, Polish, Portuguese - Brazil, Russian, Simplified Chinese, Swedish, Traditional Chinese, Japanese, Ukrainian<br><strong>*</strong>languages with full audio support",83.0,"Indie,Simulation,Strategy","Single-player,Steam Workshop,Family Sharing",True,False,False,"Minimum:    Requires a 64-bit processor and operating system    OS:  Windows 10 or later (64bit versions only)    Processor:  Processor: Intel Core i5 3470 @ 3.2 GHz | AMD FX 8120 @ 3.9 GHz    Memory:  8 GB RAM    Graphics:  NVIDIA GeForce GTX 780 | AMD R9 290, with 3 GB VRAM or better    DirectX:  Version 11    Storage:  11 GB available space    Sound Card:  DirectX-compatible using the latest drivers",Crate Entertainment,Crate Entertainment,0.8603,False,True,False,True,4.68,2025.0,0.7,Recent,8.0,11.0
1180380,995,"500,000 .. 1,000,000",16994,8906,Stay Out,game,True,0.0,0.0,0,2019-11-27,"English, Russian<strong>*</strong>, Simplified Chinese<br><strong>*</strong>languages with full audio support",,"Action,Indie,Massively Multiplayer,RPG,Free To Play,Early Access","Multi-player,MMO,PvP,Online PvP,In-App Purchases,Remote Play on Tablet,Family Sharing",True,False,False,Minimum:    Requires a 64-bit processor and operating system    OS:  Windows 10 (64-bit)    Processor:  Intel Core i5 / AMD Ryzen 5 (or better)    Memory:  8000 MB RAM    Graphics:  GeForce 1050Ti / AMD RX570 with 3Gb memory (or better)    DirectX:  Version 9.0    Network:  Broadband Internet connection    Storage:  21 GB available space,MOBITECH LLC,MOBITECH LLC,0.6561,False,True,True,False,0.0,2019.0,6.6,Established,,21.0
1335200,993,"1,000,000 .. 2,000,000",15495,3149,Action Taimanin,game,True,0.0,0.0,0,2020-10-05,"English, Japanese<strong>*</strong>, Simplified Chinese, Traditional Chinese, Korean, Spanish - Spain, Spanish - Latin America<br><strong>*</strong>languages with full audio support",,"Action,Adventure,RPG,Free To Play","Single-player,Multi-player,MMO,PvP,Online PvP,In-App Purchases,Partial Controller Support,Remote Play on Phone,Remote Play on Tablet,Family Sharing",True,False,False,Minimum:     OS *:  Windows 7 or later    Processor:  Intel(R) Core(TM) i5-2520M or similar    Memory:  4 GB RAM    Graphics:  GeForce GTX 500 series or similar    DirectX:  Version 11    Network:  Broadband Internet connection    Storage:  6 GB available space,LiLith,Infini-Brain inc.,0.8311,True,False,True,True,0.0,2020.0,5.7,Established,4.0,6.0
383120,990,"1,000,000 .. 2,000,000",26195,7052,Empyrion - Galactic Survival,game,False,595.0,595.0,0,2020-08-05,"English, German, French, Russian, Italian, Portuguese - Brazil, Simplified Chinese, Greek",,"Adventure,Indie,Simulation,Strategy","Single-player,Multi-player,PvP,Online PvP,Co-op,Online Co-op,LAN Co-op,Steam Workshop,Partial Controller Support,Family Sharing",True,False,False,"Minimum:    Requires a 64-bit processor and operating system    OS:  Windows 10 / 11, 64-bit system required    Processor:  Dual-Core Processor 2.5 GHz or better    Memory:  10 GB RAM    Graphics:  AMD RX 550 / NVIDIA GTX 1050 (min. 2 GB VRAM)    DirectX:  Version 11    Storage:  10 GB available space    Sound Card:  DirectX® compatible    Additional Notes:  SSD is highly recommended",Eleon Game Studios,Eleon Game Studios,0.7879,False,True,True,True,2.7,2020.0,5.9,Established,10.0,10.0
1139980,990,"500,000 .. 1,000,000",12297,1603,Travellers Rest,game,False,540.0,540.0,0,2020-07-28,"English, French, German, Spanish - Spain, Polish, Portuguese - Brazil, Turkish, Japanese, Korean, Portuguese - Portugal, Simplified Chinese, Russian, Traditional Chinese, Italian, Dutch, Thai, Ukrainian, Czech, Romanian, Hungarian, Indonesian, Catalan, Spanish - Latin America",,"Adventure,Casual,Indie,RPG,Simulation,Early Access","Single-player,Multi-player,Co-op,Online Co-op,Shared/Split Screen Co-op,Shared/Split Screen,Steam Achievements,Full controller support,Steam Cloud,Remote Play Together,Family Sharing",True,False,False,Minimum:     OS *:  Windows 7 (SP1+)    Processor:  SSE2 instruction set support    Memory:  8 GB RAM    Graphics:  1 GB dedicated video card with shader model 4.0+    DirectX:  Version 10    Storage:  2 GB available space,Isolated Games,"Isolated Games,IndieArk",0.8847,True,True,True,True,2.45,2020.0,5.9,Established,8.0,2.0
838350,989,"2,000,000 .. 5,000,000",42350,18287,The Scroll of Taiwu : Beyond The Dome,game,False,793.0,992.0,20,2026-06-16,"Simplified Chinese, English, Traditional Chinese, Korean",,"Adventure,Casual,Indie,RPG,Strategy","Single-player,Steam Achievements,Steam Workshop,Remote Play on Tablet,Family Sharing",True,False,False,Minimum:    Requires a 64-bit processor and operating system    OS *:  Windows 7 / Windows 8 / Windows 10  64 bit    Processor:  2.50GHz    Memory:  8 GB RAM    Graphics:  HD4400    DirectX:  Version 11    Storage:  25 GB available space,ConchShip Games,ConchShip Games,0.6984,False,True,False,True,3.6,2026.0,0.0,,8.0,25.0
1259970,989,"1,000,000 .. 2,000,000",29393,8549,eFootball PES 2021 SEASON UPDATE,game,False,0.0,0.0,0,2020-09-15,"English<strong>*</strong>, French<strong>*</strong>, Italian<strong>*</strong>, German<strong>*</strong>, Spanish - Spain<strong>*</strong>, Dutch, Greek<strong>*</strong>, Japanese<strong>*</strong>, Korean<strong>*</strong>, Portuguese - Portugal<strong>*</strong>, Portuguese - Brazil<strong>*</strong>, Russian, Simplified Chinese<strong>*</strong>, Traditional Chinese<strong>*</strong>, Turkish<br><strong>*</strong>languages with full audio support",,Sports,"Single-player,Multi-player,PvP,Online PvP,Shared/Split Screen PvP,Co-op,Online Co-op,Shared/Split Screen Co-op,Shared/Split Screen,In-App Purchases,Partial Controller Support,Remote Play on Tablet,Family Sharing",True,False,False,Minimum:    Requires a 64-bit processor and operating system    OS *:  Windows 8.1/10 - 64bit    Processor:  Intel Core i5-3470 / AMD FX 4350    Memory:  8 GB RAM    Graphics:  NVIDIA GTX 670 / AMD Radeon HD 7870    Network:  Broadband Internet connection    Storage:  40 GB available space    Additional Notes:  Resolution 1280 x 720,Konami Digital Entertainment,Konami Digital Entertainment,0.7747,False,False,True,True,0.0,2020.0,5.8,Established,8.0,40.0
361420,988,"2,000,000 .. 5,000,000",118817,10139,ASTRONEER,game,False,885.0,885.0,0,2019-02-05,"English, French, Italian, German, Spanish - Spain, Dutch, Japanese, Korean, Polish, Russian, Simplified Chinese, Portuguese - Brazil, Turkish",,"Adventure,Indie","Single-player,Multi-player,Co-op,Online Co-op,Steam Achievements,Full controller support,Steam Cloud,Remote Play on Tablet,Remote Play on TV,Family Sharing",True,False,False,"Minimum:    Requires a 64-bit processor and operating system    OS:  Windows 10 (64-bit)    Processor:  X64 Dual Core CPU, 2+ GHz    Memory:  4 GB RAM    Graphics:  Discrete Non Mobile GPU with 1 GB Ram    DirectX:  Version 11    Storage:  2 GB available space    Sound Card:  Any    Additional Notes:  Internet connection required for online multiplayer",System Era Softworks,System Era Softworks,0.9214,False,True,True,True,4.02,2019.0,7.4,Established,4.0,2.0
2399420,984,"200,000 .. 500,000",5903,1520,Le Mans Ultimate,game,False,1072.0,1600.0,33,2025-07-22,"English, French, Italian, German, Spanish - Spain, Simplified Chinese, Japanese, Korean, Polish",,"Racing,Simulation,Sports","Single-player,Multi-player,PvP,Online PvP,VR Supported,Partial Controller Support,Family Sharing",True,False,False,Minimum:     OS:  Windows 10 or 11    Processor:  Intel Core i5-8400 or AMD Ryzen 5 2600    Memory:  8 GB RAM    Graphics:  nVidia GeForce GTX 1060 (6GB) or AMD Radeon RX 580 (6GB)    DirectX:  Version 11    Network:  Broadband Internet connection    Storage:  45 GB available space    Sound Card:  DirectX Compatible    Additional Notes:  To run on minimal settings at 1080p on single class,Studio 397,Studio 397,0.7952,False,False,True,True,4.87,2025.0,0.9,Recent,8.0,45.0
787860,983,"2,000,000 .. 5,000,000",70448,4172,Farming Simulator 19,game,False,770.0,770.0,0,2018-11-19,"English, French, Italian, German, Spanish - Spain, Czech, Dutch, Hungarian, Japanese, Korean, Polish, Portuguese - Portugal, Portuguese - Brazil, Romanian, Russian, Simplified Chinese, Traditional Chinese, Turkish",73.0,Simulation,"Single-player,Multi-player,Co-op,Online Co-op,Steam Achievements,Full controller support,Steam Trading Cards,Steam Cloud,Remote Play on Tablet,Remote Play on TV,Family Sharing",True,True,False,"Minimum:    Requires a 64-bit processor and operating system    OS *:  64-bit Windows 7, Windows 8, Windows 10    Processor:  Intel Core i3-2100T @ 2.5GHz or AMD FX-4100 @3.6 GHz    Memory:  4 GB RAM    Graphics:  Nvidia Geforce GTX 650, AMD Radeon HD 7770 graphics card or better (min. 2 GB VRAM, DX11 support)    Network:  Broadband Internet connection    Storage:  20 GB available space    Additional Notes:  INTERNET CONNECTION REQUIRED FOR THE ONLINE GAME",Giants Software,Giants Software,0.9441,False,False,True,True,3.5,2018.0,7.6,Established,4.0,20.0
552100,983,"1,000,000 .. 2,000,000",47391,2731,Brick Rigs,game,False,595.0,595.0,0,2023-07-14,"English, German, French, Arabic, Portuguese - Brazil, Simplified Chinese, Japanese, Korean, Polish, Russian, Ukrainian, Bangla, Hindi, Italian, Spanish - Spain, Czech, Finnish, Hungarian, Norwegian, Swedish, Thai, Turkish, Kazakh",,Simulation,"Single-player,Multi-player,PvP,Online PvP,Steam Trading Cards,Steam Workshop,Partial Controller Support,Steam Cloud,Family Sharing",True,False,True,"Minimum:     OS:  Windows 10/11 (64-bit)    Processor:  Intel Core i5-7300U 3.5 GHz, AMD Ryzen 3 3300U or equivalent    Memory:  8 GB RAM    Graphics:  Nvidia GTX 960, AMD R9 280 or equivalent    DirectX:  Version 11    Storage:  4 GB available space",Fluppisoft GmbH,Fluppisoft GmbH,0.9455,False,False,True,True,2.7,2023.0,2.9,Modern,8.0,4.0
431240,979,"2,000,000 .. 5,000,000",59105,7975,Golf With Your Friends,game,False,44.0,449.0,90,2020-05-19,"English, French, Italian, German, Spanish - Spain, Portuguese - Brazil, Russian, Simplified Chinese, Traditional Chinese, Japanese",,"Casual,Indie,Sports","Single-player,Multi-player,PvP,Online PvP,Shared/Split Screen PvP,Shared/Split Screen,Steam Achievements,Steam Workshop,Partial Controller Support,Stats,Includes level editor,Remote Play on Phone,Remote Play on Tablet,Remote Play Together,Family Sharing",True,True,True,Minimum:    Requires a 64-bit processor and operating system    OS *:  Windows 7 SP1 (64-bit) or Windows 10 (64-bit)    Processor:  Intel i3-2100 / AMD FX-6300 @3.1GHz or higher    Memory:  2 GB RAM    Graphics:  GTX 460 / Radeon 6870 / Intel HD Graphics 630    Network:  Broadband Internet connection    Storage:  4 GB available space,"Blacklight Interactive,Team17",Team17,0.8811,False,True,True,True,0.2,2020.0,6.1,Established,2.0,4.0
1336980,977,"100,000 .. 200,000",1720,601,NOBUNAGA'S AMBITION: Awakening,game,False,1950.0,1950.0,0,2022-07-20,"Simplified Chinese, Traditional Chinese, Japanese<strong>*</strong>, English<strong>*</strong><br><strong>*</strong>languages with full audio support",,Simulation,"Single-player,Steam Achievements,Steam Trading Cards,Custom Volume Controls,Adjustable Difficulty,Mouse Only Option,Playable without Timed Input,Save Anytime,Stereo Sound,Surround Sound,Steam Cloud,Family Sharing",True,False,False,"Minimum:    Requires a 64-bit processor and operating system    OS:  Windows® 10, Windows® 11, 64bit    Processor:  Intel Core i3-3220 or over (Windows® 10), Intel Core i3-8350K or over (Windows® 11)    Memory:  4 GB RAM    Graphics:  NVIDIA GeForce GTX 660 2GB or over, AMD Radeon R7 370 2GB or over    DirectX:  Version 11    Network:  Broadband Internet connection    Storage:  25 GB available space    Sound Card:  16 bit stereo, 48KHz WAVE file can be played    Additional Notes:  1280 x 720 Display required","KOEI TECMO GAMES CO., LTD.","KOEI TECMO GAMES CO., LTD.",0.7411,False,False,False,True,8.86,2022.0,3.9,Modern,4.0,25.0
1173510,975,"200,000 .. 500,000",1234,209,XSOverlay,game,False,229.0,229.0,0,2020-03-03,"English, Japanese, Spanish - Latin America, French, Italian, German, Spanish - Spain, Danish, Dutch, Finnish, Hungarian, Korean, Norwegian, Polish, Portuguese - Brazil, Russian, Simplified Chinese, Swedish, Traditional Chinese, Ukrainian",,"Utilities,Early Access","Steam Achievements,Tracked Controller Support,VR Only",True,False,False,Minimum:     OS:  Windows 10    Processor:  Intel i5-4590 or AMD FX 8350 equivalent    Graphics:  Nvidia GeForce GTX 970 or AMD Radeon R9 290 equivalent    DirectX:  Version 11    Storage:  500 MB available space    Sound Card:  Not Required    VR Support:  SteamVR,Xiexe,Xiexe,0.8552,True,False,False,False,1.04,2020.0,6.3,Established,,
1042550,968,"200,000 .. 500,000",9933,1026,Digimon Story Cyber Sleuth: Complete Edition,game,False,1299.0,1299.0,0,2019-10-17,"English, German, Korean, Traditional Chinese",,RPG,"Single-player,Multi-player,PvP,Online PvP,Steam Achievements,Full controller support,Steam Trading Cards,Steam Cloud,Steam Leaderboards,Family Sharing",True,False,False,"Minimum:    Requires a 64-bit processor and operating system    OS *:  Windows 7 SP1, 64-bit    Processor:  Intel Pentium G4400 or AMD A8-6600K    Memory:  4 GB RAM    Graphics:  GeForce 9800 GTX+ or Radeon HD 5770 or Intel Iris Pro 6200    DirectX:  Version 11    Network:  Broadband Internet connection    Storage:  4 GB available space    Sound Card:  DirectX compatible soundcard or onboard chipset","h.a.n.d., Inc.",BANDAI NAMCO Entertainment Inc.,0.9064,False,False,True,True,5.9,2019.0,6.7,Established,4.0,4.0
2878960,965,"50,000 .. 100,000",1556,809,WWE 2K25,game,False,2399.0,2399.0,0,2025-03-13,"English<strong>*</strong>, French, Italian, German, Spanish - Spain, Arabic<br><strong>*</strong>languages with full audio support",,"Simulation,Sports","Single-player,Multi-player,PvP,Online PvP,Shared/Split Screen PvP,Co-op,Online Co-op,Shared/Split Screen Co-op,Shared/Split Screen,Steam Achievements,In-App Purchases,Partial Controller Support,Steam Cloud,Remote Play Together",True,False,False,"Minimum:    Requires a 64-bit processor and operating system    OS:  Win 10 64 Bit    Processor:  Intel Core i5-4460 / AMD Ryzen 5 1400    Memory:  12 GB RAM    Graphics:  GeForce GTX 1060 / Radeon RX 480    DirectX:  Version 12    Storage:  103 GB available space    Sound Card:  DirectX 9.0c compatible sound card    Additional Notes:  At least 3 GB Video Memory, SSD recommended, CPU must support AVX2 &amp; F16C",Visual Concepts,2K,0.6579,False,False,True,True,10.9,2025.0,1.3,Recent,12.0,103.0
1948980,963,"500,000 .. 1,000,000",18717,3489,Hero's Adventure: Road to Passion,game,False,270.0,540.0,50,2023-11-15,"Simplified Chinese, Traditional Chinese, English, Portuguese - Portugal, Spanish - Latin America, Vietnamese, Thai",,"Adventure,Indie,RPG,Simulation","Single-player,Steam Achievements,Full controller support,Steam Workshop,Steam Cloud,Family Sharing",True,False,False,Minimum:    Requires a 64-bit processor and operating system    OS:  OS Windows7 64 bit    Processor:  intel i3-3220 or amd fx-6300    Memory:  4 GB RAM    Graphics:  Nvidia GT730 or equivalent Intel/AMD discrete or integrated graphics    DirectX:  Version 11    Storage:  2 GB available space,半瓶醋工作室（Half Amateur Studio）,XD,0.8429,True,True,False,True,1.23,2023.0,2.6,Modern,4.0,2.0
1113000,962,"1,000,000 .. 2,000,000",76008,2338,Persona 4 Golden,game,False,699.0,699.0,0,2020-06-13,"English<strong>*</strong>, Japanese<strong>*</strong>, Korean, Traditional Chinese, French, Italian, German, Spanish - Spain, Simplified Chinese<br><strong>*</strong>languages with full audio support",87.0,RPG,"Single-player,Steam Achievements,Full controller support,Steam Trading Cards,Steam Cloud,Family Sharing",True,False,False,Minimum:    Requires a 64-bit processor and operating system    OS *:  Windows 8.1    Processor:  Intel Core 2 Duo E8400 | AMD Phenom II X2 550    Memory:  2 GB RAM    Graphics:  Nvidia GeForce GTS 450 | AMD Radeon HD 5770    DirectX:  Version 11    Storage:  14 GB available space    Additional Notes:  Microsoft no longer supports Windows 10 or older versions.,ATLUS,SEGA,0.9702,False,False,False,True,3.18,2020.0,6.0,Established,2.0,14.0
1336490,958,"500,000 .. 1,000,000",29837,1575,Against the Storm,game,False,699.0,699.0,0,2023-12-08,"English<strong>*</strong>, French, German, Spanish - Spain, Polish, Portuguese - Brazil, Russian, Simplified Chinese, Japanese, Korean, Traditional Chinese, Italian, Czech, Hungarian, Turkish, Ukrainian, Thai, Spanish - Latin America<br><strong>*</strong>languages with full audio support",91.0,"Simulation,Strategy","Single-player,Steam Achievements,Steam Trading Cards,Adjustable Text Size,Camera Comfort,Custom Volume Controls,Adjustable Difficulty,Save Anytime,Stereo Sound,Surround Sound,Steam Cloud,Family Sharing",True,False,False,Minimum:     OS:  Windows® 10 (64-bit)    Processor:  Intel® Core™ i3-530 (dual-core) / AMD® Phenom™ II X4 965 (quad-core)    Memory:  4 GB RAM    Graphics:  NVIDIA® GeForce® GTS 450 (1 GB) / AMD® Radeon™ HD 7750 (1 GB)    DirectX:  Version 10    Storage:  5 GB available space,Eremite Games,Hooded Horse,0.9499,True,False,False,True,3.18,2023.0,2.5,Modern,4.0,5.0
1149620,958,"500,000 .. 1,000,000",22007,3036,Gas Station Simulator,game,False,489.0,489.0,0,2021-09-15,"English<strong>*</strong>, French, German, Spanish - Spain, Polish, Russian, Simplified Chinese, Turkish, Czech, Portuguese - Brazil, Ukrainian, Italian, Thai, Portuguese - Portugal, Vietnamese, Korean, Japanese<br><strong>*</strong>languages with full audio support",72.0,"Casual,Indie,Simulation","Single-player,Steam Achievements,Full controller support,Steam Trading Cards,Steam Cloud,Family Sharing",True,True,False,Minimum:    Requires a 64-bit processor and operating system    OS:  Windows 10 64-bit    Processor:  Intel Core i3 3.0 GHz or Ryzen 3xxx    Memory:  8 GB RAM    Graphics:  Nvidia GeForce GTX 960 4GB VRAM    DirectX:  Version 11    Storage:  10 GB available space,DRAGO entertainment,"DRAGO entertainment,Shochiku",0.8788,False,True,False,True,2.22,2021.0,4.8,Modern,8.0,10.0
2169200,957,"50,000 .. 100,000",2413,974,Sniper Elite: Resistance,game,False,725.0,1450.0,50,2025-01-30,"English<strong>*</strong>, French, Italian, German, Spanish - Spain, Japanese, Korean, Polish, Portuguese - Brazil, Russian, Simplified Chinese, Traditional Chinese<br><strong>*</strong>languages with full audio support",70.0,"Action,Adventure","Single-player,Multi-player,PvP,Online PvP,Co-op,Online Co-op,Cross-Platform Multiplayer,Steam Achievements,Steam Trading Cards,Adjustable Text Size,Camera Comfort,Color Alternatives,Adjustable Difficulty,Keyboard Only Option,Playable without Timed Input,Save Anytime,Subtitle Options,Surround Sound,Partial Controller Support,Steam Cloud,HDR available,Family Sharing",True,False,False,"Minimum:    Requires a 64-bit processor and operating system    OS:  Windows 10 or later    Processor:  Intel CPU Core i5-9400f or equivalent    Memory:  16 GB RAM    Graphics:  Nvidia 2060, Intel Arc A750, AMD Radeon RX 6600 or equivalent (6GB minimum)    DirectX:  Version 12    Storage:  95 GB available space    Additional Notes:  Note: 1080p with medium graphics settings",Rebellion,Rebellion,0.7124,False,False,True,True,3.3,2025.0,1.4,Recent,16.0,95.0
477160,950,"10,000,000 .. 20,000,000",202253,11387,Human Fall Flat,game,False,128.0,429.0,70,2016-07-22,"English<strong>*</strong>, French, German, Spanish - Spain, Russian, Italian, Simplified Chinese, Japanese, Korean, Polish, Portuguese - Portugal, Portuguese - Brazil, Thai, Turkish, Ukrainian, Traditional Chinese<br><strong>*</strong>languages with full audio support",70.0,"Adventure,Casual,Indie,Simulation","Single-player,Multi-player,PvP,Online PvP,Co-op,Shared/Split Screen Co-op,Shared/Split Screen,Steam Achievements,Full controller support,Steam Trading Cards,Steam Workshop,Color Alternatives,Custom Volume Controls,Keyboard Only Option,Playable without Timed Input,Stereo Sound,Surround Sound,Steam Cloud,Stats,Remote Play on TV,Remote Play Together,Family Sharing",True,True,False,Minimum:     OS *:  Windows XP/Vista/7/8/8.1/10 x86 and x64    Processor:  Intel Core2 Duo E6750 (2 * 2660) or equivalent | AMD Athlon 64 X2 Dual Core 6000+ (2 * 3000) or equivalent    Memory:  1024 MB RAM    Graphics:  GeForce GT 740 (2048 MB) or equivalent | Radeon HD 5770 (1024 MB)    Storage:  500 MB available space,No Brakes Games,Curve Games,0.9467,False,True,True,True,0.58,2016.0,9.9,Established,,
1790600,949,"2,000,000 .. 5,000,000",58221,6959,DRAGON BALL: Sparking! ZERO,game,False,2099.0,2099.0,0,2024-10-10,"English<strong>*</strong>, French, Italian, German, Spanish - Spain, Arabic, Indonesian, Spanish - Latin America, Portuguese - Brazil, Polish, Russian, Simplified Chinese, Traditional Chinese, Japanese<strong>*</strong>, Korean, Thai<br><strong>*</strong>languages with full audio support",83.0,Action,"Single-player,Multi-player,PvP,Online PvP,Shared/Split Screen PvP,Shared/Split Screen,Steam Achievements,Full controller support,Camera Comfort,Custom Volume Controls,Stereo Sound,Steam Cloud,Remote Play Together,HDR available,Family Sharing",True,False,False,Minimum:    Requires a 64-bit processor and operating system    OS:  Windows 10    Processor:  Intel Core i5-9600K / AMD Ryzen 5 2600    Memory:  8 GB RAM    Graphics:  Nvidia GeForce GTX 980 / AMD Radeon RX 590 / Intel Arc A750    DirectX:  Version 12    Storage:  29 GB available space    Additional Notes:  Estimated performance: 1080p/60fps with graphics settings at &quot;Low&quot;. Framerate might drop in graphics-intensive scenes. - 64-bit processor and operating system are required.,"Spike Chunsoft Co., Ltd.",Bandai Namco Entertainment,0.8932,True,False,True,True,9.54,2024.0,1.7,Recent,8.0,29.0
1371980,947,"2,000,000 .. 5,000,000",39563,10970,No Rest for the Wicked,game,False,1100.0,1100.0,0,2024-04-18,"English<strong>*</strong>, French, Italian, German, Spanish - Spain, Japanese, Korean, Polish, Portuguese - Brazil, Simplified Chinese, Traditional Chinese, Russian<br><strong>*</strong>languages with full audio support",,"Action,Adventure,RPG,Early Access","Single-player,Multi-player,Co-op,Online Co-op,Partial Controller Support,Steam Cloud,HDR available,Family Sharing",True,False,False,Minimum:     OS:  Windows 10    Processor:  Intel Core i5-8400 / AMD Ryzen 5 2600    Memory:  16 GB RAM    Graphics:  Nvidia GeForce GTX 1080 / AMD Radeon 5600 XT    Storage:  46 GB available space    Additional Notes:  SSD Required. Intel Iris Xe Integrated Graphics is not supported.,Moon Studios GmbH,Moon Studios GmbH,0.7829,False,False,True,True,5.0,2024.0,2.2,Modern,16.0,46.0
599140,941,"1,000,000 .. 2,000,000",37721,5926,Graveyard Keeper,game,False,595.0,595.0,0,2018-08-15,"English, French, German, Simplified Chinese, Spanish - Spain, Portuguese - Brazil, Korean, Japanese, Russian, Italian, Polish",69.0,"Adventure,Indie,RPG,Simulation","Single-player,Steam Achievements,Full controller support,Steam Trading Cards,Steam Cloud,Remote Play on Phone,Remote Play on Tablet,Remote Play on TV,Family Sharing",True,True,True,"Minimum:     OS *:  Windows 7 (SP1+)    Processor:  Intel core i5, 1.5 GHz and up    Memory:  4 GB RAM    Graphics:  1 Gb dedicated video card, shader model 3.0+    DirectX:  Version 10    Storage:  1 GB available space",Lazy Bear Games,tinyBuild,0.8642,False,True,False,True,2.7,2018.0,7.8,Established,4.0,1.0
1210320,941,"1,000,000 .. 2,000,000",34716,2892,Potion Craft: Alchemist Simulator,game,False,595.0,595.0,0,2022-12-13,"English, Russian, French, Italian, German, Spanish - Spain, Czech, Japanese, Korean, Polish, Portuguese - Brazil, Thai, Turkish, Simplified Chinese",,"Indie,Simulation","Single-player,Steam Achievements,Steam Trading Cards,Camera Comfort,Color Alternatives,Custom Volume Controls,Adjustable Difficulty,Mouse Only Option,Playable without Timed Input,Save Anytime,Touch Only Option,Partial Controller Support,Steam Cloud,Family Sharing",True,False,False,Minimum:    Requires a 64-bit processor and operating system    OS:  Windows 10    Processor:  Intel i3-6100 or equivalent    Memory:  8 GB RAM    Graphics:  GeForce GTX 670 / Radeon HD 7970    DirectX:  Version 10    Storage:  2 GB available space,niceplay games,tinyBuild,0.9231,False,True,False,True,2.7,2022.0,3.5,Modern,8.0,2.0
1295510,936,"200,000 .. 500,000",9368,675,DRAGON QUEST® XI S: Echoes of an Elusive Age™ - Definitive Edition,game,False,1683.0,1683.0,0,2020-12-04,"English<strong>*</strong>, French, Italian, German, Spanish - Spain, Korean, Simplified Chinese, Traditional Chinese<br><strong>*</strong>languages with full audio support",,"Adventure,RPG","Single-player,Steam Achievements,Full controller support,Steam Trading Cards,Custom Volume Controls,Adjustable Difficulty,Keyboard Only Option,Playable without Timed Input,Save Anytime,Surround Sound,Steam Cloud,Remote Play on Tablet,Family Sharing",True,False,False,Minimum:    Requires a 64-bit processor and operating system    OS:  Windows® 10 64-bit    Processor:  AMD Ryzen™ 3 1200 / Intel® Core™ i3-3330    Memory:  8 GB RAM    Graphics:  AMD Radeon™ R7 260X / NVIDIA® GeForce® GTX 750 / 1 GB VRAM / Shader Model 5.0 or higher graphics card is required    DirectX:  Version 11    Storage:  40 GB available space    Sound Card:  DirectX Compatible Sound Card    Additional Notes:  60 FPS @ 1280x720. This game is compatible with XINPUT gamepads.,Square Enix,Square Enix,0.9328,False,False,False,True,7.65,2020.0,5.5,Established,8.0,40.0
34030,929,"1,000,000 .. 2,000,000",23179,2186,Total War: NAPOLEON – Definitive Edition,game,False,699.0,699.0,0,2010-02-25,"Czech, English, French, German, Italian, Polish, Russian, Spanish - Spain",81.0,Strategy,"Single-player,Multi-player,Steam Achievements,Steam Trading Cards,Camera Comfort,Custom Volume Controls,Adjustable Difficulty,Playable without Timed Input,Save Anytime,Stereo Sound,Stats,Family Sharing",True,True,False,"Minimum:  					   OS *: Microsoft® Windows Vista®/XP®/Windows® 7  					   Processor:  2.3 GHz CPU with SSE2  					   Memory:  1 GB RAM (XP), 2 GB RAM (Vista®/Windows® 7)  					   Graphics:  256 MB DirectX® 9.0c shader model 2b compatible GPU  					   DirectX®:  DirectX® 9.0c  					   Hard Drive:  21 GB free space  					   Microsoft no longer supports Windows 10 or older versions.","CREATIVE ASSEMBLY,Feral Interactive (Mac)","SEGA,Feral Interactive (Mac)",0.9138,False,False,True,True,3.18,2010.0,16.3,Classic,1.0,
753640,928,"1,000,000 .. 2,000,000",80833,3655,Outer Wilds,game,False,679.0,679.0,0,2020-06-18,"English<strong>*</strong>, French, Italian, German, Japanese, Korean, Polish, Portuguese - Brazil, Russian, Simplified Chinese, Spanish - Latin America, Spanish - Spain, Turkish<br><strong>*</strong>languages with full audio support",85.0,"Action,Adventure","Single-player,Steam Achievements,Full controller support,Steam Trading Cards,Adjustable Text Size,Camera Comfort,Color Alternatives,Custom Volume Controls,Keyboard Only Option,Playable without Timed Input,Stereo Sound,Surround Sound,Steam Cloud,Remote Play on Phone,Remote Play on Tablet,Remote Play on TV,Family Sharing",True,False,False,"Minimum:    Requires a 64-bit processor and operating system    OS:  Windows 10    Processor:  Intel Core i5-2300 | AMD FX-4350    Memory:  6 GB RAM    Graphics:  Nvidia GeForce GTX 660, 2 GB | AMD Radeon HD 7870, 2 GB    Storage:  8 GB available space    Additional Notes:  Gamepad or Controller Recommended (Xbox and PS4 Natively Supported)",Mobius Digital,Annapurna Interactive,0.9567,True,False,False,True,3.09,2020.0,6.0,Established,6.0,8.0
2185060,927,"200,000 .. 500,000",5649,326,Two Point Museum,game,False,568.0,849.0,33,2025-03-04,"English<strong>*</strong>, French, Italian, German<strong>*</strong>, Spanish - Spain, Japanese<strong>*</strong>, Korean, Portuguese - Brazil, Simplified Chinese<strong>*</strong>, Traditional Chinese, Turkish, Polish, Russian, Spanish - Latin America, Thai<br><strong>*</strong>languages with full audio support",84.0,"Casual,Indie,Simulation,Strategy","Single-player,Steam Achievements,Full controller support,Steam Trading Cards,Steam Workshop,Adjustable Text Size,Camera Comfort,Custom Volume Controls,Mouse Only Option,Playable without Timed Input,Save Anytime,Stereo Sound,Surround Sound,Steam Cloud,Family Sharing",True,True,True,"Minimum:    Requires a 64-bit processor and operating system    OS:  Windows 10 version 21H1 (build 19043) or newer    Processor:  Intel Core i3-8100 or Ryzen 5 1400    Memory:  6 GB RAM    Graphics:  Nvidia GeForce GT 1030 (2 GB) or AMD Radeon RX 560 (2 GB) or Intel UHD Graphics 630    DirectX:  Version 11    Storage:  8 GB available space    Additional Notes:  Very Low, 720p @ 30 FPS. Microsoft no longer supports Windows 10 or older versions.",Two Point Studios,SEGA,0.9454,True,True,False,True,2.58,2025.0,1.3,Recent,6.0,8.0
983870,925,"200,000 .. 500,000",2197,586,FOUNDRY,game,False,1159.0,1159.0,0,2024-05-02,"English<strong>*</strong>, French<strong>*</strong>, German<strong>*</strong>, Spanish - Spain<strong>*</strong>, Japanese, Polish<strong>*</strong>, Russian<strong>*</strong>, Simplified Chinese, Spanish - Latin America<strong>*</strong><br><strong>*</strong>languages with full audio support",,"Indie,Simulation,Strategy,Early Access","Single-player,Multi-player,Co-op,Online Co-op,LAN Co-op,Partial Controller Support,Steam Cloud,Family Sharing",True,False,False,Minimum:    Requires a 64-bit processor and operating system    OS:  Windows® 10 Home 64 Bit    Processor:  Intel® Core™ i3-2120 | AMD® FX™ 6350    Memory:  8 GB RAM    Graphics:  Nvidia® GeForce™ GTX 660 (2GB)  |  AMD® Radeon™ RX 460 (2GB)  |  ASUS® ROG Ally  |  AMD® Radeon™ Vega 8  |  Intel® Iris® Xe,Channel 3 Entertainment,Paradox Interactive,0.7894,True,True,True,True,5.27,2024.0,2.1,Modern,8.0,
242050,923,"5,000,000 .. 10,000,000",62942,8129,Assassin’s Creed® IV Black Flag™,game,False,1299.0,1299.0,0,,"English<strong>*</strong>, French<strong>*</strong>, Italian<strong>*</strong>, German<strong>*</strong>, Spanish - Spain<strong>*</strong>, Czech, Danish, Dutch, Finnish, Norwegian, Polish, Portuguese - Portugal, Portuguese - Brazil<strong>*</strong>, Russian<strong>*</strong>, Swedish, Simplified Chinese<br><strong>*</strong>languages with full audio support",,"Action,Adventure","Single-player,Multi-player,Steam Achievements,In-App Purchases,Stereo Sound,Surround Sound",True,False,False,"Minimum:     OS *:  Windows Vista SP2    Processor:  Intel Core2Quad Q8400 @ 2.6 GHz or AMD Athlon II X4 620 @ 2.6 GHz    Memory:  2 GB RAM    Graphics:  Nvidia Geforce GTX 260 or AMD Radeon HD 4870 (512MB VRAM with shader Model 4.0 or higher)    Storage:  30 GB available space    Sound Card:  DirectX Compatible Sound Card with latest drivers    Additional Notes:  Windows-Compatible keyboard and mouse required, controller optional.",Ubisoft Montreal,Ubisoft,0.8856,False,False,True,True,5.9,,,,2.0,30.0
2407270,922,"200,000 .. 500,000",20512,1513,AI LIMIT,game,False,721.0,1030.0,30,2025-03-27,"English<strong>*</strong>, German, Spanish - Spain, Japanese, Korean, Simplified Chinese<strong>*</strong>, Traditional Chinese, Portuguese - Brazil, French, Russian, Italian, Polish<br><strong>*</strong>languages with full audio support",75.0,"Action,Adventure,Indie,RPG","Single-player,Steam Achievements,Full controller support,Steam Cloud,Family Sharing",True,False,False,"Minimum:    Requires a 64-bit processor and operating system    OS:  Windows 10 64-bit    Processor:  Intel Core i5-8400 / AMD Ryzen 5 1600    Memory:  12 GB RAM    Graphics:  NVIDIA GeForce GTX 1060 6GB / AMD Radeon RX 580 8GB    DirectX:  Version 11    Storage:  30 GB available space    Sound Card:  Windows Compatible Audio Device    Additional Notes:  HDD Supported, SSD Recommended.",Sense Games,CE-Asia,0.9313,False,True,False,True,3.28,2025.0,1.2,Recent,12.0,30.0
632470,918,"2,000,000 .. 5,000,000",104010,7702,Disco Elysium - The Final Cut,game,False,1159.0,1159.0,0,2019-10-15,"English<strong>*</strong>, Simplified Chinese, Spanish - Spain, Korean, Portuguese - Brazil, French, German, Traditional Chinese, Russian, Polish, Japanese, Turkish, Arabic<br><strong>*</strong>languages with full audio support",97.0,RPG,"Single-player,Steam Achievements,Full controller support,Steam Trading Cards,Steam Cloud,Remote Play on Tablet,Family Sharing",True,True,False,Minimum:    Requires a 64-bit processor and operating system    OS *:  Windows 7    Processor:  Intel Core 2 Duo    Memory:  2 GB RAM    Graphics:  DirectX 11 compatible video card (integrated or dedicated with min 512MB memory)    DirectX:  Version 11    Storage:  20 GB available space,ZA/UM,ZA/UM,0.9311,False,False,False,True,5.27,2019.0,6.7,Established,2.0,20.0
975370,915,"2,000,000 .. 5,000,000",27134,1445,Dwarf Fortress,game,False,992.0,992.0,0,2022-12-06,English,93.0,"Indie,Simulation,Strategy","Single-player,Steam Workshop,Family Sharing",True,False,True,Minimum:    Requires a 64-bit processor and operating system    OS:  XP SP3 or later    Processor:  Dual Core CPU - 2.4GHz+    Memory:  4 GB RAM    Graphics:  1GB of VRAM: Intel HD 3000 GPU / AMD HD 5450 / Nvidia 9400 GT    Storage:  500 MB available space    Additional Notes:  Requires 64 bit processor and operating system,Bay 12 Games,Kitfox Games,0.9494,False,True,False,True,4.51,2022.0,3.5,Modern,4.0,
1397920,914,"500,000 .. 1,000,000",15826,1390,Mr.Mine,game,True,0.0,0.0,0,2020-09-30,"English<strong>*</strong>, German<strong>*</strong>, Spanish - Spain<strong>*</strong>, Russian<strong>*</strong>, Simplified Chinese<strong>*</strong>, French<strong>*</strong>, Japanese<strong>*</strong>, Portuguese - Brazil<strong>*</strong>, Danish<strong>*</strong>, Swedish<strong>*</strong>, Polish<strong>*</strong>, Italian<strong>*</strong>, Czech<strong>*</strong>, Dutch<strong>*</strong>, Korean<strong>*</strong>, Arabic<strong>*</strong>, Portuguese - Portugal<strong>*</strong>, Turkish<strong>*</strong>, Thai<strong>*</strong>, Hungarian<strong>*</strong>, Spanish - Latin America<strong>*</strong>, Vietnamese<strong>*</strong>, Norwegian<strong>*</strong>, Finnish<strong>*</strong>, Hindi<strong>*</strong>, Indonesian<strong>*</strong>, Slovak<strong>*</strong>, Filipino<strong>*</strong>, Traditional Chinese<strong>*</strong>, Ukrainian<strong>*</strong>, Hebrew<strong>*</strong><br><strong>*</strong>languages with full audio support",,"Adventure,Casual,Indie,RPG,Simulation,Strategy,Free To Play","Single-player,Steam Achievements,Steam Trading Cards,In-App Purchases,Steam Cloud,Family Sharing",True,True,False,"Minimum:     OS *:  Windows 7, 8, 10    Memory:  256 MB RAM    Storage:  512 MB available space",Playsaurus,Playsaurus,0.9193,True,True,False,True,0.0,2020.0,5.7,Established,,
2344320,913,"200,000 .. 500,000",2649,1384,Eldegarde,game,False,0.0,0.0,0,2026-01-21,"English<strong>*</strong>, Spanish - Spain, Japanese, Simplified Chinese, Traditional Chinese, French<br><strong>*</strong>languages with full audio support",,"Action,Adventure,Massively Multiplayer,RPG","Multi-player,PvP,Online PvP,Co-op,Online Co-op",True,False,False,"Minimum:    Requires a 64-bit processor and operating system    OS:  Windows®10 (64-bit Required)    Processor:  Intel Core i7-9700K or AMD Ryzen 7 3700X    Memory:  16 GB RAM    Graphics:  GTX 1660 Super or 5600XT (6 GB VRAM)    DirectX:  Version 12    Network:  Broadband Internet connection    Storage:  40 GB available space    Additional Notes:  Low Settings: 60 FPS average at 1080p, SSD Recommended",Notorious Studios,Notorious Studios,0.6568,False,False,True,False,0.0,2026.0,0.4,Recent,16.0,40.0
670290,911,"1,000,000 .. 2,000,000",13042,3918,Real Pool 3D - Poolians,game,True,0.0,0.0,0,2018-01-04,"English, Spanish - Spain, Japanese, Portuguese - Portugal, Simplified Chinese, Traditional Chinese, French, German, Korean, Portuguese - Brazil, Russian, Spanish - Latin America, Polish, Turkish, Vietnamese",,"Action,Casual,Indie,Massively Multiplayer,Simulation,Sports,Strategy,Free To Play","Single-player,Multi-player,PvP,Online PvP,Steam Achievements,In-App Purchases,Stats,Family Sharing",True,False,False,Minimum:     Memory:  1024 MB RAM    DirectX:  Version 9.0c    Storage:  50 MB available space,Poolians.com,Poolians.com,0.769,True,True,True,True,0.0,2018.0,8.5,Established,,
3416070,911,"50,000 .. 100,000",1907,62,Ropuka's Idle Island,game,False,101.0,101.0,0,2025-01-29,"English, Japanese, Korean, Simplified Chinese, French, German, Spanish - Spain, Polish, Portuguese - Brazil, Spanish - Latin America",,"Casual,Indie,Simulation","Single-player,Steam Achievements,Steam Cloud,Family Sharing",True,False,False,Minimum:    Requires a 64-bit processor and operating system    OS *:  Windows 7 (SP1+)    Processor:  Intel® Core™ i3 @ 3.2 GHz    Memory:  4 GB RAM    Graphics:  Graphics card with DX11    DirectX:  Version 11    Storage:  250 MB available space,"Moczan,Little Chmura,Begoña Pereda",Moczan,0.9685,True,True,False,True,0.46,2025.0,1.4,Recent,4.0,
387990,909,"2,000,000 .. 5,000,000",104512,8771,Scrap Mechanic,game,False,667.0,667.0,0,2016-01-19,"English, French, Italian, German, Spanish - Spain, Polish, Portuguese - Brazil, Simplified Chinese, Japanese, Korean, Russian",,"Action,Adventure,Indie,Simulation,Early Access","Single-player,Multi-player,Co-op,Online Co-op,Steam Workshop,Steam Cloud,Includes level editor,Family Sharing",True,False,False,Minimum:    Requires a 64-bit processor and operating system    OS *:  Microsoft Windows 7 or later    Processor:  2.6 GHz Dual Core    Memory:  8 GB RAM    Graphics:  Intel HD Graphics 520 or a dedicated graphics card with 2 GB memory and DirectX feature level 10.1    DirectX:  Version 11    Network:  Broadband Internet connection    Storage:  15 GB available space,Axolot Games,Axolot Games,0.9226,False,True,True,True,3.03,2016.0,10.4,Classic,8.0,15.0
362890,907,"2,000,000 .. 5,000,000",121562,6131,Black Mesa,game,False,595.0,595.0,0,2020-03-06,"English<strong>*</strong>, German, Spanish - Spain, Finnish, Norwegian, French, Portuguese - Portugal, Russian, Italian, Czech, Danish, Dutch, Hungarian, Korean, Polish, Romanian, Simplified Chinese, Swedish, Traditional Chinese, Turkish, Ukrainian, Greek, Japanese, Portuguese - Brazil, Spanish - Latin America, Vietnamese, Croatian, Georgian, Indonesian, Lithuanian<br><strong>*</strong>languages with full audio support",84.0,"Action,Adventure,Indie","Single-player,Multi-player,PvP,Online PvP,Cross-Platform Multiplayer,Steam Achievements,Steam Trading Cards,Captions available,Steam Workshop,Partial Controller Support,Steam Cloud,Includes level editor,Includes Source SDK,Remote Play on Phone,Remote Play on Tablet,Family Sharing",True,False,True,Minimum:     OS:  Windows® 10 or Newer    Processor:  2.6 Dual Core Processor or Greater    Memory:  6 GB RAM    Graphics:  2 GB Dedicated Video Card or Greater    DirectX:  Version 9.0c    Network:  Broadband Internet connection    Storage:  20 GB available space,Crowbar Collective,Crowbar Collective,0.952,True,True,True,True,2.7,2020.0,6.3,Established,6.0,20.0
585420,903,"1,000,000 .. 2,000,000",25941,2106,Trailmakers,game,False,105.0,529.0,80,2019-09-18,"English, French, Italian, German, Spanish - Spain, Danish, Polish, Portuguese - Brazil, Russian, Simplified Chinese, Traditional Chinese, Japanese, Korean",,"Action,Adventure,Indie,Racing,Simulation","Single-player,Multi-player,PvP,Online PvP,Co-op,Online Co-op,Steam Achievements,Full controller support,Steam Trading Cards,Steam Workshop,Steam Cloud,Steam Leaderboards,Remote Play on TV,Family Sharing",True,False,False,Minimum:    Requires a 64-bit processor and operating system    OS:  Windows 10 64 Bit 20H1    Processor:  i5-4440 (3.1 GHz quad-core)    Memory:  8 GB RAM    Graphics:  GTX 660    DirectX:  Version 11    Network:  Broadband Internet connection    Storage:  8 GB available space,Flashbulb,Flashbulb,0.9249,False,True,True,True,0.48,2019.0,6.8,Established,8.0,8.0
211820,894,"2,000,000 .. 5,000,000",152150,12756,Starbound,game,False,510.0,510.0,0,2016-07-22,English<strong>*</strong><br><strong>*</strong>languages with full audio support,81.0,"Action,Adventure,Casual,Indie,RPG","Single-player,Multi-player,PvP,Online PvP,Co-op,Online Co-op,Cross-Platform Multiplayer,Steam Achievements,Steam Trading Cards,Steam Workshop,Family Sharing",True,True,True,Minimum:     OS *:  Windows XP or later    Processor:  Core 2 Duo    Memory:  2 GB RAM    Graphics:  256 MB graphics memory and directx 9.0c compatible gpu    DirectX:  Version 9.0c    Network:  Broadband Internet connection    Storage:  3 GB available space,Chucklefish,Chucklefish,0.9226,False,True,True,True,2.32,2016.0,9.9,Established,2.0,3.0
459820,892,"1,000,000 .. 2,000,000",24246,2949,Crush Crush,game,True,0.0,0.0,0,2016-10-18,"English<strong>*</strong>, Italian, German, Spanish - Spain, Japanese, Portuguese - Portugal, Portuguese - Brazil, Simplified Chinese, French, Polish, Russian, Spanish - Latin America, Traditional Chinese<br><strong>*</strong>languages with full audio support",,"Casual,Indie,Free To Play","Single-player,Steam Achievements,Steam Trading Cards,In-App Purchases,Stats,Steam Leaderboards,Remote Play on Phone,Remote Play on Tablet,Family Sharing",True,True,True,"Minimum:     OS *:  Windows 7 SP1, Windows 8.1, Windows 10    Processor:  Modern Intel/AMD CPU 1.6GHz+    Memory:  1 GB RAM    Graphics:  Graphics card with DX9 (shader model 2.0) capabilities. Anything made since 2004 should work.    DirectX:  Version 9.0    Storage:  1 GB available space",Sad Panda Studios,Sad Panda Studios,0.8916,True,True,False,True,0.0,2016.0,9.7,Established,1.0,1.0
2552430,886,"1,000,000 .. 2,000,000",6361,1241,KINGDOM HEARTS -HD 1.5+2.5 ReMIX-,game,False,1799.0,1799.0,0,2024-06-13,"English<strong>*</strong>, French, Italian, German, Spanish - Spain, Japanese<strong>*</strong><br><strong>*</strong>languages with full audio support",,"Action,Adventure,RPG","Single-player,Steam Achievements,Full controller support,Color Alternatives,Custom Volume Controls,Adjustable Difficulty,Keyboard Only Option,Stereo Sound,Surround Sound,Steam Cloud,Family Sharing",True,False,False,Minimum:    Requires a 64-bit processor and operating system    OS:  Windows 10 64-bit (ver.1909 or later)    Processor:  Intel® Core™ i3-3210 / AMD A8-7600    Memory:  4 GB RAM    Graphics:  NVIDIA® GeForce® GTX 750 / AMD Radeon™ RX 460    DirectX:  Version 11    Storage:  60 GB available space    Additional Notes:  30FPS @1280×720,Square Enix,Square Enix,0.8368,False,False,False,True,8.18,2024.0,2.0,Recent,4.0,60.0
3107230,876,"100,000 .. 200,000",3382,1050,Pantheon: Rise of the Fallen,game,False,1150.0,1150.0,0,2024-12-13,English<strong>*</strong><br><strong>*</strong>languages with full audio support,,"Adventure,Indie,Massively Multiplayer,RPG,Early Access","Multi-player,MMO,PvP,Online PvP,Co-op,Online Co-op,Family Sharing",True,False,False,Minimum:     OS:  Windows 10    Processor:  Core 2 Duo E6850 3.0GHz / Phenom II X2 555 Black Edition or better    Memory:  8 GB RAM    Graphics:  GeForce RTX 2060 / Radeon RX 5600 XT    Storage:  30 GB available space,Visionary Realms,Visionary Realms,0.7631,False,True,True,False,5.23,2024.0,1.5,Recent,8.0,30.0
646910,873,"2,000,000 .. 5,000,000",72724,21141,The Crew™ 2,game,False,1159.0,1159.0,0,2018-06-28,"English<strong>*</strong>, French<strong>*</strong>, Italian<strong>*</strong>, German<strong>*</strong>, Spanish - Spain<strong>*</strong>, Arabic, Dutch, Japanese<strong>*</strong>, Korean, Polish, Portuguese - Brazil<strong>*</strong>, Russian<strong>*</strong>, Simplified Chinese, Traditional Chinese<br><strong>*</strong>languages with full audio support",,"Action,Massively Multiplayer,Racing","Single-player,Multi-player,MMO,PvP,Online PvP,Co-op,Online Co-op,Steam Achievements,Captions available,In-App Purchases,Partial Controller Support,Remote Play on Phone,Remote Play on Tablet",True,False,False,"Minimum:     OS *:  Originally released for Windows 7, the game can be played on Windows 10 and Windows 11 OS    Processor:  Intel Core i5-2400s @ 2.5 GHz or AMD FX-6100 @ 3.3 GHz or equivalent    Memory:  8 GB RAM    Graphics:  NVIDIA GeForce GTX 660 or AMD HD 7870 (2GB VRAM with Shader Model 5.0 or better)    Additional Notes:  Game contains BattlEye  anti-cheat technology and VMProtect  anti-piracy technology.",Ivory Tower,Ubisoft,0.7748,False,False,True,True,5.27,2018.0,8.0,Established,8.0,
1611600,873,"500,000 .. 1,000,000",10303,2368,WARNO,game,False,1699.0,1699.0,0,2024-05-23,"English<strong>*</strong>, French, German, Spanish - Spain, Russian, Simplified Chinese<br><strong>*</strong>languages with full audio support",,"Action,Indie,Simulation,Strategy","Single-player,Multi-player,PvP,Online PvP,Co-op,Online Co-op,Steam Achievements,Steam Cloud,Includes level editor,Family Sharing",True,False,False,"Minimum:    Requires a 64-bit processor and operating system    OS *:  64-bit Windows 11 / 10 / 8.1 / 7 with Service Pack 1    Processor:  2 cores Intel (Intel Celeron G6900, G4920 or i3-2100) | AMD CPU (AMD Athlon 200GE)    Memory:  4 GB RAM    Graphics:  Nvidia GeForce GT 1030 (Legacy: Nvidia GeForce GTS 450), AMD Radeon RX 460 (Legacy: ATI Radeon HD 5570)    DirectX:  Version 11    Network:  Broadband Internet connection    Storage:  50 GB available space    Sound Card:  DirectX Compatible Sound Card",Eugen Systems,Eugen Systems,0.8131,False,True,True,True,7.72,2024.0,2.1,Modern,4.0,50.0
360430,869,"1,000,000 .. 2,000,000",32366,24142,Mafia III: Definitive Edition,game,False,1299.0,1299.0,0,2020-05-19,"English<strong>*</strong>, French<strong>*</strong>, Italian<strong>*</strong>, German<strong>*</strong>, Spanish - Spain<strong>*</strong>, Polish, Portuguese - Brazil, Czech, Russian, Japanese, Simplified Chinese, Traditional Chinese, Korean<br><strong>*</strong>languages with full audio support",,"Action,Adventure","Single-player,Steam Achievements,Full controller support,Steam Trading Cards,Steam Cloud,Remote Play on Tablet,Remote Play on TV,Family Sharing",True,True,False,"Minimum:    Requires a 64-bit processor and operating system    OS *:  Windows 7 64-bit    Processor:  Intel I5-2500K, AMD FX-8120    Memory:  6 GB RAM    Graphics:  2GB of Video Memory &amp; NVIDIA GeForce GTX 660, AMD Radeon HD7870    Storage:  50 GB available space    Sound Card:  DirectX Compliant Sound card    Additional Notes:  Windows 8.1 users may need additional Windows Update files: Please Click here for information","Hangar 13,Aspyr (Mac)","2K,Aspyr (Mac)",0.5728,False,False,False,True,5.9,2020.0,6.1,Established,6.0,50.0
926990,869,"200,000 .. 500,000",10029,219,WolfQuest: Anniversary Edition,game,False,885.0,885.0,0,2025-07-22,"English, French, German, Arabic, Indonesian, Japanese, Portuguese - Brazil, Russian, Simplified Chinese, Spanish - Latin America",,"Action,RPG,Simulation","Single-player,Multi-player,Co-op,Online Co-op,Steam Achievements,Full controller support,Steam Trading Cards,Family Sharing",True,True,False,Minimum:    Requires a 64-bit processor and operating system    OS *:  Windows 8/10/11 64-bit    Processor:  Intel Core i5 or equivalent    Memory:  8 GB RAM    Graphics:  Intel Iris 630 Pro or similar (using &quot;Basic&quot; graphics mode)    DirectX:  Version 11    Storage:  20 GB available space    Sound Card:  DirectX compatible soundcard or onboard chipset,eduweb,eduweb,0.9786,True,False,True,True,4.02,2025.0,0.9,Recent,8.0,20.0
1286680,866,"1,000,000 .. 2,000,000",15933,6053,Tiny Tina's Wonderlands,game,False,2639.0,2639.0,0,2022-06-23,"English<strong>*</strong>, French<strong>*</strong>, Italian, German<strong>*</strong>, Spanish - Spain<strong>*</strong>, Japanese<strong>*</strong>, Korean<strong>*</strong>, Portuguese - Brazil, Russian, Simplified Chinese<strong>*</strong>, Thai, Traditional Chinese<br><strong>*</strong>languages with full audio support",,"Action,Adventure,RPG","Single-player,Multi-player,Co-op,Online Co-op,LAN Co-op,Steam Achievements,Partial Controller Support,Family Sharing",True,False,False,Minimum:    Requires a 64-bit processor and operating system    OS:  Windows 10 (latest service pack)    Processor:  AMD FX-8350 (Intel i5-3570)    Memory:  6 GB RAM    Graphics:  AMD Radeon RX470 (NVIDIA GeForce GTX 960 4GB)    Network:  Broadband Internet connection    Storage:  75 GB available space,Gearbox Software,2K,0.7247,False,False,True,True,12.0,2022.0,4.0,Modern,6.0,75.0
228200,864,"1,000,000 .. 2,000,000",16025,946,Company of Heroes,game,False,579.0,579.0,0,2006-09-11,"English<strong>*</strong>, French<strong>*</strong>, Italian, German<strong>*</strong>, Spanish - Spain, Czech, Japanese, Korean, Polish, Russian<strong>*</strong>, Traditional Chinese<br><strong>*</strong>languages with full audio support",93.0,"Action,Strategy","Single-player,Multi-player,Steam Trading Cards,Steam Workshop,Steam Cloud,Family Sharing",True,False,False,"Minimum:     OS *:  Windows® XP or Vista    Processor:  2.0 Ghz Intel Pentium IV or equivalent or AMD Athlon XP or equivalent    Memory:  512 MB RAM    Graphics:  DirectX 9.0c compatible 64MB video card with Pixel Shader 1.1 support or equivalent and latest manufacturer drivers    Storage:  1 GB available space    Sound Card:  DirectX® 9.0c compatible 16-bit    Additional Notes:  Supported Video Cards: NVIDIA: NVIDIA GeForce 3 series or better with latest manufacturer drivers (excluding the GeForce 4 MX series), ATI: ATI Radeon 9500 series or better with latest manufacturer drivers.",Relic Entertainment,Relic Entertainment,0.9443,False,False,True,True,2.63,2006.0,19.8,Classic,,1.0
447040,863,"2,000,000 .. 5,000,000",68213,14166,Watch_Dogs® 2,game,False,1599.0,1599.0,0,2016-11-28,"English<strong>*</strong>, French<strong>*</strong>, Italian<strong>*</strong>, German<strong>*</strong>, Spanish - Spain<strong>*</strong>, Czech, Dutch, Hungarian, Japanese<strong>*</strong>, Korean, Polish, Portuguese - Brazil<strong>*</strong>, Russian<strong>*</strong>, Simplified Chinese, Traditional Chinese, Spanish - Latin America<strong>*</strong><br><strong>*</strong>languages with full audio support",,"Action,Adventure","Single-player,Multi-player,Co-op,Steam Achievements,In-App Purchases,Partial Controller Support",True,False,False,"Minimum:     OS *:  Originally released for Windows 7, the game can be played on Windows 10 and Windows 11 OS    Processor:  Intel Core i5 2400s @ 2.5 GHz, AMD FX 6120 @ 3.5 GHz or better    Memory:  6 GB RAM    Graphics:  NVIDIA GeForce GTX 660 with 2 GB VRAM or AMD Radeon HD 7870, with 2 GB VRAM or better - See supported List*    Network:  Broadband Internet connection    Storage:  27 GB available space    Sound Card:  DirectX compatible using the latest drivers    Additional Notes:  Minimum specs above for 720p , 30+ FPS, Low graphic settings // Periphericals: Microsoft Xbox One Controller, DUALSHOCK® 4 Controller, Windows-compatible keyboard, mouse, optional controller / Multiplayer: 256 kbps or faster broadband connection / Note: This product supports 64-bit operating systems only. Laptop versions of these cards may work, but are not officially supported. For the most up-to-date requirement listings, please visit the FAQ on our support website at .  High speed internet access and a valid Ubisoft account are required to activate the game after installation, to authenticate your system and continue gameplay after any re-activation, access online features, play online or unlock exclusive content. Game contains EasyAntiCheat  anti-cheat technology and Denuvo  anti-tamper technology.",Ubisoft,Ubisoft,0.828,True,False,True,True,7.27,2016.0,9.6,Established,6.0,27.0
433340,858,"2,000,000 .. 5,000,000",135271,2826,Slime Rancher,game,False,579.0,579.0,0,2017-08-01,"English, French, German, Russian, Swedish, Simplified Chinese, Japanese, Portuguese - Brazil, Korean, Spanish - Latin America",81.0,"Action,Adventure,Indie,Simulation","Single-player,Steam Achievements,Full controller support,Steam Trading Cards,Steam Cloud,Remote Play on Phone,Remote Play on Tablet,Remote Play on TV,Family Sharing",True,True,True,Minimum:     OS *:  Windows 7+    Processor:  2.2GHz Dual Core    Memory:  4 GB RAM    Graphics:  512MB VRAM    DirectX:  Version 11    Storage:  1 GB available space,Monomi Park,Monomi Park,0.9795,True,True,False,True,2.63,2017.0,8.9,Established,4.0,1.0
1922560,855,"1,000,000 .. 2,000,000",30964,3331,Plants vs. Zombies™ Garden Warfare 2: Deluxe Edition,game,False,390.0,1300.0,70,2022-05-16,"English, French, Italian, German, Spanish - Spain, Polish, Portuguese - Brazil, Traditional Chinese",82.0,"Action,Casual,Strategy","Single-player,Multi-player,PvP,Online PvP,Co-op,Online Co-op,Steam Achievements,In-App Purchases",True,False,False,"Minimum:     OS *:  Windows 7 64-bit / Windows 8.1 64-bit / Windows 10 64-bit    Processor:  Phenom X4 9850 or better, i5 650 or better    Memory:  4 GB RAM    Graphics:  Radeon HD 7730 or better, GeForce GT 640 or better    DirectX:  Version 11    Network:  Broadband Internet connection    Storage:  40 GB available space    Additional Notes:  192 KBPS or faster internet connection",PopCap,Electronic Arts,0.9029,False,False,True,True,1.77,2022.0,4.1,Modern,4.0,40.0
960170,854,"1,000,000 .. 2,000,000",26014,3112,DJMAX RESPECT V,game,False,340.0,1702.0,80,2020-03-11,"English, Korean, French, Italian, German, Spanish - Spain, Russian, Japanese, Simplified Chinese, Traditional Chinese, Portuguese - Portugal",,"Action,Casual,Sports","Single-player,Multi-player,PvP,Online PvP,Steam Achievements,Steam Trading Cards,In-App Purchases,Partial Controller Support,Remote Play on Phone,Remote Play on Tablet,Family Sharing",True,False,False,"Minimum:    Requires a 64-bit processor and operating system    OS *:  Windows 7, 8.1, 10 (64bit)    Processor:  Intel Core 2 Duo E8400 3.0GHz AMD Athlon 64 X2 6000+ 3.0GHz    Memory:  4 GB RAM    Graphics:  Nvidia® GTX 460 or AMD HD 5850 or better    DirectX:  Version 12    Network:  Broadband Internet connection    Storage:  100 GB available space",NEOWIZ,NEOWIZ,0.8932,False,False,True,True,1.55,2020.0,6.3,Established,4.0,100.0
1533390,852,"1,000,000 .. 2,000,000",64966,6197,Gorilla Tag,game,False,595.0,595.0,0,2023-01-01,English,,"Action,Casual","Multi-player,PvP,Online PvP,Cross-Platform Multiplayer,Tracked Controller Support,VR Only,In-App Purchases",True,False,False,"Minimum:    Requires a 64-bit processor and operating system    OS:  Windows 10    Processor:  Intel Core i5-4590 / AMD FX 8350    Memory:  4 GB RAM    Graphics:  NVIDIA GTX 970 / AMD Radeon R9 290    Network:  Broadband Internet connection    Storage:  140 MB available space    Sound Card:  n/a    VR Support:  SteamVR or Oculus PC    Additional Notes:  This runs on a Quest, so it should probably run on any reasonable computer that can run Oculus or SteamVR at all that isn't literally a toaster",Another Axiom Inc.,Another Axiom Inc.,0.9129,False,False,True,False,2.7,2023.0,3.5,Modern,4.0,
1584090,852,"500,000 .. 1,000,000",27672,577,Touhou Mystia's Izakaya,game,False,241.0,241.0,0,2021-10-01,"Simplified Chinese, English, Japanese, Korean, Traditional Chinese",,"Casual,Indie,RPG,Simulation","Single-player,Steam Achievements,Full controller support,Steam Trading Cards,Steam Cloud,Family Sharing",True,True,False,Minimum:    Requires a 64-bit processor and operating system    OS:  Windows7    Processor:  Intel Pentium G5500 / Core i3-6100 / AMD Ryzen3 1200    Memory:  8 GB RAM    Graphics:  NVIDIA GTX 750Ti / AMD HD 7790    DirectX:  Version 11    Storage:  1 GB available space,"二色幽紫蝶,Re零同人社","二色幽紫蝶,Re零同人社",0.9796,False,True,False,True,1.1,2021.0,4.7,Modern,8.0,1.0
1374490,851,"500,000 .. 1,000,000",15430,2970,RuneScape: Dragonwilds,game,False,885.0,885.0,0,2025-04-15,"English, French, Italian, German, Spanish - Spain, Spanish - Latin America, Portuguese - Brazil, Simplified Chinese",,"Action,Adventure,RPG,Early Access","Single-player,Multi-player,Co-op,Online Co-op,Adjustable Text Size,Custom Volume Controls,Save Anytime,Stereo Sound,Partial Controller Support,Steam Cloud,Family Sharing",True,False,False,"Minimum:    Requires a 64-bit processor and operating system    OS:  Windows 10    Processor:  Intel Core i3-8100 or AMD Ryzen 5 1600    Memory:  8 GB RAM    Graphics:  NVIDIA GeForce GTX 1060, 6GB, AMD Radeon RX 5600XT or Intel Arc A750, 8GB    DirectX:  Version 12    Storage:  25 GB available space",Jagex Ltd,Jagex Ltd,0.8386,True,False,True,True,4.02,2025.0,1.2,Recent,8.0,25.0
544730,848,"1,000,000 .. 2,000,000",7826,8234,Catan Universe,game,True,0.0,0.0,0,2017-04-25,"English, German, French, Spanish - Spain, Dutch",,"Casual,Strategy","Single-player,Multi-player,PvP,Online PvP,Cross-Platform Multiplayer,Steam Achievements,Steam Trading Cards,In-App Purchases,Family Sharing",True,True,False,"Minimum:     OS:  Windows 10 64-bit    Processor:  1.5Ghz Dual-Core Intel Core i5    Memory:  2 GB RAM    Graphics:  Open GL 3.1+ Compliant    DirectX:  Version 11    Network:  Broadband Internet connection    Storage:  1 GB available space    Additional Notes:  720p, 16:9 recommended",Client/Frontend: Endava  / Backend: SuperNimbus,USM,0.4873,False,False,True,True,0.0,2017.0,9.2,Established,2.0,1.0
2000950,847,"1,000,000 .. 2,000,000",16610,4378,Call of Duty®: Modern Warfare®,game,False,2279.0,2279.0,0,2023-03-08,"English<strong>*</strong>, French<strong>*</strong>, Italian<strong>*</strong>, German<strong>*</strong>, Spanish - Spain<strong>*</strong>, Arabic, Japanese<strong>*</strong>, Korean<strong>*</strong>, Polish<strong>*</strong>, Portuguese - Brazil<strong>*</strong>, Russian<strong>*</strong>, Spanish - Latin America<strong>*</strong>, Traditional Chinese<br><strong>*</strong>languages with full audio support",,Action,"Single-player,Multi-player,PvP,Online PvP,Co-op,Online Co-op,Cross-Platform Multiplayer,Steam Achievements,Full controller support,In-App Purchases",True,False,False,Minimum:    Requires a 64-bit processor and operating system    OS:  Windows® 10 64-bit    Processor:  Intel® Core™ i3-4340 or AMD FX-6300    Memory:  8 GB RAM    Graphics:  NVIDIA® GeForce® GTX 670 / NVIDIA® GeForce® GTX 1650 or AMD Radeon™ HD 7950    DirectX:  Version 12    Network:  Broadband Internet connection    Storage:  175 GB available space,"Infinity Ward,Beenox,High Moon Studios,Raven Software",Activision,0.7914,True,False,True,True,10.36,2023.0,3.3,Modern,8.0,175.0
702320,846,"200,000 .. 500,000",1082,600,March of Empires,game,True,0.0,0.0,0,2017-12-11,"English, French, Italian, German, Spanish - Spain, Arabic, Japanese, Korean, Polish, Portuguese - Brazil, Russian, Simplified Chinese, Thai, Traditional Chinese, Turkish, Portuguese - Portugal",,"Massively Multiplayer,RPG,Strategy,Free To Play","Multi-player,PvP,Online PvP,Steam Achievements,In-App Purchases,Family Sharing",True,False,False,Minimum:     OS *:  Windows 7 SP1 or newer    Processor:  Intel Core i3 or AMD Equivalent    Memory:  3 GB RAM    Graphics:  NVIDIA Geforce 210    DirectX:  Version 11    Network:  Broadband Internet connection    Storage:  2 GB available space    Sound Card:  DirectX Compatible    Additional Notes:,Gameloft,Gameloft,0.6433,False,False,True,False,0.0,2017.0,8.5,Established,3.0,2.0
690830,844,"500,000 .. 1,000,000",17195,2937,Foundation,game,False,1030.0,1030.0,0,2025-01-31,"English, French, Italian, German, Spanish - Spain, Russian, Portuguese - Brazil, Simplified Chinese, Japanese, Korean, Polish, Swedish, Turkish, Vietnamese, Czech, Thai, Ukrainian",84.0,"Indie,Simulation,Strategy","Single-player,Steam Achievements,Steam Cloud,Family Sharing",True,False,False,Minimum:    Requires a 64-bit processor and operating system    OS:  Windows 10    Processor:  Intel Core i5-4460    Memory:  8 GB RAM    Graphics:  GTX 960 / R9 290 - 3 GB Video Memory    Additional Notes:  OpenGL 4.3,Polymorph Games,Polymorph Games,0.8541,False,True,False,True,4.68,2025.0,1.4,Recent,8.0,
1369670,844,"200,000 .. 500,000",5915,362,Motor Town: Behind The Wheel,game,False,595.0,595.0,0,2021-12-17,"English, Czech, French, Italian, German, Spanish - Spain, Japanese, Polish, Russian, Simplified Chinese, Swedish, Turkish, Ukrainian, Dutch, Portuguese - Brazil, Spanish - Latin America, Lithuanian",,"Adventure,Casual,Indie,Racing,Simulation,Early Access","Single-player,Multi-player,PvP,Online PvP,Co-op,Online Co-op,Partial Controller Support,Steam Cloud,Family Sharing",True,False,False,"Minimum:    Requires a 64-bit processor and operating system    OS:  Windows 10    Processor:  Intel Core i5-4460 or AMD FX-8120    Memory:  4 GB RAM    Graphics:  GeForce GTX 750 4GB, Radeon RX 460 4GB    DirectX:  Version 11    Storage:  5 GB available space",P3 Games,P3 Games,0.9423,True,True,True,True,2.7,2021.0,4.5,Modern,4.0,5.0
312520,836,"1,000,000 .. 2,000,000",39787,2490,Rain World,game,False,725.0,725.0,0,2017-03-28,"English, Italian, Spanish - Spain, Portuguese - Brazil, French, German, Japanese, Korean, Russian, Simplified Chinese",66.0,"Action,Adventure,Indie","Single-player,Multi-player,PvP,Shared/Split Screen PvP,Steam Achievements,Full controller support,Steam Trading Cards,Steam Workshop,Custom Volume Controls,Adjustable Difficulty,Keyboard Only Option,Stereo Sound,Steam Cloud,Remote Play on TV,Remote Play Together,Family Sharing",True,False,False,"Minimum:    Requires a 64-bit processor and operating system    OS:  Windows 10 64-bit    Processor:  4th Gen i3 / 1st Gen Ryzen    Memory:  4 GB RAM    Graphics:  Intel HD (Integrated), GeForce 6 Series / Radeon R7 Series    Storage:  4 GB available space",Videocult,Akupara Games,0.9411,False,True,True,True,3.3,2017.0,9.2,Established,4.0,4.0
1599600,832,"1,000,000 .. 2,000,000",22204,1197,PlateUp!,game,False,178.0,595.0,70,2022-08-04,"English, French, German, Spanish - Spain, Japanese, Polish, Portuguese - Brazil, Russian, Simplified Chinese, Traditional Chinese, Korean, Turkish",,"Action,Casual,Indie,Strategy","Single-player,Multi-player,Co-op,Online Co-op,Shared/Split Screen Co-op,Shared/Split Screen,Steam Achievements,Full controller support,Steam Workshop,Steam Cloud,Remote Play on TV,Remote Play Together,Family Sharing",True,False,False,Minimum:     Processor:  Quad Core I5 or AMD equivalent    Memory:  8 GB RAM    Graphics:  Intel HD Graphics 530 or AMD equivalent    Storage:  2 GB available space,It's happening,"Yogscast Games,Gamersky Games",0.9488,False,True,True,True,0.81,2022.0,3.9,Modern,8.0,2.0
1501750,827,"1,000,000 .. 2,000,000",27969,14164,Lords of the Fallen,game,False,329.0,999.0,67,2023-10-13,"English<strong>*</strong>, French, Italian, German, Spanish - Spain, Polish, Japanese, Korean, Portuguese - Brazil, Ukrainian, Traditional Chinese, Simplified Chinese<br><strong>*</strong>languages with full audio support",75.0,"Action,Adventure,RPG","Single-player,Multi-player,PvP,Online PvP,Co-op,Online Co-op,Cross-Platform Multiplayer,Steam Achievements,Full controller support,Steam Cloud,Family Sharing",True,False,False,Minimum:     OS:  Windows 10 64bit    Processor:  intel i5 8400 | AMD Ryzen 5 2600    Memory:  12 GB RAM    Graphics:  6GBs VRAM | NVIDIA GTX-1060 | AMD Radeon RX 590    DirectX:  Version 12    Storage:  45 GB available space    Additional Notes:  720p Low Quality Settings (30FPS) | SSD (Preferred) | HDD (Supported),CI Games,CI Games,0.6638,False,False,True,True,1.5,2023.0,2.7,Modern,12.0,45.0
787480,826,"1,000,000 .. 2,000,000",36370,884,Phoenix Wright: Ace Attorney Trilogy,game,False,940.0,940.0,0,2019-04-09,"Japanese, English, French, German, Simplified Chinese, Traditional Chinese, Korean, Spanish - Latin America, Portuguese - Brazil",80.0,Adventure,"Single-player,Steam Achievements,Steam Trading Cards,Camera Comfort,Custom Volume Controls,Keyboard Only Option,Mouse Only Option,Playable without Timed Input,Save Anytime,Stereo Sound,Touch Only Option,Partial Controller Support,Steam Cloud,Remote Play on Phone,Remote Play on Tablet,Family Sharing",True,False,False,"Minimum:     OS:  WINDOWS® 10（64bit）,11    Processor:  Intel® Core™ i3-4160    Memory:  4 GB RAM    Graphics:  Intel® HD Graphics 4400    DirectX:  Version 11    Storage:  3 GB available space    Additional Notes:  *Recommended Controller Xbox One Wireless Controller (Windows®10/11) For users on Windows®11, please ensure that your device also meets the Windows®11 system requirements.","CAPCOM Co., Ltd.","CAPCOM Co., Ltd.",0.9763,True,False,False,True,4.27,2019.0,7.2,Established,4.0,3.0
920490,826,"200,000 .. 500,000",7795,1435,Driver Booster for Steam,game,True,0.0,0.0,0,2018-11-01,"English, French, Italian, German, Spanish - Spain, Arabic, Bulgarian, Czech, Danish, Dutch, Finnish, Greek, Hungarian, Japanese, Korean, Norwegian, Polish, Portuguese - Portugal, Portuguese - Brazil, Romanian, Russian, Simplified Chinese, Spanish - Latin America, Swedish, Thai, Traditional Chinese, Turkish, Ukrainian, Vietnamese",,Utilities,In-App Purchases,True,False,False,"Minimum:     OS *:  Windows 11, Windows 10, Windows 8/8.1, Windows 7, Windows XP, Vista    Processor:  1 GHz processor or faster    Memory:  512 MB RAM    Network:  Broadband Internet connection    Storage:  500 MB available space",IObit,IObit,0.8445,True,False,False,False,0.0,2018.0,7.6,Established,,
3511030,821,"0 .. 20,000",527,7,Mini Cozy Room: Lo-Fi,game,False,79.0,159.0,50,2025-03-30,"English<strong>*</strong>, Japanese<strong>*</strong>, Simplified Chinese<strong>*</strong>, Traditional Chinese<strong>*</strong>, Korean<strong>*</strong>, French<strong>*</strong>, Italian<strong>*</strong>, German<strong>*</strong>, Portuguese - Brazil<strong>*</strong>, Spanish - Spain<strong>*</strong>, Russian<strong>*</strong>, Vietnamese<strong>*</strong>, Ukrainian<strong>*</strong>, Thai<strong>*</strong>, Turkish<strong>*</strong>, Polish<strong>*</strong><br><strong>*</strong>languages with full audio support",,"Casual,Indie","Single-player,Multi-player,Co-op,Online Co-op,Steam Achievements,Steam Cloud,Family Sharing",True,False,False,Minimum:     OS:  Windows 10 (64-bit)    Processor:  Intel Core i3-2100 / AMD FX-6300    Memory:  4 GB RAM    Graphics:  NVIDIA GTX 650 / AMD Radeon HD 7750 (DirectX 11 compatible)    DirectX:  Version 11    Storage:  2 GB available space,"Tesseract Studio,Nugem Studio",Tesseract Studio,0.9869,False,True,True,True,0.36,2025.0,1.2,Recent,4.0,2.0
397900,809,"5,000,000 .. 10,000,000",46567,30205,Business Tour - Board Game with Online Multiplayer(大富翁),game,True,0.0,0.0,0,2017-07-27,"English, Russian, Turkish, Simplified Chinese, French, Portuguese - Portugal, Finnish, Portuguese - Brazil, German, Ukrainian, Spanish - Spain, Italian, Hungarian, Japanese, Polish, Thai, Danish, Dutch, Swedish, Korean, Czech, Romanian, Vietnamese",,"Adventure,Casual,Indie,Massively Multiplayer,Simulation,Strategy,Free To Play","Single-player,Multi-player,PvP,Online PvP,Shared/Split Screen PvP,Co-op,Online Co-op,Shared/Split Screen Co-op,Shared/Split Screen,Cross-Platform Multiplayer,Steam Achievements,Full controller support,Steam Trading Cards,Steam Workshop,In-App Purchases,Steam Leaderboards,Includes level editor,Remote Play on Phone,Remote Play on Tablet,Remote Play Together,Family Sharing",True,True,False,Minimum:    Requires a 64-bit processor and operating system    OS *:  Windows XP/Vista/7/8/10    Processor:  1500 MHz    DirectX:  Version 9.0c    Network:  Broadband Internet connection,8Floor,8Floor,0.6066,False,True,True,True,0.0,2017.0,8.9,Established,,
1817800,808,"100,000 .. 200,000",1389,202,Oddsparks: An Automation Adventure,game,False,895.0,895.0,0,2025-05-27,"English, French, German, Japanese, Simplified Chinese",,"Adventure,Indie,Simulation,Strategy","Single-player,Multi-player,Co-op,Online Co-op,Steam Achievements,Full controller support,Steam Trading Cards,Steam Workshop,Adjustable Text Size,Camera Comfort,Color Alternatives,Custom Volume Controls,Adjustable Difficulty,Playable without Timed Input,Save Anytime,Stereo Sound,Steam Cloud,Family Sharing",True,False,False,Minimum:    Requires a 64-bit processor and operating system    OS:  Windows 10 64bit    Processor:  Intel Core i5 / AMD FX-6300    Memory:  8 GB RAM    Graphics:  GTX 970 4GB / Radeon RX580 4GB or better    DirectX:  Version 11    Storage:  6 GB available space,Massive Miniteam,HandyGames,0.873,False,True,True,True,4.07,2025.0,1.1,Recent,8.0,6.0
1465460,806,"500,000 .. 1,000,000",11530,3058,Infection Free Zone,game,False,384.0,549.0,30,2024-04-11,"English<strong>*</strong>, French, Italian, German, Spanish - Spain, Japanese, Korean, Polish, Russian, Simplified Chinese, Traditional Chinese, Portuguese - Brazil, Turkish<br><strong>*</strong>languages with full audio support",,"Action,Indie,Simulation,Strategy,Early Access","Single-player,Steam Achievements,Steam Workshop,Steam Cloud,Includes level editor,Family Sharing",True,False,False,Minimum:     OS:  Windows 10    Processor:  Intel® Core i5-3570K    Memory:  16 GB RAM    Graphics:  NVIDIA® GeForce® GTX 680 / AMD Radeon HD 7970    Storage:  5 GB available space    Sound Card:  Recommended,Jutsu Games,Games Operators,0.7904,False,True,False,True,1.75,2024.0,2.2,Modern,16.0,5.0
1845910,804,"2,000,000 .. 5,000,000",28118,12361,Dragon Age™: The Veilguard,game,False,690.0,2300.0,70,2024-10-31,"English<strong>*</strong>, French<strong>*</strong>, Italian, German<strong>*</strong>, Spanish - Spain, Japanese, Korean, Polish, Portuguese - Brazil, Simplified Chinese, Traditional Chinese, Russian<br><strong>*</strong>languages with full audio support",,"Action,Adventure,RPG,Strategy","Single-player,Steam Achievements,Full controller support,Steam Trading Cards,Color Alternatives,Custom Volume Controls,Adjustable Difficulty,Save Anytime,Stereo Sound,Subtitle Options,Surround Sound,Steam Cloud,Remote Play on TV,HDR available,Family Sharing",True,False,False,"Minimum:    Requires a 64-bit processor and operating system    OS:  64 bit Windows 10/11    Processor:  Intel Core i5-8400 / AMD Ryzen 3 3300X* (see notes)    Memory:  16 GB RAM    Graphics:  NVIDIA GTX 970/1650 / AMD Radeon R9 290X    DirectX:  Version 12    Storage:  100 GB available space    Additional Notes:  SSD Preferred, HDD Supported; AMD AM4 CPUs on Windows 11 require AGESA V2 1.2.0.7 or newer",BioWare,Electronic Arts,0.6946,False,False,False,True,3.14,2024.0,1.6,Recent,16.0,100.0
266840,804,"2,000,000 .. 5,000,000",32895,2413,Age of Mythology: Extended Edition,game,False,619.0,619.0,0,2014-05-08,"English<strong>*</strong>, French<strong>*</strong>, Italian<strong>*</strong>, German<strong>*</strong>, Spanish - Spain<strong>*</strong>, Japanese<strong>*</strong>, Korean<strong>*</strong>, Traditional Chinese<strong>*</strong><br><strong>*</strong>languages with full audio support",66.0,"Simulation,Strategy","Single-player,Multi-player,Co-op,Steam Achievements,Steam Trading Cards,Steam Workshop,Steam Cloud,Stats,Steam Leaderboards,Includes level editor,Family Sharing",True,False,False,"Minimum:     OS *:  Windows Vista, 7, 8.1+    Processor:  1.6 Ghz    Memory:  1 GB RAM    Graphics:  Direct X 10+ Capable GPU    DirectX:  Version 10    Storage:  3 GB available space    Sound Card:  Direct X Compatible Sound Card    Additional Notes:  GPU at least (Integrated HD 3000, 8600GT, etc)","SkyBox Labs,Ensemble Studios,Forgotten Empires",Xbox Game Studios,0.9317,False,False,True,True,2.81,2014.0,12.1,Classic,1.0,3.0
774801,796,"500,000 .. 1,000,000",26307,553,Crab Champions,game,False,310.0,310.0,0,2023-04-01,English<strong>*</strong><br><strong>*</strong>languages with full audio support,,"Action,Adventure,Casual,Indie,Early Access","Single-player,Multi-player,Co-op,Online Co-op,Steam Achievements,Partial Controller Support,Steam Cloud,Family Sharing",True,False,False,Minimum:     OS *:  Windows 7/8/10 64-bit    Processor:  Core i3 3.3 GHz    Memory:  4 GB RAM    Graphics:  Intel HD 4000    Storage:  6 GB available space    Sound Card:  Any,Noisestorm,Noisestorm,0.9794,False,True,True,True,1.41,2023.0,3.2,Modern,4.0,6.0
212500,793,"2,000,000 .. 5,000,000",17099,3896,The Lord of the Rings Online™,game,True,0.0,0.0,0,2012-06-06,"English<strong>*</strong>, French<strong>*</strong>, German<strong>*</strong><br><strong>*</strong>languages with full audio support",,"Action,Adventure,Massively Multiplayer,RPG,Free To Play","Multi-player,MMO,PvP,Co-op,In-App Purchases,Partial Controller Support",True,False,False,Minimum:     OS *:  Windows 7 (64bit recommended for high resolution) 	   Processor:  Core 2 Duo / AMD Athlon II or better 	   Memory:  2GB 	   Hard Disk Space:  32GB for high resolution* (Allow for additional +3GB for international builds) 	   Video Card:  GeForce 7XXX / ATI Radeon HD 3000 series with 512MB or more of dedicated video memory 	   DirectX®:  9.0c  	   Internet Connection:  Cable or DSL Connection,Standing Stone Games,Daybreak Game Company LLC,0.8144,False,False,True,False,0.0,2012.0,14.0,Classic,,
2835570,793,"2,000,000 .. 5,000,000",91745,3796,Buckshot Roulette,game,False,95.0,95.0,0,2024-04-04,"English, French, Italian, German, Spanish - Spain, Japanese, Korean, Polish, Portuguese - Brazil, Portuguese - Portugal, Russian, Simplified Chinese, Spanish - Latin America, Traditional Chinese, Turkish, Estonian, Ukrainian",,"Action,Indie,Simulation","Single-player,Multi-player,PvP,Online PvP,Steam Achievements,Steam Trading Cards,Partial Controller Support,Steam Leaderboards,Family Sharing",True,False,True,Minimum:    Requires a 64-bit processor and operating system    OS:  Windows 10    Processor:  Intel Core i3    Memory:  2 GB RAM    Graphics:  Relatively modern dedicated graphics card (Vulkan support required)    Storage:  500 MB available space    Additional Notes:  Vulkan support required,Mike Klubnika,CRITICAL REFLEX,0.9603,True,True,True,True,0.43,2024.0,2.2,Modern,2.0,
418370,792,"2,000,000 .. 5,000,000",93214,4632,Resident Evil 7 Biohazard,game,False,620.0,620.0,0,2017-01-23,"English<strong>*</strong>, French<strong>*</strong>, Italian<strong>*</strong>, German<strong>*</strong>, Spanish - Spain<strong>*</strong>, Japanese<strong>*</strong>, Portuguese - Brazil, Arabic, Korean, Russian, Simplified Chinese, Traditional Chinese, Polish, Thai, Spanish - Latin America<br><strong>*</strong>languages with full audio support",83.0,"Action,Adventure","Single-player,Steam Achievements,Full controller support,Steam Trading Cards,Steam Cloud,HDR available,Family Sharing",True,False,False,"Minimum:    Requires a 64-bit processor and operating system    OS:  WINDOWS® 10 (64-BIT Required)    Processor:  Intel® Core™ i5-4460, 2.70GHz or AMD FX™-6300 or better    Memory:  8 GB RAM    Graphics:  NVIDIA® GeForce® GTX 960 or AMD Radeon™ RX 460    DirectX:  Version 12    Storage:  24 GB available space    Sound Card:  DirectSound compatible (must support DirectX® 9.0c or higher)    Additional Notes:  Hardware specification target 1080P/30FPS. May require reduction in Texture Quality settings or turning Texture streaming to OFF due to high VRAM requirements. *Internet connection required for game activation.","CAPCOM Co., Ltd.","CAPCOM Co., Ltd.",0.9527,True,False,False,True,2.82,2017.0,9.4,Established,8.0,24.0
2551020,786,"2,000,000 .. 5,000,000",35393,3335,One-armed robber,game,True,0.0,0.0,0,2023-12-15,English<strong>*</strong><br><strong>*</strong>languages with full audio support,,"Action,Indie,Simulation,Strategy,Free To Play","Single-player,Multi-player,Co-op,Online Co-op,Steam Achievements,In-App Purchases,Steam Cloud,Stats,Family Sharing",True,False,False,"Minimum:     OS *:  Windows 7, 10 or 11    Processor:  Intel® Core™ i5-4590    Memory:  4 GB RAM    Graphics:  NVIDIA GeForce GTX 760    Network:  Broadband Internet connection    Storage:  1 GB available space",Duhndal,Duhndal,0.9139,False,True,True,True,0.0,2023.0,2.5,Modern,4.0,1.0
1096900,783,"200,000 .. 500,000",1600,282,RPG Maker MZ,game,False,2299.0,2299.0,0,2020-08-27,"English, Japanese, French, Italian, German, Spanish - Spain, Portuguese - Brazil, Russian, Simplified Chinese, Traditional Chinese, Korean, Polish",,"RPG,Design & Illustration,Education,Web Publishing,Game Development","Steam Workshop,Partial Controller Support",True,True,False,Minimum:     OS *:  Microsoft Windows® 8.1/10/11 (64bit)    Processor:  Intel Core i3-4340 or better    Memory:  8 GB RAM    Graphics:  Compatible OpenGL / VRAM 1GB or better    Storage:  4 GB available space    Additional Notes:  1280x768 or better Display,"Gotcha Gotcha Games,KADOKAWA,Yoji Ojima",Gotcha Gotcha Games,0.8502,False,False,False,False,10.45,2020.0,5.8,Established,8.0,4.0
233450,781,"5,000,000 .. 10,000,000",64439,7891,Prison Architect,game,False,1039.0,1039.0,0,2015-10-06,"English, French, Italian, German, Korean, Polish, Portuguese - Brazil, Russian, Simplified Chinese, Spanish - Spain, Dutch, Japanese, Swedish, Traditional Chinese, Turkish",83.0,"Indie,Simulation,Strategy","Single-player,Steam Achievements,Steam Trading Cards,Steam Workshop,Steam Cloud,Includes level editor,Family Sharing",True,True,True,Minimum:     OS: Windows® 10 Home 64 Bit 	   Processor: Intel Core2 Duo 2.4Ghz or Higher / AMD 3Ghz or Higher 	   Memory: 6 GB RAM 	   Graphics: Nvidia 8600 / Radeon equivalent (2009 era) 	   Hard Drive: 400 MB HD space,"Introversion Software,Double Eleven",Paradox Interactive,0.8909,False,True,False,True,4.72,2015.0,10.7,Classic,6.0,
2494350,781,"20,000 .. 50,000",330,130,Pro Cycling Manager 2024,game,False,1150.0,1150.0,0,2024-06-06,"English<strong>*</strong>, French<strong>*</strong>, Italian, German, Spanish - Spain, Danish, Dutch, Norwegian, Portuguese - Portugal<br><strong>*</strong>languages with full audio support",,"Simulation,Sports","Single-player,Multi-player,PvP,Online PvP,Steam Achievements,Steam Trading Cards,Steam Cloud,Family Sharing",True,False,False,"Minimum:    Requires a 64-bit processor and operating system    OS:  Windows 10 (64-bit)    Processor:  Intel Core i3-540 or AMD Phenom II X4 940    Memory:  4 GB RAM    Graphics:  NVIDIA GeForce GTX 650, 1 GB or AMD Radeon HD 5770, 1 GB    DirectX:  Version 9.0    Storage:  20 GB available space    Additional Notes:  Please note that these informations aren't final and may be subject to change until the launch of the game.",Cyanide Studio,Nacon,0.7174,False,False,True,True,5.23,2024.0,2.0,Recent,4.0,20.0
391220,777,"2,000,000 .. 5,000,000",128080,8100,Rise of the Tomb Raider™,game,False,949.0,949.0,0,2016-02-09,"English<strong>*</strong>, French<strong>*</strong>, Italian<strong>*</strong>, German<strong>*</strong>, Spanish - Spain<strong>*</strong>, Dutch, Polish<strong>*</strong>, Portuguese - Brazil<strong>*</strong>, Russian<strong>*</strong>, Japanese<strong>*</strong>, Simplified Chinese<strong>*</strong>, Traditional Chinese<strong>*</strong>, Korean<strong>*</strong>, Arabic<br><strong>*</strong>languages with full audio support",86.0,"Action,Adventure","Single-player,Steam Achievements,Full controller support,Tracked Controller Support,VR Supported,Steam Trading Cards,Steam Cloud,Steam Leaderboards,Remote Play on Phone,Remote Play on Tablet,Remote Play on TV,Family Sharing",True,True,True,Minimum:     OS *:  Windows 7 64bit    Processor:  Intel Core i3-2100 or AMD equivalent    Memory:  6 GB RAM    Graphics:  NVIDIA GTX 650 2GB or AMD HD7770 2GB    DirectX:  Version 11    Storage:  25 GB available space    VR Support:  SteamVR,"Crystal Dynamics,Eidos-Montréal,Feral Interactive (Mac),Feral Interactive (Linux),Nixxes","Crystal Dynamics,Feral Interactive (Mac),Feral Interactive (Linux)",0.9405,False,False,False,True,4.31,2016.0,10.4,Classic,6.0,25.0
359870,776,"1,000,000 .. 2,000,000",18031,2016,FINAL FANTASY X/X-2 HD Remaster,game,False,247.0,619.0,60,2016-05-12,"English<strong>*</strong>, French, Italian, German, Spanish - Spain, Japanese<strong>*</strong>, Korean, Traditional Chinese<br><strong>*</strong>languages with full audio support",,RPG,"Single-player,Steam Achievements,Steam Trading Cards,Adjustable Difficulty,Keyboard Only Option,Playable without Timed Input,Partial Controller Support,Steam Cloud,Remote Play on Phone,Remote Play on Tablet,Family Sharing",True,False,False,Minimum:     OS *:  Windows Vista or later    Processor:  2GHz Dual Core CPU    Memory:  1 GB RAM    Graphics:  NVIDIA Geforce 9600GT VRAM 512MB or later / ATI Radeon HD 2600XT VRAM 512MB or later    Storage:  37 GB available space    Sound Card:  DirectX Compatible Sound Card,Square Enix,Square Enix,0.8994,False,False,False,True,1.12,2016.0,10.1,Classic,1.0,37.0
500,774,"5,000,000 .. 10,000,000",59622,2272,Left 4 Dead,game,False,310.0,310.0,0,2008-11-17,"English<strong>*</strong>, French<strong>*</strong>, German<strong>*</strong>, Spanish - Spain<strong>*</strong>, Russian<strong>*</strong>, Danish, Dutch, Finnish, Italian, Japanese, Norwegian, Polish, Portuguese - Portugal, Simplified Chinese, Swedish, Traditional Chinese, Korean, Bulgarian, Czech, Greek, Hungarian, Portuguese - Brazil, Romanian, Spanish - Latin America, Thai, Turkish, Ukrainian, Vietnamese<br><strong>*</strong>languages with full audio support",89.0,Action,"Single-player,Multi-player,Co-op,Steam Achievements,Full controller support,Captions available,Camera Comfort,Color Alternatives,Custom Volume Controls,Adjustable Difficulty,Stereo Sound,Surround Sound,Steam Cloud,Valve Anti-Cheat enabled,Stats,Steam Leaderboards,Includes Source SDK,Commentary available,Remote Play on TV,Family Sharing",True,False,False,"Minimum:                      					   Supported OS:  Windows® 7 32/64-bit / Vista 32/64 / XP                     					   Processor:  Pentium 4 3.0GHz                      					   Memory:  1 GB                     					   Graphics:  128 MB, Shader model 2.0, ATI 9600, NVidia 6600 or better                      					   Hard Drive:  At least 7.5 GB of free space                     					   Sound Card:  DirectX 9.0c compatible sound card",Valve,Valve,0.9633,True,False,True,True,1.41,2008.0,17.6,Classic,,
365590,774,"5,000,000 .. 10,000,000",65652,27546,Tom Clancy’s The Division™,game,False,999.0,999.0,0,2016-03-07,"English<strong>*</strong>, French<strong>*</strong>, Italian<strong>*</strong>, German<strong>*</strong>, Spanish - Spain<strong>*</strong>, Czech, Dutch, Hungarian, Japanese<strong>*</strong>, Korean, Polish, Portuguese - Brazil<strong>*</strong>, Traditional Chinese, Simplified Chinese, Russian<strong>*</strong><br><strong>*</strong>languages with full audio support",,"Action,Adventure,RPG","Single-player,Multi-player,PvP,Online PvP,Co-op,Online Co-op,Steam Achievements,Full controller support,Steam Trading Cards,Captions available,In-App Purchases",True,False,False,"Minimum:     OS *:  Originally released for Windows 7, the game can be played on Windows 10 and Windows 11 OS    Processor:  Intel Core i5-2400 | AMD FX-6100, or better    Memory:  6 GB RAM    Graphics:  NVIDIA GeForce GTX 560 with 2 GB VRAM (current equivalent NVIDIA GeForce GTX 760) | AMD Radeon HD 7770 with 2 GB VRAM, or better - See supported List*    DirectX:  Version 11    Network:  Broadband Internet connection    Storage:  40 GB available space    Additional Notes:  Laptop models of these desktop cards may work as long as they are on-par in terms of performance with at least the minimum configuration. For an up-to-date list of supported hardware, please visit the FAQ for this game on our website:  NVIDIA cards at time of release: GeForce GTX500 series: GeForce GTX560 (2 GB VRAM) or better • GeForce GTX600 series: GeForce GTX660 or better • GeForce GTX700 series: GeForce GTX760 or better • GeForce GTX900 Titan series: GeForce GTX960 or better • Supported AMD cards at time of release: Radeon HD7000 series: Radeon HD7770 (2 GB VRAM) or better • Radeon 200 series: Radeon R7 270 or better • Radeon 300/Fury X series: Radeon R7 370 or better.",Massive Entertainment,Ubisoft,0.7044,False,False,True,True,4.54,2016.0,10.3,Classic,6.0,40.0
2054970,768,"2,000,000 .. 5,000,000",65154,41785,Dragon's Dogma 2,game,False,2150.0,2150.0,0,2024-03-21,"English<strong>*</strong>, French, Italian, German, Spanish - Spain, Arabic, Spanish - Latin America, Portuguese - Brazil, Russian, Simplified Chinese, Traditional Chinese, Japanese<strong>*</strong>, Korean, Polish<br><strong>*</strong>languages with full audio support",88.0,"Action,RPG","Single-player,Steam Achievements,Steam Trading Cards,Partial Controller Support,Steam Cloud,HDR available,Family Sharing",True,False,False,Minimum:    Requires a 64-bit processor and operating system    OS:  Windows 10 (64 bit)/Windows 11 (64 bit)    Processor:  Intel Core i5 10600 /  AMD Ryzen 5 3600    Memory:  16 GB RAM    Graphics:  NVIDIA GeForce GTX 1070 / AMD Radeon RX 5500 XT with 8GB VRAM    DirectX:  Version 12    Network:  Broadband Internet connection    Additional Notes:  Estimated performance: 1080p/30fps. Framerate might drop in graphics-intensive scenes. NVIDIA GeForce RTX 2080 Ti or AMD Radeon RX 6800 required to support ray tracing.,"CAPCOM Co., Ltd.","CAPCOM Co., Ltd.",0.6093,True,False,False,True,9.77,2024.0,2.2,Modern,16.0,
361280,767,"1,000,000 .. 2,000,000",13816,1037,Turmoil,game,False,159.0,399.0,60,2016-06-02,"English, French, Italian, German, Spanish - Spain, Dutch, Polish, Portuguese - Brazil, Russian, Simplified Chinese, Hungarian, Japanese, Korean, Turkish",73.0,"Indie,Simulation,Strategy","Single-player,Multi-player,PvP,Online PvP,Steam Achievements,Steam Trading Cards,Steam Cloud,Family Sharing",True,True,True,"Minimum:    Requires a 64-bit processor and operating system    OS *:  Windows 7/8/8.1/10 64 bit    Processor:  2,5 GHz    Memory:  2 GB RAM    Storage:  150 MB available space",Gamious,Gamious,0.9302,False,True,True,True,0.72,2016.0,10.1,Classic,2.0,
629760,764,"2,000,000 .. 5,000,000",90102,22098,MORDHAU,game,False,885.0,885.0,0,2019-04-29,"English<strong>*</strong>, German, Spanish - Spain, Simplified Chinese, French, Italian, Portuguese - Portugal, Russian, Korean, Traditional Chinese<br><strong>*</strong>languages with full audio support",81.0,"Action,Indie","Multi-player,PvP,Online PvP,Co-op,Online Co-op,Cross-Platform Multiplayer,Steam Achievements,Steam Trading Cards,Partial Controller Support,Steam Cloud,Valve Anti-Cheat enabled,Stats,Remote Play on Phone,Remote Play on Tablet",True,False,False,Minimum:    Requires a 64-bit processor and operating system    OS:  Windows® 10 64 Bit (latest update)    Processor:  Intel Core i5 - 4670 or AMD equivalent    Memory:  8 GB RAM    Graphics:  NVIDIA GTX 680 or AMD equivalent    DirectX:  Version 11    Network:  Broadband Internet connection    Storage:  40 GB available space,Triternion,Triternion,0.803,False,True,True,False,4.02,2019.0,7.1,Established,8.0,40.0
885970,764,"500,000 .. 1,000,000",9102,2860,Total War: ROME REMASTERED,game,False,979.0,979.0,0,2021-04-29,"English<strong>*</strong>, French<strong>*</strong>, Italian<strong>*</strong>, German<strong>*</strong>, Spanish - Spain<strong>*</strong>, Russian<strong>*</strong>, Simplified Chinese<strong>*</strong><br><strong>*</strong>languages with full audio support",,Strategy,"Single-player,Multi-player,Cross-Platform Multiplayer,Steam Achievements,Steam Workshop,Steam Cloud,Family Sharing",True,True,True,"Minimum:     OS:  Windows 10 64-bit (version 1809)    Processor:  Intel i3 series | AMD FX-4000 series    Memory:  6 GB RAM    Graphics:  NVIDIA GTX 600 series (1GB VRAM) | AMD HD 7000 series (1GB VRAM) | Intel UHD 620    DirectX:  Version 11    Storage:  45 GB available space    Additional Notes:       * PC Integrated graphics chipsets require 8GB RAM, e.g. Intel HD/UHD series    * Estimated performance on Low settings at 1080p (66% gameplay resolution scaling) : 30 FPS   * Framerate may drop in large-scale, graphics-intensive battles.   * Microsoft no longer supports Windows 10 or older versions.","Creative Assembly,Feral Interactive",SEGA,0.7609,False,False,True,True,4.45,2021.0,5.1,Established,6.0,45.0
3003300,762,"100,000 .. 200,000",1081,169,ZM Desktop Elf,game,False,125.0,125.0,0,2025-02-13,"Simplified Chinese, English, Traditional Chinese",,"Casual,Free To Play,Utilities","Single-player,Steam Achievements,Steam Workshop,Stats",True,False,False,Minimum:    Requires a 64-bit processor and operating system    OS:  Windows 10    Processor:  Intel Core i5-7400/AMD Ryzen 3 1300X    Memory:  4 GB RAM    Graphics:  GeForce GTX 760/AMD HD7950    DirectX:  Version 11    Network:  Broadband Internet connection    Storage:  2 GB available space,Duoyi Games,Duoyi Games,0.8648,False,False,False,True,0.57,2025.0,1.3,Recent,4.0,2.0
1462040,761,"1,000,000 .. 2,000,000",33079,4228,FINAL FANTASY VII REMAKE INTERGRADE,game,False,507.0,1449.0,65,2022-06-17,"English<strong>*</strong>, French<strong>*</strong>, Italian, German<strong>*</strong>, Spanish - Spain, Spanish - Latin America, Portuguese - Brazil, Simplified Chinese, Traditional Chinese, Japanese<strong>*</strong>, Korean<br><strong>*</strong>languages with full audio support",,"Action,Adventure,RPG","Single-player,Steam Achievements,Steam Trading Cards,Custom Volume Controls,Adjustable Difficulty,Keyboard Only Option,Stereo Sound,Surround Sound,Partial Controller Support,Steam Cloud,Family Sharing",True,False,False,Minimum:    Requires a 64-bit processor and operating system    OS:  Windows® 10 64-bit (ver. 2004 or later)    Processor:  AMD FX-8350 / Intel® Core™ i5-3330    Memory:  8 GB RAM    Graphics:  AMD Radeon™ RX 480 / NVIDIA® GeForce® GTX 780 / 3GB VRAM required    DirectX:  Version 12    Storage:  100 GB available space    Additional Notes:  Assuming a Resolution of 1920 x 1080,Square Enix,Square Enix,0.8867,True,False,False,True,2.3,2022.0,4.0,Modern,8.0,100.0
1948800,761,"500,000 .. 1,000,000",4531,1601,Yi Xian: The Cultivation Card Game,game,True,0.0,0.0,0,2024-01-21,"Simplified Chinese, English, Traditional Chinese",,"Casual,Indie,Strategy,Free To Play","Single-player,Multi-player,PvP,Online PvP,Steam Achievements,In-App Purchases,Family Sharing",True,True,True,Minimum:     OS *:  Windows 7或以上    Processor:  2.0 Ghz    Memory:  2 GB RAM    Graphics:  Intel Grahics Series    DirectX:  Version 11    Network:  Broadband Internet connection    Storage:  1 GB available space,Darksun Studio,Darksun Studio,0.7389,False,True,True,True,0.0,2024.0,2.4,Modern,2.0,1.0
304050,758,"10,000,000 .. 20,000,000",74103,18267,Trove,game,True,0.0,0.0,0,2015-07-09,"English<strong>*</strong>, French, German, Portuguese - Brazil, Spanish - Spain, Simplified Chinese<br><strong>*</strong>languages with full audio support",,"Action,Adventure,Casual,Massively Multiplayer,RPG,Free To Play","Multi-player,MMO,PvP,Online PvP,Co-op,Online Co-op,Steam Achievements,Steam Trading Cards,Steam Workshop,In-App Purchases,Adjustable Text Size,Custom Volume Controls,Playable without Timed Input,Save Anytime,Partial Controller Support",True,False,False,Minimum:     OS:  Vista 32-bit Service Pack 2    Processor:  Intel Core i5-2XXX @ 2.0GHz / AMD Phenom II X4 @ 2.6GHz    Memory:  1 GB RAM    Graphics:  Intel HD Graphics 3000 or better    DirectX:  Version 10    Network:  Broadband Internet connection    Storage:  1 GB available space    Additional Notes:  Graphics driver: OpenGL 3.2 or DirectX 10.0,gamigo US Inc.,gamigo US Inc.,0.8022,False,False,True,False,0.0,2015.0,11.0,Classic,1.0,1.0
282070,756,"2,000,000 .. 5,000,000",94484,7256,This War of Mine,game,False,595.0,595.0,0,2014-11-14,"English<strong>*</strong>, French, German, Polish, Russian, Italian, Portuguese - Brazil, Spanish - Spain, Japanese, Korean, Turkish, Simplified Chinese<br><strong>*</strong>languages with full audio support",83.0,"Adventure,Indie,Simulation","Single-player,Steam Achievements,Steam Trading Cards,Steam Workshop,Partial Controller Support,Steam Cloud,Family Sharing",True,True,True,"Minimum:    Requires a 64-bit processor and operating system    OS *:  Windows 7/8/10    Processor:  2.4 GHz Dual Core    Memory:  2 GB RAM    Graphics:  GeForce GTX 260, Radeon HD 5770, 1024 MB, Shader Model 3.0    Sound Card:  DirectX compatible",11 bit studios,11 bit studios,0.9287,False,True,False,True,2.7,2014.0,11.6,Classic,2.0,
704450,753,"500,000 .. 1,000,000",7717,850,Neverwinter Nights: Enhanced Edition,game,False,595.0,595.0,0,2018-03-27,"English<strong>*</strong>, French<strong>*</strong>, Italian, German<strong>*</strong>, Spanish - Spain, Polish<strong>*</strong><br><strong>*</strong>languages with full audio support",,RPG,"Single-player,Multi-player,PvP,Online PvP,Co-op,Online Co-op,Steam Achievements,Steam Trading Cards,Steam Workshop,Includes level editor,Family Sharing",True,True,True,"Minimum:    Requires a 64-bit processor and operating system    OS *:  Windows 7, 8.1, 10, 11 64-bit    Processor:  Intel Core i3 3rd gen or equivalent    Memory:  4 GB RAM    Graphics:  OpenGL 3.3 compatible with 2 GB of VRAM    Storage:  12 GB available space",Beamdog,Beamdog,0.9008,False,False,True,True,2.7,2018.0,8.2,Established,4.0,12.0
1418630,751,"1,000,000 .. 2,000,000",27859,18326,Dread Hunger,game,False,0.0,0.0,0,2022-01-26,"English<strong>*</strong>, French, Italian, German, Spanish - Spain, Japanese, Korean, Polish, Portuguese - Brazil, Russian, Simplified Chinese, Traditional Chinese, Turkish<br><strong>*</strong>languages with full audio support",,"Action,Adventure,Indie","Multi-player,PvP,Online PvP,Co-op,Online Co-op,Steam Achievements,Steam Cloud,Valve Anti-Cheat enabled,Family Sharing",True,False,False,"Minimum:    Requires a 64-bit processor and operating system    OS *:  Windows 7    Processor:  Quad-core Intel or AMD, 2.5 GHz    Memory:  8 GB RAM    Graphics:  NVIDIA GeForce 760 GTX or AMD Radeon R9 280    Network:  Broadband Internet connection    Storage:  15 GB available space    Additional Notes:  Microphone required",Dread Hunger Team,Digital Confectioners,0.6032,False,True,True,False,0.0,2022.0,4.4,Modern,8.0,15.0
40970,746,"1,000,000 .. 2,000,000",19346,465,Stronghold Crusader HD (2012),game,False,229.0,229.0,0,2013-10-21,"English<strong>*</strong>, French<strong>*</strong>, Italian<strong>*</strong>, German<strong>*</strong>, Spanish - Spain<strong>*</strong>, Polish<strong>*</strong>, Japanese, Russian<strong>*</strong>, Simplified Chinese, Ukrainian, Portuguese - Brazil<br><strong>*</strong>languages with full audio support",78.0,"Simulation,Strategy","Single-player,Multi-player,PvP,Online PvP,Steam Trading Cards,Steam Cloud,Includes level editor,Family Sharing",True,False,False,Minimum:     OS *:  Windows 7/8/10/11 with latest service packs    Processor:  Intel Pentium 4 1.6Ghz or equivalent    Memory:  512 MB RAM    Graphics:  64MB DirectX 8.1 Compatible    DirectX:  Version 8.1    Storage:  850 MB available space    Sound Card:  DirectX 8.1 Compatible    Additional Notes:  GameRanger software will be installed for mutiplayer matchmaking support,Firefly Studios,Firefly Studios,0.9765,False,False,True,True,1.04,2013.0,12.7,Classic,,
625960,744,"1,000,000 .. 2,000,000",22298,7764,Stoneshard,game,False,399.0,399.0,0,2020-02-06,"English, Russian, German, Simplified Chinese, Polish, Italian, Spanish - Latin America, Turkish, Portuguese - Brazil, Japanese, French, Korean, Spanish - Spain, Portuguese - Portugal",,"Adventure,Indie,RPG,Strategy,Early Access","Single-player,Steam Achievements,Captions available,Steam Cloud,Remote Play on Phone,Remote Play on Tablet,Family Sharing",True,False,True,Minimum:     OS *:  Windows 7/8/10/11 64bit    Processor:  Intel i3 5050U or equivalent    Memory:  4 GB RAM    Graphics:  GeForce GT 430 or equivalent    DirectX:  Version 11    Storage:  1 GB available space    Sound Card:  DirectX compatible sound card,Ink Stains Games,HypeTrain Digital,0.7417,True,True,False,True,1.81,2020.0,6.4,Established,4.0,1.0
1718570,742,"1,000,000 .. 2,000,000",25774,1184,ASTLIBRA Revision,game,False,529.0,529.0,0,2022-10-13,"Japanese, English, Simplified Chinese, Korean, Spanish - Spain, Traditional Chinese, French",,"Action,Adventure,RPG","Single-player,Steam Achievements,Full controller support,Steam Cloud,Family Sharing",True,False,False,Minimum:    Requires a 64-bit processor and operating system    OS *:  Windows 11/10/8.1/7 64-bit    Processor:  Core i3-380UM  1.33GHz    Memory:  4 GB RAM    Graphics:  Intel HD Graphics    DirectX:  Version 9.0    Storage:  4 GB available space,KEIZO,WhisperGames,0.9561,False,False,False,True,2.4,2022.0,3.7,Modern,4.0,4.0
1419170,740,"1,000,000 .. 2,000,000",39143,2558,My Singing Monsters,game,True,0.0,0.0,0,2021-03-24,"English<strong>*</strong>, French, Italian, German, Spanish - Spain, Portuguese - Brazil, Russian, Japanese, Turkish<br><strong>*</strong>languages with full audio support",,"Casual,Simulation,Free To Play","Single-player,Multi-player,Co-op,Online Co-op,In-App Purchases,Family Sharing",True,False,False,Minimum:     OS:  Windows 10    Processor:  Dual Core Processor    Memory:  2 GB RAM    Graphics:  OpenGL 2.0 Compatible    Storage:  2 GB available space,Big Blue Bubble,Big Blue Bubble,0.9387,False,False,True,True,0.0,2021.0,5.2,Established,2.0,2.0
1766060,740,"200,000 .. 500,000",4295,1398,HumanitZ,game,False,579.0,579.0,0,2026-02-06,"English<strong>*</strong>, French, German, Spanish - Spain, Japanese, Korean, Portuguese - Brazil, Russian, Simplified Chinese, Italian<br><strong>*</strong>languages with full audio support",,"Action,Adventure,RPG","Single-player,Multi-player,PvP,Online PvP,Co-op,Online Co-op,Steam Achievements,Partial Controller Support,Family Sharing",True,False,False,Minimum:    Requires a 64-bit processor and operating system    OS:  Windows 10    Processor:  Intel Core i5-8600K    Memory:  16 GB RAM    Graphics:  Nvidia GTX 1060    Storage:  20 GB available space,Yodubzz Studios,indie.io,0.7544,False,False,True,True,2.63,2026.0,0.4,Recent,16.0,20.0
2515020,737,"500,000 .. 1,000,000",18243,4800,FINAL FANTASY XVI,game,False,719.0,1799.0,60,2024-09-17,"English<strong>*</strong>, French<strong>*</strong>, Italian<strong>*</strong>, German<strong>*</strong>, Spanish - Spain, Arabic, Spanish - Latin America<strong>*</strong>, Portuguese - Brazil, Polish, Russian, Simplified Chinese, Traditional Chinese, Japanese<strong>*</strong>, Korean<br><strong>*</strong>languages with full audio support",,"Action,RPG","Single-player,Steam Achievements,Full controller support,Steam Trading Cards,Captions available,Adjustable Text Size,Custom Volume Controls,Adjustable Difficulty,Save Anytime,Stereo Sound,Subtitle Options,Surround Sound,Steam Cloud,HDR available,Family Sharing",True,False,False,Minimum:    Requires a 64-bit processor and operating system    OS:  Windows® 10 / 11 64-bit    Processor:  AMD Ryzen™ 5 1600 / Intel® Core™ i5-8400    Memory:  16 GB RAM    Graphics:  AMD Radeon™ RX 5700 / Intel® Arc™ A580 / NVIDIA® GeForce® GTX 1070    DirectX:  Version 12    Storage:  170 GB available space    Additional Notes:  30FPS at 720p expected. SSD required. VRAM 8GB or above.,Square Enix,Square Enix,0.7917,True,False,False,True,3.27,2024.0,1.8,Recent,16.0,170.0
1677110,732,"200,000 .. 500,000",2202,288,Lightyear Frontier,game,False,759.0,759.0,0,2024-03-19,"English<strong>*</strong>, French, Italian, German, Spanish - Spain, Japanese, Korean, Polish, Portuguese - Brazil, Russian, Simplified Chinese, Traditional Chinese<br><strong>*</strong>languages with full audio support",,Early Access,"Single-player,Multi-player,Co-op,Online Co-op,Cross-Platform Multiplayer,Steam Achievements,Adjustable Text Size,Camera Comfort,Custom Volume Controls,Adjustable Difficulty,Playable without Timed Input,Save Anytime,Stereo Sound,Surround Sound,Partial Controller Support,Steam Cloud,Family Sharing",True,False,False,"Minimum:    Requires a 64-bit processor and operating system    OS:  Windows 10    Processor:  Intel Core i3-4170 / AMD Ryzen 5 1500X    Memory:  12 GB RAM    Graphics:  NVIDIA Geforce GTX 1050 / AMD Radeon RX 460    Storage:  10 GB available space    Additional Notes:  Low settings, 720p, 30 fps",FRAME BREAK,"FRAME BREAK,Coffee Stain Publishing",0.8843,False,False,True,True,3.45,2024.0,2.3,Modern,12.0,10.0
3191030,731,"200,000 .. 500,000",9206,227,Nubby's Number Factory,game,False,159.0,159.0,0,2025-03-07,"English, Portuguese - Brazil, Danish, Italian, Portuguese - Portugal, Ukrainian, Slovak, Catalan, French, Polish, Spanish - Latin America",,Strategy,"Single-player,Steam Achievements,Steam Cloud,Family Sharing",True,False,False,Minimum:    Requires a 64-bit processor and operating system    OS:  Windows    Processor:  64 bit processor    Memory:  4 GB RAM,MogDogBlog Productions,MogDogBlog Productions,0.9759,True,False,False,True,0.72,2025.0,1.3,Recent,4.0,
2773280,723,"100,000 .. 200,000",2363,340,ANEURISM IV,game,False,310.0,310.0,0,2025-03-11,"English<strong>*</strong>, French, Czech, Russian, Portuguese - Brazil, Portuguese - Portugal<br><strong>*</strong>languages with full audio support",,"Action,RPG,Simulation","Multi-player,PvP,Online PvP,LAN PvP",True,True,False,Minimum:     OS:  Windows 10    Processor:  Intel Core i5-7400 CPU @ 3.00GHz    Memory:  8 GB RAM    Graphics:  NVIDIA GForce GTX 1050    DirectX:  Version 11    Network:  Broadband Internet connection    Storage:  2 GB available space,Vellocet,Vellocet,0.8742,False,False,True,False,1.41,2025.0,1.3,Recent,8.0,2.0
2881650,722,"5,000,000 .. 10,000,000",137483,7608,Content Warning,game,False,229.0,229.0,0,2024-04-01,"English, French, Italian, German, Spanish - Spain, Japanese, Korean, Portuguese - Brazil, Russian, Simplified Chinese, Traditional Chinese, Ukrainian",,"Action,Adventure,Indie","Multi-player,Co-op,Online Co-op,Partial Controller Support,Steam Cloud,Family Sharing",True,False,False,Minimum:    Requires a 64-bit processor and operating system    OS:  Win 10    Processor:  Intel Core i5 @ 2.5 GHz or equivalent    Memory:  8 GB RAM    Graphics:  NVIDIA GeForce GTX 1050 ti or AMD R9 380    DirectX:  Version 11    Network:  Broadband Internet connection    Storage:  4 GB available space    Additional Notes:  Only runs on 64 bit systems,"Zorro,Wilnyl,Philip,thePetHen,Skog",Evil Landfall?,0.9476,False,True,True,False,1.04,2024.0,2.2,Modern,8.0,4.0
920210,719,"1,000,000 .. 2,000,000",40865,4173,LEGO® Star Wars™: The Skywalker Saga,game,False,1699.0,1699.0,0,2022-04-05,"English<strong>*</strong>, French<strong>*</strong>, Italian<strong>*</strong>, German<strong>*</strong>, Spanish - Spain<strong>*</strong>, Arabic, Danish, Dutch, Korean, Polish<strong>*</strong>, Portuguese - Brazil<strong>*</strong>, Russian, Spanish - Latin America<strong>*</strong>, Traditional Chinese, Japanese<strong>*</strong><br><strong>*</strong>languages with full audio support",78.0,"Action,Adventure","Single-player,Multi-player,Co-op,Shared/Split Screen Co-op,Shared/Split Screen,Steam Achievements,Full controller support,Steam Cloud,Remote Play on Phone,Remote Play on Tablet,Remote Play Together,HDR available,Family Sharing",True,False,False,Minimum:    Requires a 64-bit processor and operating system    OS:  Windows 10 64-bit    Processor:  Intel Core i5-2400 or AMD Ryzen 3 1200    Memory:  8 GB RAM    Graphics:  GeForce GTX 750 Ti or Radeon HD 7850    DirectX:  Version 11    Storage:  40 GB available space,TT Games,"Warner Bros. Games,Warner Bros. Interactive Entertainment",0.9073,True,False,True,True,7.72,2022.0,4.2,Modern,8.0,40.0
1029780,713,"500,000 .. 1,000,000",16633,1873,Going Medieval,game,False,885.0,885.0,0,2026-03-17,"English, Simplified Chinese, French, German, Japanese, Portuguese - Brazil, Russian, Spanish - Spain, Korean, Polish, Turkish",76.0,"Indie,RPG,Simulation,Strategy","Single-player,Steam Achievements,Steam Trading Cards,Steam Workshop,Adjustable Text Size,Camera Comfort,Custom Volume Controls,Adjustable Difficulty,Mouse Only Option,Playable without Timed Input,Save Anytime,Steam Cloud,Family Sharing",True,False,False,Minimum:    Requires a 64-bit processor and operating system    OS:  Windows 10 (64-bit)    Processor:  Intel Core i5-9400F or AMD Ryzen 5 2600    Memory:  8 GB RAM    Graphics:  NVIDIA GeForce GTX 1050 Ti (4 GB) or AMD Radeon RX 580 (4 GB)    DirectX:  Version 11    Storage:  2 GB available space    Sound Card:  Windows Compatible Audio Device,Foxy Voxel,Mythwright,0.8988,False,True,False,True,4.02,2026.0,0.3,Recent,8.0,2.0
799960,712,"500,000 .. 1,000,000",6721,1475,Wizard101,game,True,0.0,0.0,0,2018-09-06,"English<strong>*</strong>, French, German, Spanish - Spain<br><strong>*</strong>languages with full audio support",,"Adventure,Casual,Massively Multiplayer,RPG,Strategy,Free To Play","Multi-player,MMO,PvP,Online PvP,Co-op,Online Co-op,In-App Purchases,Partial Controller Support,Family Sharing",True,False,False,"Minimum:     OS:  Windows 10 64-bit    Processor:  2GHz    Memory:  4 GB RAM    Graphics:  Intel Integrated, requiring additional 1-2GB RAM    DirectX:  Version 9.0c    Network:  Broadband Internet connection    Storage:  33 GB available space    Additional Notes:  May run on older operating systems, but are unsupported. Please make sure your graphics drivers are updated.",KingsIsle Entertainment,"KingsIsle Entertainment,gamigo group",0.82,False,False,True,False,0.0,2018.0,7.8,Established,4.0,33.0
244450,711,"1,000,000 .. 2,000,000",40520,3881,Men of War: Assault Squad 2,game,False,885.0,885.0,0,2014-05-15,"English<strong>*</strong>, German, Russian<strong>*</strong>, French, Italian, Spanish - Spain, Polish, Turkish, Simplified Chinese<br><strong>*</strong>languages with full audio support",68.0,"Action,Simulation,Strategy","Single-player,Multi-player,PvP,Online PvP,LAN PvP,Co-op,Online Co-op,LAN Co-op,Steam Achievements,Steam Trading Cards,Steam Workshop,Steam Cloud,Stats,Steam Leaderboards,Includes level editor,Family Sharing",True,False,False,"Minimum:     OS *:  64bit - Windows 7, 8, 10    Processor:  4.0 GHz single-core, 2.0 GHz dual-core or higher    Memory:  4 GB RAM    Graphics:  DirectX 11 compatible    DirectX:  Version 11    Storage:  6 GB available space    Sound Card:  DirectX 11 compatible",Digitalmindsoft,Fulqrum Publishing,0.9126,False,False,True,True,4.02,2014.0,12.1,Classic,4.0,6.0
412020,702,"2,000,000 .. 5,000,000",108945,12370,Metro Exodus,game,False,1049.0,1049.0,0,2020-02-14,"English<strong>*</strong>, French<strong>*</strong>, Italian<strong>*</strong>, German<strong>*</strong>, Spanish - Spain<strong>*</strong>, Czech, Polish, Portuguese - Brazil, Russian<strong>*</strong>, Korean, Simplified Chinese, Traditional Chinese, Ukrainian<strong>*</strong>, Japanese<strong>*</strong>, Spanish - Latin America<br><strong>*</strong>languages with full audio support",85.0,Action,"Single-player,Steam Achievements,Full controller support,Steam Trading Cards,Steam Cloud,Remote Play on Phone,Remote Play on Tablet,Remote Play on TV,Family Sharing",True,True,True,Minimum:    Requires a 64-bit processor and operating system    OS *:  Windows 7/8/10    Processor:  Intel Core i5-4440 or equivalent    Memory:  8 GB RAM    Graphics:  GeForce GTX 670 / GeForce GTX 1050 / AMD Radeon HD 7870    DirectX:  Version 11    Storage:  59 GB available space    Sound Card:  DirectX Compatible Sound Card    Additional Notes:  Enhanced Edition requires Nvidia RTX or AMD RX GPU,4A Games,Deep Silver,0.898,True,False,False,True,4.77,2020.0,6.3,Established,8.0,59.0
972660,702,"1,000,000 .. 2,000,000",44192,2225,Spiritfarer®: Farewell Edition,game,False,885.0,885.0,0,2020-08-18,"English, French, Italian, German, Spanish - Spain, Portuguese - Brazil, Russian, Simplified Chinese, Traditional Chinese, Japanese, Korean",84.0,"Adventure,Indie,Simulation","Single-player,Multi-player,Co-op,Shared/Split Screen Co-op,Steam Achievements,Full controller support,Steam Trading Cards,Steam Cloud,Remote Play on Phone,Remote Play on Tablet,Remote Play on TV,Remote Play Together,Family Sharing",True,True,True,Minimum:    Requires a 64-bit processor and operating system    OS *:  Microsoft® Windows® 7 SP1    Processor:  Dual Core 3.0 GHz Processor    Memory:  4 GB RAM    Graphics:  DirectX 10-compatible graphics card with at least 1GB of video memory    DirectX:  Version 10    Storage:  7 GB available space,Thunder Lotus,Thunder Lotus,0.9521,False,True,True,True,4.02,2020.0,5.8,Established,4.0,7.0
1898300,701,"500,000 .. 1,000,000",5660,1415,ASKA,game,False,740.0,740.0,0,2024-06-20,"English, German, Romanian, French, Italian, Spanish - Spain, Japanese, Polish, Portuguese - Brazil, Russian, Simplified Chinese, Traditional Chinese, Ukrainian",,"Adventure,Simulation,Strategy,Early Access","Single-player,Multi-player,Co-op,Online Co-op,Full controller support,Steam Cloud,Family Sharing",True,False,False,Minimum:    Requires a 64-bit processor and operating system    OS:  Windows 10 64-bit    Processor:  Intel Core i5 6600 or AMD Ryzen 5 1600    Memory:  16GB GB RAM    Graphics:  Nvidia GeForce GTX 1660 (6GB) or AMD RX 590    Network:  Broadband Internet connection    Storage:  6 GB available space,Sand Sailor Studio,Thunderful Publishing,0.8,False,False,True,True,3.36,2024.0,2.0,Recent,,6.0
1151640,700,"1,000,000 .. 2,000,000",110049,15148,Horizon Zero Dawn™ Complete Edition,game,False,0.0,0.0,0,2020-08-07,"English<strong>*</strong>, French<strong>*</strong>, Italian<strong>*</strong>, German<strong>*</strong>, Spanish - Spain<strong>*</strong>, Arabic<strong>*</strong>, Danish, Dutch, Finnish, Japanese, Korean, Norwegian, Polish<strong>*</strong>, Portuguese - Portugal<strong>*</strong>, Portuguese - Brazil<strong>*</strong>, Russian<strong>*</strong>, Simplified Chinese, Spanish - Latin America<strong>*</strong>, Swedish, Traditional Chinese<br><strong>*</strong>languages with full audio support",,"Action,Adventure,RPG","Single-player,Steam Achievements,Full controller support,Steam Cloud,Remote Play on Tablet,Family Sharing",True,False,False,Minimum:    Requires a 64-bit processor and operating system    OS:  Windows 10 64-bits    Processor:  Intel Core i5-2500K@3.3GHz or AMD FX 6300@3.5GHz    Memory:  8 GB RAM    Graphics:  Nvidia GeForce GTX 780 (3 GB) or AMD Radeon R9 290 (4GB)    DirectX:  Version 12    Storage:  100 GB available space,Guerrilla,PlayStation Publishing LLC,0.879,True,False,False,True,0.0,2020.0,5.9,Established,8.0,100.0
223850,699,"1,000,000 .. 2,000,000",17160,1192,3DMark,game,False,1050.0,1050.0,0,,"English, German, Simplified Chinese, Russian, Spanish - Spain, Japanese, Korean, Traditional Chinese, Polish, Portuguese - Brazil",,Utilities,"Steam Achievements,Steam Trading Cards,Steam Leaderboards",True,True,False,"Windows Minimum:     OS: Windows 10, 64-bit 	   Processor: 1.8 GHz dual-core 	   Memory: 4GB RAM 	   Graphics: DirectX 11* 	   Storage: 2.9 GB space to install Time Spy only    Please refer to the DLC pages for the system requirements for each individual benchmark test. All the currently supported benchmarks and feature tests in 3DMark are compatible with Windows 11.  * You can use 3DMark to test DirectX 9 and DirectX 10 compatible hardware, but you will need a DirectX 12 compatible video card to run all of the tests. DirectX 9 hardware needs Shader Model 3.0 support, 128MB video card memory and WDDM 1.1 drivers.",UL Solutions,UL Solutions,0.935,False,False,False,False,4.77,,,,4.0,
848450,698,"2,000,000 .. 5,000,000",87607,9053,Subnautica: Below Zero,game,False,885.0,885.0,0,2021-05-13,"English<strong>*</strong>, French, Italian, German, Spanish - Spain, Japanese, Korean, Portuguese - Brazil, Spanish - Latin America, Russian, Simplified Chinese, Turkish, Ukrainian, Czech, Finnish, Hungarian, Polish, Traditional Chinese, Slovak<br><strong>*</strong>languages with full audio support",,"Adventure,Indie","Single-player,Steam Achievements,Full controller support,Steam Trading Cards,Steam Cloud,Remote Play on TV,Family Sharing",True,True,False,Minimum:    Requires a 64-bit processor and operating system    OS *:  Windows 7 64-bit    Processor:  Intel Core i3 4XXX series / AMD Ryzen 3 2.6ghz+    Memory:  8 GB RAM    Graphics:  Intel HD 530 or better    DirectX:  Version 11    Storage:  15 GB available space,Unknown Worlds Entertainment,Unknown Worlds Entertainment,0.9063,True,True,False,True,4.02,2021.0,5.1,Established,8.0,15.0
895400,698,"500,000 .. 1,000,000",29504,9077,Deadside,game,False,740.0,740.0,0,2024-12-05,"English, Russian, French, German, Spanish - Latin America, Simplified Chinese",,"Action,Adventure,Indie,Massively Multiplayer","Multi-player,MMO,PvP,Online PvP,Co-op,Online Co-op,Steam Achievements,Family Sharing",True,False,False,"Minimum:    Requires a 64-bit processor and operating system    OS *:  64-bit Windows 7, Windows 8.1, Windows 10    Processor:  Core i3 / AMD FX    Memory:  4 GB RAM    Graphics:  GT 1030 / RX 550    DirectX:  Version 11    Network:  Broadband Internet connection    Storage:  25 GB available space    Additional Notes:  Doesn't actually run on a toaster. If your PC struggles with large open world shooters, you will be surprised by the performance of Deadside.",Bad Pixel,"Bad Pixel,tinyBuild",0.7647,True,True,True,False,3.36,2024.0,1.5,Recent,4.0,25.0
1057090,697,"2,000,000 .. 5,000,000",131989,4701,Ori and the Will of the Wisps,game,False,619.0,619.0,0,2020-03-10,"English, French, Italian, German, Spanish - Spain, Czech, Danish, Dutch, Finnish, Hungarian, Japanese, Korean, Norwegian, Polish, Portuguese - Brazil, Russian, Simplified Chinese, Spanish - Latin America, Swedish, Traditional Chinese, Turkish",88.0,Action,"Single-player,Steam Achievements,Full controller support,Steam Cloud,Remote Play on Phone,Remote Play on Tablet,Remote Play on TV,HDR available,Family Sharing",True,False,False,Minimum:     OS:  Windows 10 Version 18362.0 or higher    Processor:  AMD Athlon X4 | Intel Core i5 4460    Memory:  8 GB RAM    Graphics:  Nvidia GTX 950 | AMD R7 370    DirectX:  Version 11    Storage:  20 GB available space,Moon Studios GmbH,Xbox Game Studios,0.9656,True,False,False,True,2.81,2020.0,6.3,Established,8.0,20.0
1176470,697,"200,000 .. 500,000",5257,1303,Terra Invicta,game,False,999.0,999.0,0,2026-01-05,"English<strong>*</strong>, French, Spanish - Spain, Japanese, Simplified Chinese, Traditional Chinese, German, Polish, Portuguese - Brazil, Italian, Czech, Korean, Russian, Ukrainian<br><strong>*</strong>languages with full audio support",83.0,"Simulation,Strategy","Single-player,Steam Achievements,Steam Trading Cards,Steam Workshop,Adjustable Text Size,Camera Comfort,Custom Volume Controls,Adjustable Difficulty,Mouse Only Option,Playable without Timed Input,Save Anytime,Steam Cloud,Family Sharing",True,False,False,Minimum:    Requires a 64-bit processor and operating system    OS:  Windows® 10 (64-bit)    Processor:  Intel® Core™ i3-2105 (dual-core) / AMD® FX-Series™ FX-4300 (quad-core)    Memory:  6 GB RAM    Graphics:  NVIDIA® GeForce® GTX 650 (2 GB) / AMD® Radeon™ HD 7750 (2 GB)    DirectX:  Version 10    Storage:  30 GB available space,Pavonis Interactive,Hooded Horse,0.8014,False,False,False,True,4.54,2026.0,0.5,Recent,6.0,30.0
382310,692,"500,000 .. 1,000,000",10744,2468,Eco,game,False,885.0,885.0,0,2018-02-06,"English, Simplified Chinese, Italian, Spanish - Spain, French, Portuguese - Brazil, Korean, Russian, German, Japanese",,"Adventure,Indie,Simulation,Early Access","Single-player,Multi-player,Co-op,Online Co-op,LAN Co-op,Steam Achievements,In-App Purchases",True,False,False,Minimum:    Requires a 64-bit processor and operating system    OS:  Windows 11 64-Bit    Processor:  AMD Ryzen 5 1500X 3.5 GHz Quad-Core or Intel i5-6500 3.2 GHz Quad-Core or similar    Memory:  8 GB RAM    Graphics:  AMD Radeon R9 290 or NVIDIA GTX 970 or similar (Minimum: 4 GB VRAM)    DirectX:  Version 11    Network:  Broadband Internet connection    Storage:  6 GB available space    Sound Card:  DirectX®-Compatible,Strange Loop Games,Strange Loop Games,0.8132,False,True,True,True,4.02,2018.0,8.4,Established,8.0,6.0
9420,691,"1,000,000 .. 2,000,000",13042,426,Supreme Commander: Forged Alliance,game,False,399.0,399.0,0,2011-09-28,"English, French, Italian, German, Spanish - Spain, Czech, Polish, Russian, Traditional Chinese",81.0,Strategy,"Single-player,Multi-player,Steam Cloud,Family Sharing",True,False,False,"Minimum:  					   OS *:  Windows® XP Service Pack 2, Windows® Vista 					   Processor:  1.8 GHz processor  					   Memory:  512 MB RAM 					   Hard Disk Space:  8GB available hard drive space	 					   Video Card:  128 MB video RAM or greater, with DirectX 9 Vertex Shader / Pixel Shader 2.0 support (ATI 9600+, Nvidia 6200+)",Gas Powered Games,Square Enix,0.9684,False,False,True,True,1.81,2011.0,14.7,Classic,,8.0
524220,690,"2,000,000 .. 5,000,000",122027,18142,NieR:Automata™,game,False,799.0,799.0,0,2017-03-17,"English<strong>*</strong>, French, Italian, German, Spanish - Spain, Japanese<strong>*</strong><br><strong>*</strong>languages with full audio support",84.0,"Action,RPG","Single-player,Steam Achievements,Steam Trading Cards,Custom Volume Controls,Adjustable Difficulty,Playable without Timed Input,Stereo Sound,Partial Controller Support,Steam Cloud,Remote Play on Phone,Remote Play on Tablet,Family Sharing",True,False,False,"Minimum:     OS *:  Windows 7 /8.1 /10 64bit    Processor:  Intel Core i3 2100 or AMD A8-6500    Memory:  4 GB RAM    Graphics:  NVIDIA GeForce GTX 770 VRAM 2GB or AMD Radeon R9 270X VRAM 2GB    DirectX:  Version 11    Network:  Broadband Internet connection    Storage:  50 GB available space    Sound Card:  DirectX® 11 supported    Additional Notes:  Mouse, keyboard and game pad (XInput only). Screen resolution: 1280x720. This product only supports MS-IME keyboard input. There is a possibility that other IME will not function correctly with it.","Square Enix,PlatinumGames Inc.",Square Enix,0.8706,False,False,False,True,3.63,2017.0,9.3,Established,4.0,50.0
1583320,690,"200,000 .. 500,000",21717,2463,Pro Soccer Online,game,False,159.0,159.0,0,2025-12-05,English<strong>*</strong><br><strong>*</strong>languages with full audio support,,Sports,"Multi-player,PvP,Online PvP,Steam Achievements,In-App Purchases",True,False,False,Minimum:    Requires a 64-bit processor and operating system    OS:  Windows 10 64-Bit    Processor:  Quad-core Intel or AMD processor at 2.5 GHz or higher    Memory:  8 GB RAM    Graphics:  Any DirectX 11 or 12 compatible card for Windows    DirectX:  Version 11    Network:  Broadband Internet connection    Storage:  1 GB available space,Skywall Studios LLC,Skywall Studios LLC,0.8981,False,False,True,False,0.72,2025.0,0.5,Recent,8.0,1.0
493340,687,"2,000,000 .. 5,000,000",64131,6147,Planet Coaster,game,False,1150.0,1150.0,0,2016-11-17,"English, French, German, Spanish - Spain, Portuguese - Brazil, Korean, Simplified Chinese, Traditional Chinese, Japanese",84.0,"Action,Adventure,Casual,Simulation,Strategy","Single-player,Steam Achievements,Steam Trading Cards,Steam Workshop,Steam Cloud,Family Sharing",True,True,False,Minimum:    Requires a 64-bit processor and operating system    OS *:  Windows 7 (SP1+)/8.1/10 64bit    Processor:  Intel i5-2300/AMD FX-4300    Memory:  8 GB RAM    Graphics:  nVidia GTX 560 (2GB)/AMD Radeon 7850 (2GB)    DirectX:  Version 11    Storage:  8 GB available space,"Frontier Developments,Aspyr (Mac)","Frontier Developments,Aspyr (Mac)",0.9125,False,False,False,True,5.23,2016.0,9.6,Established,8.0,8.0
469600,687,"1,000,000 .. 2,000,000",11713,1837,Legion TD 2 - Multiplayer Tower Defense,game,False,740.0,740.0,0,2021-10-01,"English<strong>*</strong>, German, Spanish - Spain, Dutch, Portuguese - Brazil, Russian, Swedish, French, Polish, Turkish, Spanish - Latin America, Simplified Chinese, Traditional Chinese, Japanese, Korean, Norwegian, Ukrainian, Italian, Czech, Hungarian, Romanian, Arabic, Bulgarian, Danish, Finnish, Indonesian, Portuguese - Portugal, Vietnamese, Afrikaans, Slovak<br><strong>*</strong>languages with full audio support",,"Casual,Indie,Strategy","Single-player,Multi-player,PvP,Online PvP,Co-op,Online Co-op,Steam Achievements,Steam Trading Cards,Stats",True,True,False,Minimum:    Requires a 64-bit processor and operating system    OS:  Windows 10 64-bit    Processor:  Dual core from Intel or AMD at 2.8GHz+    Memory:  8 GB RAM    Graphics:  Nvidia GTX 960 / AMD R9 280X    DirectX:  Version 10    Network:  Broadband Internet connection    Storage:  2 GB available space    Additional Notes:  Internet connection is required for singleplayer &amp; co-op features.,AutoAttack Games,AutoAttack Games,0.8644,True,True,True,True,3.36,2021.0,4.7,Modern,8.0,2.0
2244130,687,"200,000 .. 500,000",3324,471,Ratopia,game,False,650.0,650.0,0,2025-04-30,"English<strong>*</strong>, Korean, Japanese, Simplified Chinese, Traditional Chinese, French, German, Russian, Ukrainian, Portuguese - Brazil, Spanish - Spain, Vietnamese, Thai<br><strong>*</strong>languages with full audio support",,"Adventure,Casual,Indie,Simulation,Strategy","Single-player,Steam Achievements,Full controller support,Steam Trading Cards,Steam Workshop,Steam Cloud,Family Sharing",True,True,False,"Minimum:    Requires a 64-bit processor and operating system    OS *:  Window 7, 8, 10 (64-bits)    Processor:  2.4 Ghz    Memory:  4 GB RAM    Graphics:  512MB Video Ram    DirectX:  Version 10    Storage:  2 GB available space    Additional Notes:  Minimum resolution: 1280x720, recomended FULL HD 1920x1080.",Cassel Games,Cassel Games,0.8759,False,True,False,True,2.95,2025.0,1.1,Recent,4.0,2.0
3146520,686,"1,000,000 .. 2,000,000",64473,1337,WEBFISHING,game,False,159.0,159.0,0,2024-10-11,English,,"Casual,Indie,Massively Multiplayer","Single-player,Multi-player,Co-op,Online Co-op,Family Sharing",True,False,False,Minimum:    Requires a 64-bit processor and operating system    OS *:  Windows 7    Processor:  2Ghz    Memory:  8 GB RAM    Graphics:  GTX 580    Storage:  4 GB available space,lamedeveloper,lamedeveloper,0.9797,False,True,True,True,0.72,2024.0,1.7,Recent,8.0,4.0
1030840,686,"1,000,000 .. 2,000,000",79686,12107,Mafia: Definitive Edition,game,False,1719.0,1719.0,0,2020-09-24,"English<strong>*</strong>, French<strong>*</strong>, Italian<strong>*</strong>, German<strong>*</strong>, Spanish - Spain<strong>*</strong>, Czech<strong>*</strong>, Japanese, Korean, Polish, Portuguese - Brazil, Russian<strong>*</strong>, Simplified Chinese, Spanish - Latin America, Traditional Chinese<br><strong>*</strong>languages with full audio support",78.0,"Action,Adventure","Single-player,Steam Achievements,Full controller support,Steam Trading Cards,Steam Cloud,Remote Play on Tablet,Family Sharing",True,False,False,Minimum:    Requires a 64-bit processor and operating system    OS:  Windows 10 64-bit    Processor:  Intel Core-i5 2550K 3.4GHz / AMD FX 8120 3.1 GHz    Memory:  6 GB RAM    Graphics:  NVIDIA GeForce GTX 660 / AMD Radeon HD 7870    DirectX:  Version 11    Storage:  50 GB available space    Sound Card:  DirectX Compatible,Hangar 13,2K,0.8681,True,False,False,True,7.81,2020.0,5.7,Established,6.0,50.0
221680,683,"500,000 .. 1,000,000",21217,2633,Rocksmith® 2014 Edition REMASTERED LEARN & PLAY,game,False,389.0,389.0,0,2024-12-19,"English<strong>*</strong>, German<strong>*</strong>, French<strong>*</strong>, Italian<strong>*</strong>, Spanish - Spain<strong>*</strong>, Japanese<strong>*</strong><br><strong>*</strong>languages with full audio support",,"Casual,Simulation","Single-player,Multi-player,Shared/Split Screen,Steam Achievements,Steam Trading Cards,In-App Purchases,Partial Controller Support,Steam Cloud,Steam Leaderboards",True,False,False,"Minimum:     OS *: Windows Vista, Windows 8 	   Processor: 2.66 GHz Intel Core2 Duo E6750 or 2.8 GHz AMD Athlon 64 X2 5600+ 	   Memory: 2 GB RAM 	   Graphics: 256 MB DirectX 9 / NVIDIA® GeForce® 8600 GT or ATI Radeon™ HD 2600 XT 	   Hard Drive: 12 GB HD space 	   Sound: DirectX 9.0c-compliant Originally released for Windows 7, the game can be played on Windows 10 and Windows 11 OS","Ubisoft - San Francisco,Ubisoft - Osaka",Ubisoft,0.8896,False,False,True,True,1.77,2024.0,1.5,Recent,2.0,
2289450,683,"100,000 .. 200,000",596,141,Idle Cave Miner,game,True,0.0,0.0,0,2023-12-07,"English<strong>*</strong>, French<strong>*</strong>, Italian<strong>*</strong>, German<strong>*</strong>, Spanish - Spain<strong>*</strong>, Portuguese - Portugal<strong>*</strong>, Japanese<strong>*</strong>, Korean<strong>*</strong>, Simplified Chinese<strong>*</strong><br><strong>*</strong>languages with full audio support",,"Casual,Indie,Simulation,Free To Play","Single-player,Steam Achievements,Steam Trading Cards,In-App Purchases,Steam Cloud,Stats,Steam Leaderboards,Family Sharing",True,True,True,Minimum:     OS *:  Windows 7 or higher    Processor:  1GHz    Memory:  1 GB RAM    Storage:  800 MB available space,Cold Hours,Cold Hours,0.8087,False,True,False,True,0.0,2023.0,2.5,Modern,1.0,
1449690,677,"500,000 .. 1,000,000",29969,1072,The Walking Dead: The Telltale Definitive Series,game,False,1450.0,1450.0,0,2020-10-29,"English<strong>*</strong>, French, Italian, German, Spanish - Spain, Portuguese - Brazil, Russian, Simplified Chinese, Traditional Chinese<br><strong>*</strong>languages with full audio support",,Adventure,"Single-player,Steam Achievements,Full controller support,Family Sharing",True,False,False,Minimum:    Requires a 64-bit processor and operating system    OS *:  Windows 7 64Bit Service Pack 1    Processor:  Intel Core 2 Duo 2.8GHz    Memory:  3 GB RAM    Graphics:  Nvidia GeForce GTS 450 2GB    DirectX:  Version 11    Storage:  45 GB available space    Sound Card:  DirectX 11 sound device,Skybound Games,Skybound Games,0.9655,False,False,False,True,6.59,2020.0,5.6,Established,3.0,45.0
631510,675,"1,000,000 .. 2,000,000",15904,1214,Devil May Cry HD Collection,game,False,940.0,940.0,0,2018-03-13,"English<strong>*</strong>, French, Italian, German, Spanish - Spain, Japanese, Traditional Chinese, Simplified Chinese<br><strong>*</strong>languages with full audio support",,Action,"Single-player,Steam Achievements,Full controller support,Steam Trading Cards,Remote Play on TV,Family Sharing",True,False,False,Minimum:     OS *:  WINDOWS® 7 (64bit)    Processor:  Intel® Core™ i3 series (dual-core) or AMD equivalent or better    Memory:  4 GB RAM    Graphics:  NVIDIA® GeForce® GTX 760 or AMD Radeon™ R7 260x    DirectX:  Version 9.0    Storage:  12 GB available space    Sound Card:  DirectSound (DirectX® 9.0c or better)    Additional Notes:  *Recommended Controller Xbox 360 Controller (Windows®7/8/8.1) Xbox One Wireless Controller (Windows®10)   *Internet connection required for game activation.    *Non-multi-thread supported CPUs are not guaranteed to operate correctly.,"CAPCOM Co., Ltd.","CAPCOM Co., Ltd.",0.9291,False,False,False,True,4.27,2018.0,8.3,Established,4.0,12.0
1435790,674,"1,000,000 .. 2,000,000",16281,1027,Escape Simulator,game,False,579.0,579.0,0,2021-10-19,"English<strong>*</strong>, Japanese<strong>*</strong>, Korean<strong>*</strong>, Simplified Chinese<strong>*</strong>, Traditional Chinese<strong>*</strong>, French<strong>*</strong>, German<strong>*</strong>, Spanish - Spain<strong>*</strong>, Portuguese - Portugal<strong>*</strong>, Portuguese - Brazil<strong>*</strong>, Spanish - Latin America<strong>*</strong>, Turkish<strong>*</strong>, Italian<strong>*</strong><br><strong>*</strong>languages with full audio support",82.0,"Adventure,Casual,Indie,Simulation","Single-player,Multi-player,PvP,Online PvP,Co-op,Online Co-op,Cross-Platform Multiplayer,Steam Achievements,Full controller support,Tracked Controller Support,VR Supported,Steam Trading Cards,Steam Workshop,Steam Cloud,Stats,Includes level editor,Family Sharing",True,True,True,Minimum:     OS *:  Windows 7 (SP1+)    Processor:  X64 architecture with SSE2 instruction set support    Memory:  4 GB RAM    Graphics:  DX10-capable GPU    Storage:  18 GB available space    Additional Notes:  Some community-made rooms are quite big and performance heavy and need more RAM memory and better GPU.,Pine Studio,Pine Studio,0.9407,True,True,True,True,2.63,2021.0,4.7,Modern,4.0,18.0
2066020,674,"500,000 .. 1,000,000",19922,1906,Soulstone Survivors,game,False,455.0,455.0,0,2025-06-17,"English<strong>*</strong>, Japanese, Portuguese - Brazil, Russian, Simplified Chinese, French, German, Spanish - Spain, Korean, Polish, Traditional Chinese, Italian, Turkish<br><strong>*</strong>languages with full audio support",,"Action,Indie,RPG","Single-player,Steam Achievements,Full controller support,Steam Trading Cards,Steam Cloud,Stats,Family Sharing",True,True,True,Minimum:     OS *:  Windows 7 or newer    Processor:  2.5Ghz or better    Memory:  4 GB RAM    Storage:  2 GB available space,Game Smithing Limited,Game Smithing Limited,0.9127,False,True,False,True,2.07,2025.0,1.0,Recent,4.0,2.0
254700,673,"2,000,000 .. 5,000,000",77003,5431,Resident Evil 4 (2005),game,False,620.0,620.0,0,2014-02-27,"English<strong>*</strong>, French, German, Spanish - Spain, Italian<br><strong>*</strong>languages with full audio support",79.0,"Action,Adventure","Single-player,Steam Achievements,Full controller support,Steam Trading Cards,Captions available,Steam Cloud,Steam Leaderboards,Family Sharing",True,False,False,"Minimum:     OS:  Windows® 10    Processor:  Intel® Core™ 2 Duo 2.4 Ghz or better, AMD Athlon™ X2 2.8 Ghz or better    Memory:  2 GB RAM    Graphics:  NVIDIA® GeForce® 8800GTS or better, ATI Radeon™ HD 4850 or better    DirectX:  Version 9.0c    Storage:  15 GB available space    Sound Card:  Standard audio device",Capcom,Capcom,0.9341,False,False,False,True,2.82,2014.0,12.3,Classic,2.0,15.0
9450,673,"1,000,000 .. 2,000,000",16764,847,"Warhammer® 40,000: Dawn of War® - Soulstorm",game,False,0.0,0.0,0,2008-03-05,"English, French, German",,Strategy,"Single-player,Multi-player,Steam Cloud,Family Sharing",True,False,False,"Minimum:  					   OS *:  Microsoft® Windows® XP or 2000 					   Processor:  2.0 Ghz Intel Pentium 4, AMD Athlon XP or equivalent processor 					   Memory:  512 MB RAM 					   Graphics:  64 MB DirectX 9.0c compatible AGP video card with Hardware Transformation and Lighting, DirectX 9.0c compatible sound card, 16 bit 					   DirectX Version:  Microsoft DirectX® 9.0c (included) 					   Hard Drive:  3.5 GB uncompressed free hard disk space   Microsoft no longer supports Windows 10 or older versions",Relic Entertainment,SEGA,0.9519,False,False,True,True,0.0,2008.0,18.3,Classic,,
774171,672,"2,000,000 .. 5,000,000",107491,11938,Muse Dash,game,False,95.0,95.0,0,2019-06-19,"Japanese<strong>*</strong>, Simplified Chinese, English, Traditional Chinese, Korean<br><strong>*</strong>languages with full audio support",,"Action,Casual,Indie","Single-player,Partial Controller Support,Steam Cloud,Remote Play on Phone,Remote Play on Tablet,Remote Play on TV,Family Sharing",True,True,False,Minimum:     OS *:  Windows 7 64bit or later    Processor:  Intel Core™ Duo or faster    Memory:  2 GB RAM    Graphics:  DirectX® 9 Compatible Graphics Card    Storage:  2 GB available space,peropero,hasuhasu,0.9,False,True,False,True,0.43,2019.0,7.0,Established,2.0,2.0
2294660,669,"200,000 .. 500,000",2956,3234,The Quinfall,game,False,340.0,340.0,0,2026-02-06,"English<strong>*</strong>, French, Italian, German, Spanish - Spain, Russian, Turkish, Japanese, Portuguese - Brazil, Polish, Ukrainian, Korean, Simplified Chinese<br><strong>*</strong>languages with full audio support",,Massively Multiplayer,"Multi-player,MMO,PvP,Online PvP,Co-op,Online Co-op,Steam Achievements,In-App Purchases",True,False,False,Minimum:    Requires a 64-bit processor and operating system    OS:  Windows® 10 64-bit    Processor:  Intel® Core™ i3-4160 / AMD CPU with 4 physical cores @ 3Ghz    Memory:  8 GB RAM    Graphics:  NVIDIA® GeForce® GT 760 2GB / AMD Radeon R9 270X    DirectX:  Version 11    Network:  Broadband Internet connection    Storage:  55 GB available space    Additional Notes:  Internet connection required to play.,Vawraek Technology Inc.,Vawraek Technology Inc.,0.4775,False,False,True,False,1.55,2026.0,0.4,Recent,8.0,55.0
109600,665,"5,000,000 .. 10,000,000",29947,8638,Neverwinter,game,True,0.0,0.0,0,2013-12-05,"English<strong>*</strong>, French, Italian, German, Russian<br><strong>*</strong>languages with full audio support",74.0,"Action,Adventure,Massively Multiplayer,RPG,Free To Play","Single-player,Multi-player,MMO,PvP,Online PvP,Co-op,Online Co-op,Steam Trading Cards,In-App Purchases",True,False,False,"Minimum:    Requires a 64-bit processor and operating system    OS:  Windows® 10/11 (64-bit)    Processor:  Core 2 Duo 2.2Ghz (or equivalent AMD CPU)    Memory:  4 GB RAM    Graphics:  NVidia GeForce GTX 4xx, ATI/AMD Radeon HD 5xxx, or Intel HD Graphics 4xxx (Direct3D Hardware Feature Level 11)    DirectX:  Version 11    Network:  Broadband Internet connection    Storage:  21 GB available space    Sound Card:  DirectX 11 compatible sound chip or onboard audio capability with the latest sound drivers",Cryptic Studios,Arc Games,0.7761,False,False,True,True,0.0,2013.0,12.5,Classic,4.0,21.0
1097150,664,"20,000,000 .. 50,000,000",385154,88589,Fall Guys,game,False,0.0,0.0,0,2020-08-03,"English, French, Italian, German, Spanish - Spain, Japanese, Korean, Portuguese - Brazil, Russian, Simplified Chinese, Traditional Chinese",80.0,"Action,Casual,Indie,Massively Multiplayer,Sports","Multi-player,MMO,PvP,Online PvP,Co-op,Online Co-op,Steam Achievements,In-App Purchases,Partial Controller Support,Remote Play on Phone,Remote Play on Tablet",True,False,False,Minimum:    Requires a 64-bit processor and operating system    OS:  Windows 10 64bit only    Processor:  Intel Core i5 or AMD equivalent    Memory:  8 GB RAM    Graphics:  NVIDIA GTX 660 or AMD Radeon HD 7950    Network:  Broadband Internet connection    Storage:  2 GB available space    Additional Notes:  Gamepad Recommended,Mediatonic,,0.813,False,True,True,False,0.0,2020.0,5.9,Established,8.0,2.0
1127400,658,"1,000,000 .. 2,000,000",21329,937,Mindustry,game,False,229.0,229.0,0,2019-09-26,"English, Spanish - Spain, Japanese, Portuguese - Portugal, Simplified Chinese, Traditional Chinese, French, German, Korean, Polish, Portuguese - Brazil, Russian, Ukrainian, Italian, Czech, Romanian, Swedish, Vietnamese, Turkish, Basque, Catalan, Indonesian",,Strategy,"Single-player,Multi-player,PvP,Online PvP,Co-op,Online Co-op,Cross-Platform Multiplayer,Steam Achievements,Steam Workshop,Steam Cloud,Stats,Includes level editor,Family Sharing",True,True,True,Minimum:     OS *:  Windows 7/8/10    Memory:  1 GB RAM    Graphics:  Any card with OpenGL 2.0 support and the framebuffer_object extension    Storage:  200 MB available space,AnukenDev,AnukenDev,0.9579,False,False,True,True,1.04,2019.0,6.7,Established,1.0,
3330,658,"500,000 .. 1,000,000",5144,253,Zuma Deluxe,game,False,24.0,120.0,80,2006-08-30,"English, French, German, Italian, Spanish - Spain",,Casual,"Single-player,Family Sharing",True,True,False,"Minimum Requirements:  Windows 98/ME/2000/XP, 128 MB RAM, 500MHz or faster, DirectX: 7.0","PopCap Games, Inc.","PopCap Games, Inc.,Electronic Arts",0.9531,False,False,False,True,0.11,2006.0,19.8,Classic,,
629730,657,"1,000,000 .. 2,000,000",55566,1919,Blade and Sorcery,game,False,992.0,992.0,0,2024-06-17,"English, French, Italian, German, Spanish - Spain, Japanese, Portuguese - Brazil, Simplified Chinese, Thai, Traditional Chinese",,"Action,Adventure,Indie,RPG,Simulation","Single-player,Steam Achievements,Tracked Controller Support,VR Only,Family Sharing",True,False,False,Minimum:     OS:  Windows 10    Processor:  Quad Core 3GHz    Memory:  8 GB RAM    Graphics:  NVIDIA GTX 1070    VR Support:  SteamVR or Oculus PCVR. Standing or Room Scale    Additional Notes:  Minimum 72Hz VR support,WarpFrog,WarpFrog,0.9666,False,True,False,True,4.51,2024.0,2.0,Recent,8.0,
363890,657,"200,000 .. 500,000",7542,748,RPG Maker MV,game,False,2299.0,2299.0,0,2015-10-23,"English, French, Italian, German, Spanish - Spain, Portuguese - Brazil, Russian, Japanese, Korean, Traditional Chinese, Arabic, Simplified Chinese",,"RPG,Design & Illustration,Education,Web Publishing,Game Development","Steam Trading Cards,Steam Workshop,Partial Controller Support",True,True,True,Minimum:     OS *:  Microsoft® Windows® 7/8/8.1/10 (32bit/64bit)    Processor:  Intel Core2 Duo or better    Memory:  4 GB RAM    Graphics:  DirectX 9/OpenGL 4.1 capable GPU    Storage:  2 GB available space    Additional Notes:  1280x768 or better Display,"Gotcha Gotcha Games,KADOKAWA,Yoji Ojima",Gotcha Gotcha Games,0.9098,False,False,False,False,10.45,2015.0,10.7,Classic,4.0,2.0
1520470,656,"2,000,000 .. 5,000,000",21945,4737,Soul Dossier,game,True,0.0,0.0,0,2021-03-29,"Simplified Chinese, English, Traditional Chinese, French, Italian, German, Spanish - Spain, Arabic, Bulgarian, Czech, Danish, Dutch, Finnish, Greek, Hungarian, Japanese, Korean, Norwegian, Polish, Portuguese - Brazil, Portuguese - Portugal, Romanian, Russian, Swedish, Thai, Turkish, Ukrainian, Vietnamese",,"Action,Adventure,Massively Multiplayer,RPG,Strategy,Free To Play","Multi-player,PvP,Online PvP,Co-op,Online Co-op,Family Sharing",True,False,False,"Minimum:    Requires a 64-bit processor and operating system    OS *:  Windows 7, Windows 8.1,Windows10    Processor:  Intel I5 8400 /AMD Ryzen5 1500X    Memory:  6 GB RAM    Graphics:  NVDIA GTX 970/ AMD RX 560    DirectX:  Version 11    Network:  Broadband Internet connection    Storage:  15 GB available space",GKD GAME,GKD GAME,0.8225,False,False,True,False,0.0,2021.0,5.2,Established,6.0,15.0
200260,655,"2,000,000 .. 5,000,000",65947,2689,Batman: Arkham City - Game of the Year Edition,game,False,119.0,599.0,80,2012-09-07,"English<strong>*</strong>, French<strong>*</strong>, German<strong>*</strong>, Italian<strong>*</strong>, Portuguese - Brazil, Russian, Spanish - Spain<strong>*</strong><br><strong>*</strong>languages with full audio support",91.0,"Action,Adventure","Single-player,Steam Achievements,Steam Trading Cards,Partial Controller Support,Steam Cloud,Family Sharing",True,False,False,"OS *:  Windows XP, Vista, 7 											   Processor:  Intel Core 2 Duo 2.4 GHz or AMD Athlon X2 4800+ 											   Memory:  2GB RAM 											   Hard Disk Space:  17 GB free hard drive space	 											   Video Card:  ATI 3850HD 512 MB or NVIDIA GeForce 8800 GT 512MB 											   DirectX®:  9.0c",Rocksteady Studios,WB Games,0.9608,False,False,False,True,0.54,2012.0,13.8,Classic,2.0,
2072450,655,"500,000 .. 1,000,000",18253,1666,Like a Dragon: Infinite Wealth,game,False,2199.0,2199.0,0,2024-01-25,"English<strong>*</strong>, French, Italian, German, Spanish - Spain, Japanese<strong>*</strong>, Korean, Simplified Chinese<strong>*</strong>, Traditional Chinese, Portuguese - Brazil, Russian<br><strong>*</strong>languages with full audio support",89.0,"Action,Adventure,RPG","Single-player,Steam Achievements,Full controller support,Steam Trading Cards,Steam Cloud,Family Sharing",True,False,False,"Minimum:    Requires a 64-bit processor and operating system    OS:  Windows 10 1903 (OS Build 18362)    Processor:  Intel Core i5-3470, 3.2 GHz or AMD Ryzen 3 1200, 3.1 GHz    Memory:  8 GB RAM    Graphics:  NVIDIA GeForce GTX 960, 4 GB or AMD Radeon RX 460, 4 GB or Intel Arc A380, 6 GB    DirectX:  Version 12    Storage:  82 GB available space    Sound Card:  Windows Compatible Audio Device    Additional Notes:  1080p Low @ 30 FPS w/ Balanced FSR 1.0, requires a CPU which supports the AVX and SSE4.2 instruction set. Microsoft no longer supports Windows 10 or older versions.",RGG Studio,SEGA,0.9164,False,False,False,True,10.0,2024.0,2.4,Modern,8.0,82.0
2826180,655,"200,000 .. 500,000",3704,159,Chill Pulse,game,False,159.0,159.0,0,2024-05-02,"English, Simplified Chinese, French, Italian, German, Spanish - Spain, Russian, Japanese, Traditional Chinese, Portuguese - Brazil, Korean",,"Adventure,Casual,Indie,Simulation","Single-player,Multi-player,Co-op,Online Co-op,Steam Achievements,Steam Cloud,Family Sharing",True,True,False,Minimum:     OS *:  Windows 7 (or Higher)    Processor:  Dual-core from Intel or AMD at 2.0 GHz    Memory:  2 GB RAM    Graphics:  Integrated GPU    Storage:  1 GB available space    Sound Card:  Any,Catos Game,Catos Game,0.9588,False,True,True,True,0.72,2024.0,2.1,Modern,2.0,1.0
1432860,653,"500,000 .. 1,000,000",18523,3933,Sun Haven,game,False,296.0,740.0,60,2023-03-10,"English, French, Italian, German, Danish, Dutch, Japanese, Korean, Portuguese - Brazil, Russian, Simplified Chinese, Spanish - Latin America, Swedish, Traditional Chinese, Ukrainian",,"Adventure,Casual,Indie,RPG,Simulation","Single-player,Multi-player,Co-op,Online Co-op,Steam Achievements,In-App Purchases,Partial Controller Support,Steam Cloud,Family Sharing",True,True,False,Minimum:     OS *:  Windows Vista or greater    Processor:  2 GHz    Memory:  4 GB RAM    Graphics:  3GB Video Memory    DirectX:  Version 10    Storage:  10 GB available space,Pixel Sprout Studios,Pixel Sprout Studios,0.8249,True,True,True,True,1.35,2023.0,3.3,Modern,4.0,10.0
454650,652,"1,000,000 .. 2,000,000",47781,5102,DRAGON BALL XENOVERSE 2,game,False,599.0,599.0,0,2016-10-27,"English<strong>*</strong>, French, Italian, German, Spanish - Spain, Polish, Portuguese - Brazil, Russian, Japanese<strong>*</strong>, Traditional Chinese, Korean, Simplified Chinese, Spanish - Latin America<br><strong>*</strong>languages with full audio support",78.0,"Action,Adventure,Casual,Massively Multiplayer","Single-player,Multi-player,MMO,PvP,Online PvP,Shared/Split Screen PvP,Co-op,Online Co-op,Steam Achievements,Full controller support,Steam Cloud,Steam Leaderboards,Family Sharing",True,False,False,Minimum:    Requires a 64-bit processor and operating system    OS:  Windows 10    Processor:  Intel Core i5-3570 / AMD Ryzen 5 1600    Memory:  4 GB RAM    Graphics:  Nvidia GeForce GTX 1030 / AMD Radeon HD 7770    DirectX:  Version 11    Network:  Broadband Internet connection,"QLOC,Dimps Corporation",Bandai Namco Entertainment,0.9035,True,False,True,True,2.72,2016.0,9.6,Established,4.0,
870780,648,"1,000,000 .. 2,000,000",44045,6403,CONTROL Ultimate Edition,game,False,1150.0,1150.0,0,2020-08-27,"English<strong>*</strong>, French<strong>*</strong>, Italian, German<strong>*</strong>, Spanish - Spain<strong>*</strong>, Arabic, Japanese, Korean, Polish, Portuguese - Brazil, Russian, Simplified Chinese, Traditional Chinese<br><strong>*</strong>languages with full audio support",85.0,"Action,Adventure","Single-player,Steam Achievements,Full controller support,Steam Trading Cards,Steam Cloud,Remote Play on Phone,Remote Play on Tablet,Remote Play on TV,HDR available,Family Sharing",True,True,False,"Minimum:    Requires a 64-bit processor and operating system    OS *:  Windows 7, 64-bit    Processor:  Intel Core i5-4690 / AMD FX 4350    Memory:  8 GB RAM    Graphics:  NVIDIA GeForce GTX 780 / AMD Radeon R9 280X    DirectX:  Version 11    Storage:  42 GB available space    Additional Notes:  Additional Features: Widescreen support 21:9 / Remappable controls / Uncapped frame-rate / G-Sync / Freesync support",Remedy Entertainment,Remedy Entertainment,0.8731,False,False,False,True,5.23,2020.0,5.8,Established,8.0,42.0
744900,647,"2,000,000 .. 5,000,000",18844,7957,Dead Frontier 2,game,True,0.0,0.0,0,2019-07-15,"English<strong>*</strong>, Portuguese - Brazil, Spanish - Spain, Portuguese - Portugal, Spanish - Latin America, German, Simplified Chinese, Russian, French, Italian, Japanese, Traditional Chinese<br><strong>*</strong>languages with full audio support",,"Action,Indie,Massively Multiplayer,RPG,Free To Play","Single-player,Multi-player,MMO,PvP,Online PvP,Co-op,Online Co-op,Steam Trading Cards,In-App Purchases,Remote Play on Tablet,Family Sharing",True,False,False,Minimum:    Requires a 64-bit processor and operating system    OS:  64-bit Windows    Processor:  Intel Core i3 or AMD FX    Memory:  8 GB RAM    Graphics:  Radeon HD 8550 or equivalent    DirectX:  Version 9.0    Network:  Broadband Internet connection    Storage:  8 GB available space    Additional Notes:  You will most likely need to play on Low graphics settings,Creaky Corpse Ltd,Creaky Corpse Ltd,0.7031,True,True,True,True,0.0,2019.0,6.9,Established,8.0,8.0
1097430,647,"200,000 .. 500,000",4733,2650,Book of Yog Idle RPG,game,True,0.0,0.0,0,2022-07-29,"English, Simplified Chinese",,"Action,Adventure,Casual,Indie,Massively Multiplayer,RPG,Strategy,Free To Play","Single-player,Multi-player,MMO,In-App Purchases,Family Sharing",True,False,False,"Minimum:     OS *:  Windows 7, Windows 8, Windows 10    Processor:  Intel Core-i3 or faster processor    Memory:  4 GB RAM    Graphics:  any type    DirectX:  Version 9.0    Storage:  400 MB available space    Sound Card:  any type",元气工作室,元气工作室,0.6411,False,True,True,True,0.0,2022.0,3.9,Modern,4.0,
2420510,645,"1,000,000 .. 2,000,000",37623,363,HoloCure - Save the Fans!,game,True,0.0,0.0,0,2023-08-16,"English, Japanese",,"Action,Adventure,Casual,Indie","Single-player,Steam Achievements,Partial Controller Support,Steam Cloud,Family Sharing",True,False,False,Minimum:    Requires a 64-bit processor and operating system    OS:  Windows 10    Memory:  300 MB RAM    Storage:  250 MB available space,KayAnimate,KayAnimate,0.9904,False,True,False,True,0.0,2023.0,2.8,Modern,,
1272080,644,"2,000,000 .. 5,000,000",25497,33195,PAYDAY 3,game,False,869.0,869.0,0,2023-09-21,"English<strong>*</strong>, French, Italian, German, Spanish - Spain, Japanese, Korean, Polish, Portuguese - Brazil, Russian, Simplified Chinese, Spanish - Latin America, Traditional Chinese, Turkish<br><strong>*</strong>languages with full audio support",66.0,"Action,Adventure,RPG","Single-player,Multi-player,Co-op,Online Co-op,Cross-Platform Multiplayer,Steam Achievements,Steam Trading Cards,In-App Purchases,Camera Comfort,Custom Volume Controls,Adjustable Difficulty,Stereo Sound,Subtitle Options,Surround Sound,Partial Controller Support,Steam Cloud,Family Sharing",True,False,False,"Minimum:    Requires a 64-bit processor and operating system    OS:  Windows 10    Processor:  Intel Core i5-9400F    Memory:  16 GB RAM    Graphics:  Nvidia GTX 1650 (4 GB) or AMD Radeon RX 580 (4GB)    Network:  Broadband Internet connection    Storage:  65 GB available space    Additional Notes:  DirectX11, DirectX12 supported",Starbreeze Studios,Starbreeze Entertainment,0.4344,True,False,True,True,3.95,2023.0,2.7,Modern,16.0,65.0
1985810,644,"500,000 .. 1,000,000",15797,3923,Call of Duty®: Black Ops Cold War,game,False,2279.0,2279.0,0,2023-03-08,"English<strong>*</strong>, French<strong>*</strong>, Italian<strong>*</strong>, German<strong>*</strong>, Spanish - Spain<strong>*</strong>, Arabic, Japanese<strong>*</strong>, Korean<strong>*</strong>, Polish<strong>*</strong>, Portuguese - Brazil<strong>*</strong>, Russian<strong>*</strong>, Spanish - Latin America<strong>*</strong>, Traditional Chinese<br><strong>*</strong>languages with full audio support",,Action,"Single-player,Multi-player,PvP,Online PvP,Co-op,Online Co-op,Cross-Platform Multiplayer,Steam Achievements,Full controller support,In-App Purchases",True,False,False,Minimum:    Requires a 64-bit processor and operating system    OS:  Windows® 10 64-bit (v.1803 or higher)    Processor:  Intel® Core™ i3-4340 or AMD FX-6300*    Memory:  8 GB RAM    Graphics:  NVIDIA® GeForce® GTX 670 / NVIDIA® GeForce® GTX 1650 or AMD Radeon™ HD 7950    DirectX:  Version 12    Network:  Broadband Internet connection    Storage:  175 GB available space,"Treyarch,Raven Software,High Moon Studios,Beenox,Activision Shanghai,Sledgehammer Games",Activision,0.8011,True,False,True,True,10.36,2023.0,3.3,Modern,8.0,175.0
225540,639,"5,000,000 .. 10,000,000",102532,19629,Just Cause™ 3,game,False,399.0,399.0,0,2015-11-30,"English<strong>*</strong>, French<strong>*</strong>, Italian<strong>*</strong>, German<strong>*</strong>, Spanish - Spain<strong>*</strong>, Arabic<strong>*</strong>, Polish, Portuguese - Brazil<strong>*</strong>, Russian<strong>*</strong>, Japanese<strong>*</strong><br><strong>*</strong>languages with full audio support",74.0,"Action,Adventure","Single-player,Steam Achievements,Full controller support,Steam Trading Cards,Steam Cloud,Remote Play on Phone,Remote Play on Tablet,Remote Play on TV,Family Sharing",True,False,False,"Minimum:     OS *:  Vista SP2 / Windows 7.1 SP1 / Windows 8.1 (64-bit Operating System Required)    Processor:  Intel Core i5-2500k, 3.3GHz / AMD Phenom II X6 1075T 3GHz    Memory:  8 GB RAM    Graphics:  NVIDIA GeForce GTX 670 (2GB) / AMD Radeon HD 7870 (2GB)    Storage:  54 GB available space",Avalanche Studios,Square Enix,0.8393,False,False,False,True,1.81,2015.0,10.6,Classic,8.0,54.0
400,638,"10,000,000 .. 20,000,000",175024,2717,Portal,game,False,310.0,310.0,0,2007-10-10,"English<strong>*</strong>, French<strong>*</strong>, German<strong>*</strong>, Russian<strong>*</strong>, Danish, Dutch, Finnish, Italian, Japanese, Norwegian, Polish, Portuguese - Portugal, Simplified Chinese, Spanish - Spain<strong>*</strong>, Swedish, Traditional Chinese<strong>*</strong>, Korean, Bulgarian, Czech, Greek, Hungarian, Portuguese - Brazil, Romanian, Spanish - Latin America, Thai, Turkish, Ukrainian<br><strong>*</strong>languages with full audio support",90.0,Action,"Single-player,Steam Achievements,Full controller support,Captions available,Camera Comfort,Custom Volume Controls,Save Anytime,Stereo Sound,Subtitle Options,Surround Sound,Includes level editor,Includes Source SDK,Commentary available,Remote Play on Phone,Remote Play on Tablet,Family Sharing",True,False,True,"Minimum:  1.7 GHz Processor, 512MB RAM, DirectX&reg; 8.1 level Graphics Card (Requires support for SSE), Windows&reg; 7 (32/64-bit)/Vista/XP, Mouse, Keyboard, Internet Connection 
			  Recommended:  Pentium 4 processor (3.0GHz, or better), 1GB RAM, DirectX&reg; 9 level Graphics Card, Windows&reg; 7 (32/64-bit)/Vista/XP, Mouse, Keyboard, Internet Connection",Valve,Valve,0.9847,True,False,False,True,1.41,2007.0,18.7,Classic,1.0,
223750,636,"5,000,000 .. 10,000,000",31661,5528,DCS World Steam Edition,game,True,0.0,0.0,0,2013-08-02,"English<strong>*</strong>, German, Spanish - Spain, Russian<strong>*</strong>, Czech, French, Simplified Chinese<br><strong>*</strong>languages with full audio support",,"Simulation,Free To Play","Single-player,Multi-player,PvP,Online PvP,LAN PvP,Co-op,Online Co-op,LAN Co-op,Tracked Controller Support,VR Supported,Captions available,VR Support,Camera Comfort,Color Alternatives,Custom Volume Controls,Adjustable Difficulty,Keyboard Only Option,Mouse Only Option,Playable without Timed Input,Save Anytime,Stereo Sound,Surround Sound,Touch Only Option,Partial Controller Support,Includes level editor",True,False,False,"Minimum:     OS:  Windows 10, 11    Processor:  Intel or AMD 3.0Ghz+ with 4+ cores    Memory:  16 GB RAM    Graphics:  Discrete AMD or NVIDIA 8GB+    DirectX:  Version 11    Storage:  200 GB available space    VR Support:  SteamVR, Oculus VR    Additional Notes:  Input: Keyboard / Mouse / Joystick",Eagle Dynamics SA,Eagle Dynamics SA,0.8514,False,False,True,True,0.0,2013.0,12.9,Classic,16.0,200.0
784080,636,"500,000 .. 1,000,000",10793,1963,MechWarrior 5: Mercenaries,game,False,154.0,619.0,75,2021-05-26,"English<strong>*</strong>, French, German, Russian, Japanese<br><strong>*</strong>languages with full audio support",73.0,"Action,Simulation","Single-player,Multi-player,Co-op,Online Co-op,Steam Achievements,Steam Workshop,Partial Controller Support,Family Sharing",True,False,False,Minimum:    Requires a 64-bit processor and operating system    OS:  Windows 10 (64-bit versions)    Processor:  Intel Core i3-7100/AMD Ryzen 3 1200    Memory:  8 GB RAM    Graphics:  NVIDIA GeForce GTX 770/AMD Radeon R9 280X    DirectX:  Version 11    Network:  Broadband Internet connection    Storage:  80 GB available space    Additional Notes:  Broadband internet connection is needed to play and host Co-op games. Internet Connection is NOT Required for Single player once the game is downloaded.,Piranha Games Inc.,Piranha Games Inc.,0.8461,False,False,True,True,0.7,2021.0,5.1,Established,8.0,80.0
22320,635,"1,000,000 .. 2,000,000",25172,1212,The Elder Scrolls III: Morrowind® Game of the Year Edition,game,False,429.0,429.0,0,2009-06-16,"English, French, German",89.0,RPG,"Single-player,Steam Cloud,Family Sharing",True,False,False,"OS *:  Windows ME/98/XP/2000 					   Processor:  500 MHz Intel Pentium III, Celeron, or AMD Athlon 					   Memory:  256 MB 					   Graphics:  32MB Direct3D Compatible video card with 32-bit color support and DirectX 8.1  					   DirectX®:  8.1 					   Hard Drive:  1GB free hard disk space 					   Sound:  DirectX 8.1 compatible sound card",Bethesda Game Studios,Bethesda Softworks,0.9541,False,False,False,True,1.95,2009.0,17.0,Classic,,
70,634,"10,000,000 .. 20,000,000",143086,5135,Half-Life,game,False,229.0,229.0,0,1998-11-19,"English<strong>*</strong>, French<strong>*</strong>, German<strong>*</strong>, Italian<strong>*</strong>, Spanish - Spain<strong>*</strong>, Simplified Chinese<strong>*</strong>, Traditional Chinese<strong>*</strong>, Korean<strong>*</strong><br><strong>*</strong>languages with full audio support",96.0,Action,"Single-player,Multi-player,PvP,Online PvP,Full controller support,Color Alternatives,Custom Volume Controls,Adjustable Difficulty,Keyboard Only Option,Playable without Timed Input,Save Anytime,Stereo Sound,Steam Cloud,Valve Anti-Cheat enabled,Remote Play on Phone,Remote Play on Tablet,Family Sharing",True,True,True,"Minimum:  500 mhz processor, 96mb ram, 16mb video card, Windows XP, Mouse, Keyboard, Internet Connection  
			  Recommended:  800 mhz processor, 128mb ram, 32mb+ video card, Windows XP, Mouse, Keyboard, Internet Connection",Valve,Valve,0.9654,False,False,True,True,1.04,1998.0,27.6,Classic,,
494840,633,"500,000 .. 1,000,000",19746,3742,UBOAT,game,False,885.0,885.0,0,2024-08-02,"English<strong>*</strong>, French, Italian, German<strong>*</strong>, Spanish - Spain, Polish, Russian, Korean, Simplified Chinese, Turkish, Czech, Portuguese - Portugal, Japanese<br><strong>*</strong>languages with full audio support",,"Action,Indie,RPG,Simulation,Strategy","Single-player,Steam Achievements,Steam Workshop,Steam Workshop,Steam Cloud,Family Sharing",True,False,False,Minimum:     OS *:  Windows 7 64 Bit / Windows 8 64 Bit / Windows 10 64 Bit / Windows 11 64 Bit    Processor:  Core i3 3.1 GHz or AMD Phenom II X3 2.8 GHz    Memory:  6 GB RAM    Graphics:  GeForce GTX 750 Ti 2GB (1080p Low) or AMD equivalents    DirectX:  Version 11    Storage:  71 GB available space    Sound Card:  DirectX compatible,Deep Water Studio,PlayWay S.A.,0.8407,False,True,False,True,4.02,2024.0,1.9,Recent,6.0,71.0
2527500,631,"1,000,000 .. 2,000,000",108883,2204,MiSide,game,False,364.0,455.0,20,2024-12-10,"English<strong>*</strong>, Russian<strong>*</strong>, Japanese<strong>*</strong>, Simplified Chinese<strong>*</strong>, French<strong>*</strong>, German<strong>*</strong>, Korean, Italian, Spanish - Spain<strong>*</strong>, Ukrainian, Turkish<strong>*</strong>, Polish, Portuguese - Brazil<strong>*</strong>, Portuguese - Portugal<strong>*</strong>, Spanish - Latin America<strong>*</strong>, Vietnamese, Hungarian, Indonesian, Thai, Swedish, Romanian, Traditional Chinese, Persian, Serbian, Filipino, Croatian, Bulgarian, Czech, Belarusian, Kazakh, Slovak<br><strong>*</strong>languages with full audio support",,"Adventure,Indie,RPG,Simulation","Single-player,Steam Achievements,Family Sharing",True,False,False,"Minimum:     OS *:  Windows 7/8/10    Processor:  Intel Core i5-2300 @ 2,80 GHz, AMD FX 8120 @ 3.1 GHz    Memory:  4 GB RAM    Graphics:  NVIDIA GT 630 / 650m, AMD Radeon HD6570 or equivalent    DirectX:  Version 10    Storage:  2 GB available space    Sound Card:  100% DirectX 9.0c compatible sound card",AIHASTO,"IndieArk,Shochiku (Japan)",0.9802,True,True,False,True,1.65,2024.0,1.5,Recent,4.0,2.0
690790,631,"1,000,000 .. 2,000,000",39383,5212,DiRT Rally 2.0,game,False,370.0,529.0,30,2019-02-25,"English<strong>*</strong>, French<strong>*</strong>, Italian<strong>*</strong>, German<strong>*</strong>, Spanish - Spain<strong>*</strong>, Polish<strong>*</strong>, Portuguese - Brazil<strong>*</strong>, Japanese<strong>*</strong><br><strong>*</strong>languages with full audio support",84.0,"Racing,Simulation,Sports","Single-player,Multi-player,PvP,Online PvP,Steam Achievements,Full controller support,VR Supported,Steam Cloud,Valve Anti-Cheat enabled,Family Sharing",True,False,False,"Minimum:    Requires a 64-bit processor and operating system    OS *:  64bit versions of Windows® 7, Windows® 8, Windows® 10    Processor:  AMD FX4300 or Intel Core i3 2130    Memory:  8 GB RAM    Graphics:  AMD HD7750 or NVIDIA GTX650Ti    DirectX:  Version 11    Network:  Broadband Internet connection    Storage:  100 GB available space    Sound Card:  DirectX® Compatible soundcard    VR Support:  SteamVR or Oculus PC",Codemasters,"Codemasters,Electronic Arts",0.8831,False,False,True,True,1.68,2019.0,7.3,Established,8.0,100.0
2369390,627,"500,000 .. 1,000,000",19411,7737,Far Cry® 6,game,False,2299.0,2299.0,0,2023-05-11,"English<strong>*</strong>, French<strong>*</strong>, Italian, German<strong>*</strong>, Spanish - Spain, Arabic, Japanese<strong>*</strong>, Korean, Portuguese - Brazil<strong>*</strong>, Russian<strong>*</strong>, Simplified Chinese, Spanish - Latin America<strong>*</strong>, Thai, Traditional Chinese<br><strong>*</strong>languages with full audio support",,"Action,Adventure","Single-player,Multi-player,Co-op,Online Co-op,Steam Achievements,Captions available,In-App Purchases,Partial Controller Support,HDR available",True,False,False,"Minimum:    Requires a 64-bit processor and operating system    OS:  Windows 10 (20H1 version or newer, 64-bit versions)    Processor:  AMD Ryzen 3 1200 @ 3. GHz or Intel Core i5-4460 @ 3.1 GHz (AVX, AVX2 and SSE 4.2 support required)    Memory:  8 GB RAM    Graphics:  AMD RX 460 (4 GB) or NVIDIA GeForce GTX 960 (4 GB)    DirectX:  Version 12    Storage:  170 GB available space    Additional Notes:  Please note that the minimum requirement for running the HD Texture Pack for Far Cry 6 is 12GB of VRAM. For 4K configurations, you will need 16GB of VRAM.   If you download and run the HD Texture Pack with lower VRAM capabilities, you will encounter performance issues while playing.","Ubisoft Toronto,Ubisoft Montreal,Ubisoft Kyiv,Ubisoft Shanghai,Ubisoft Berlin",Ubisoft,0.715,True,False,True,True,10.45,2023.0,3.1,Modern,8.0,170.0
1211020,625,"1,000,000 .. 2,000,000",26141,799,Wobbly Life,game,False,481.0,740.0,35,2025-09-18,"English, French, German, Spanish - Spain, Japanese, Korean, Polish, Portuguese - Brazil, Portuguese - Portugal, Russian, Simplified Chinese, Traditional Chinese",,"Action,Adventure,Casual,Indie,Simulation","Single-player,Multi-player,Co-op,Online Co-op,Shared/Split Screen Co-op,Shared/Split Screen,Steam Achievements,Full controller support,Steam Trading Cards,Steam Workshop,Steam Cloud,Remote Play on TV,Family Sharing",True,False,False,Minimum:     OS:  Windows 10 (64 Bit)    Processor:  Intel Core i7-6700 or equivalent    Memory:  8 GB RAM    Graphics:  GeForce GTX 1060 or equivalent    DirectX:  Version 11    Storage:  2 GB available space,RubberBandGames,RubberBandGames,0.9703,False,True,True,True,2.19,2025.0,0.8,Recent,8.0,2.0
1809540,625,"1,000,000 .. 2,000,000",27488,1408,Nine Sols,game,False,885.0,885.0,0,2024-05-28,"English, Simplified Chinese, Traditional Chinese, Japanese, Korean, French, German, Russian, Ukrainian, Portuguese - Brazil, Spanish - Latin America, Italian, Spanish - Spain, Polish",,"Action,Adventure,Indie","Single-player,Steam Achievements,Full controller support,Color Alternatives,Custom Volume Controls,Adjustable Difficulty,Keyboard Only Option,Stereo Sound,Steam Cloud,Steam Leaderboards,Family Sharing",True,True,False,Minimum:    Requires a 64-bit processor and operating system    OS:  Windows 10 64bit    Processor:  AMD Athlon X4 | Intel Core i5 4460    Memory:  8 GB RAM    Graphics:  Nvidia GTX 950 | AMD R7 370    DirectX:  Version 11    Storage:  15 GB available space,RedCandleGames,RedCandleGames,0.9513,True,True,False,True,4.02,2024.0,2.1,Modern,8.0,15.0
729040,620,"1,000,000 .. 2,000,000",20262,4221,Borderlands Game of the Year Enhanced,game,False,164.0,499.0,67,2023-08-31,"English<strong>*</strong>, French<strong>*</strong>, Italian<strong>*</strong>, German<strong>*</strong>, Spanish - Spain<strong>*</strong>, Japanese<strong>*</strong><br><strong>*</strong>languages with full audio support",,"Action,RPG","Single-player,Multi-player,Co-op,Online Co-op,Steam Achievements,Partial Controller Support,Steam Cloud,Family Sharing",True,False,False,"Minimum:    Requires a 64-bit processor and operating system    OS *:  Windows 7 64-Bit    Processor:  Intel Core i3 530 @2.93GHz/AMD Phenom 9950 @2.6GHz    Memory:  4 GB RAM    Graphics:  Geforce GTX 660, Radeon HD 6970    DirectX:  Version 11    Storage:  25 GB available space    Sound Card:  Directx 9.0c","Gearbox Software,Blind Squirrel Games",2K,0.8276,False,False,True,True,0.75,2023.0,2.8,Modern,4.0,25.0
3900,620,"1,000,000 .. 2,000,000",3134,241,Sid Meier's Civilization® IV,game,False,110.0,551.0,80,2006-10-25,"English, French, German, Italian, Spanish - Spain",94.0,Strategy,"Single-player,Multi-player,Includes level editor,Family Sharing",True,True,False,"Minimum:  Windows 2000/XP, 1.2GHz Intel Pentium 4 or AMD Athlon processor or equivalent, 256MB RAM, 64 MB Video Card w/ Hardware T&amp;L (GeForce 2/Radeon 7500 or better) DirectX7 compatible sound card, 1.7GB of free hard drive space, DirectX9.0c (included) 					 Recommended:  Windows 2000/XP, 1.8GHz Intel Pentium 4 or AMD Athlon processor or equivalent/better, 512 MB RAM, 128 MB Video Card w/ DirectX 8 support (pixel and vertex shaders), DirectX7 compatible sound card, 1.7GB of free hard drive space, DirectX9.0c (included)",Firaxis Games,2K,0.9286,False,False,True,True,0.5,2006.0,19.7,Classic,,
1284410,619,"1,000,000 .. 2,000,000",24044,5320,GWENT: The Witcher Card Game,game,True,0.0,0.0,0,2020-05-19,"English<strong>*</strong>, French<strong>*</strong>, Italian, German<strong>*</strong>, Spanish - Spain, Japanese, Korean, Polish<strong>*</strong>, Russian<strong>*</strong>, Simplified Chinese<strong>*</strong>, Portuguese - Brazil, Spanish - Latin America<br><strong>*</strong>languages with full audio support",80.0,"RPG,Strategy,Free To Play","Single-player,Multi-player,PvP,Online PvP,Cross-Platform Multiplayer,Steam Achievements,Steam Trading Cards,In-App Purchases,Camera Comfort,Color Alternatives,Custom Volume Controls,Mouse Only Option,Playable without Timed Input,Stereo Sound,Surround Sound,Partial Controller Support,Remote Play on Tablet,Family Sharing",True,False,False,Minimum:    Requires a 64-bit processor and operating system    OS:  10    Processor:  Intel Celeron G1820 | AMD A4-7300    Memory:  4 GB RAM    Graphics:  NVIDIA GeForce GT 730 | Radeon R7 240,CD PROJEKT RED,CD PROJEKT RED,0.8188,True,False,True,True,0.0,2020.0,6.1,Established,4.0,
1118310,619,"1,000,000 .. 2,000,000",7224,839,RetroArch,game,True,0.0,0.0,0,2022-05-27,"English, French, Italian, German, Dutch, Greek, Japanese, Korean, Norwegian, Polish, Portuguese - Portugal, Portuguese - Brazil, Russian, Swedish, Turkish, Vietnamese, Simplified Chinese, Traditional Chinese, Spanish - Spain",,Free To Play,"Single-player,Multi-player,PvP,Online PvP,LAN PvP,Shared/Split Screen PvP,Co-op,Online Co-op,LAN Co-op,Shared/Split Screen Co-op,Shared/Split Screen,Full controller support,Steam Cloud,Remote Play on Phone,Remote Play on Tablet,Remote Play on TV,Remote Play Together,HDR available,Family Sharing",True,True,True,"Minimum:     OS:  Microsoft Windows 10    Processor:  Intel Pentium 4 and up (CPU with SSE2 instructions required)    Memory:  32 MB RAM    Graphics:  Any compliant OpenGL 2.x or Direct3D11 GPU. For shaders to work properly, should support at least Shader Model 2.0.    DirectX:  Version 11    Additional Notes:  For OpenGL: Intel HD 2K/3K GPUs on Windows 10 will have to fall back to an OpenGL 1.1 driver.",Libretro,Libretro,0.8959,False,False,True,True,0.0,2022.0,4.1,Modern,,
203140,618,"2,000,000 .. 5,000,000",51769,3932,Hitman: Absolution™,game,False,429.0,429.0,0,2012-11-19,"English<strong>*</strong>, French<strong>*</strong>, German<strong>*</strong>, Italian<strong>*</strong>, Spanish - Spain<strong>*</strong>, Polish<strong>*</strong>, Russian<strong>*</strong>, Turkish<br><strong>*</strong>languages with full audio support",79.0,Action,"Single-player,Steam Achievements,Steam Trading Cards,Partial Controller Support,Steam Cloud,Family Sharing",True,False,False,"Minimum:     OS *:  Windows Vista, 7 	   Processor:  True dual core CPU (Intel, AMD)  	   Hard Drive Space:  24GB 	   Memory:  2 GB RAM  	   Video Card:  NV8600 512 Mb RAM, or AMD equivalent 	   DirectX®:  10",Io-Interactive A/S,Io-Interactive A/S,0.9294,False,False,False,True,1.95,2012.0,13.6,Classic,2.0,
1846380,618,"1,000,000 .. 2,000,000",29906,19702,Need for Speed™ Unbound,game,False,300.0,3000.0,90,2022-12-01,"English<strong>*</strong>, French<strong>*</strong>, Italian<strong>*</strong>, German<strong>*</strong>, Spanish - Spain<strong>*</strong>, Arabic, Japanese<strong>*</strong>, Korean, Polish<strong>*</strong>, Portuguese - Brazil, Simplified Chinese<strong>*</strong>, Traditional Chinese<br><strong>*</strong>languages with full audio support",,"Action,Racing","Single-player,Multi-player,PvP,Cross-Platform Multiplayer,Steam Achievements,Chat Speech-to-text,Adjustable Difficulty,Keyboard Only Option,Playable without Timed Input,Stereo Sound,Surround Sound,Partial Controller Support,HDR available",True,False,False,"Minimum:    Requires a 64-bit processor and operating system    OS:  Windows 10 64-bit    Processor:  Ryzen 5 2600, Core i5-8600    Memory:  8 GB RAM    Graphics:  RX 570, GTX 1050 Ti    DirectX:  Version 12    Network:  Broadband Internet connection    Storage:  50 GB available space",Criterion Games,Electronic Arts,0.6028,False,False,True,True,1.36,2022.0,3.6,Modern,8.0,50.0
445220,618,"500,000 .. 1,000,000",12286,1328,Avorion,game,False,740.0,740.0,0,2020-03-09,"English<strong>*</strong>, German<strong>*</strong>, Spanish - Spain, Russian, Simplified Chinese, Spanish - Latin America, French, Japanese, Portuguese - Brazil<br><strong>*</strong>languages with full audio support",,"Action,Indie,Simulation","Single-player,Multi-player,PvP,Online PvP,LAN PvP,Co-op,Online Co-op,LAN Co-op,Cross-Platform Multiplayer,Steam Achievements,Steam Trading Cards,Steam Workshop,Valve Anti-Cheat enabled,Stats,Family Sharing",True,True,True,"Minimum:    Requires a 64-bit processor and operating system    OS *:  Windows 7 or higher    Processor:  Intel i5 @ 3.0 GHz or AMD equivalent    Memory:  4 GB RAM    Graphics:  Nvidia Geforce 550 or equivalent (full OpenGL 3.0 support required)    Network:  Broadband Internet connection    Storage:  1 GB available space    Additional Notes:  Middle mouse button, mouse wheel required. No Internet connection required for Singleplayer.",Boxelware,Boxelware,0.9025,True,True,True,True,3.36,2020.0,6.3,Established,4.0,1.0
636480,617,"1,000,000 .. 2,000,000",71341,2264,Ravenfield,game,False,540.0,540.0,0,2017-05-18,English,,"Action,Indie,Early Access","Single-player,Steam Workshop,Partial Controller Support,Includes level editor,Family Sharing",True,True,True,"Minimum:     OS *:  Windows 7 SP1    Processor:  32-bit, 2 GHz or Faster    Memory:  4 GB RAM    Graphics:  Intel HD 4000    DirectX:  Version 10    Storage:  1 GB available space",SteelRaven7,SteelRaven7,0.9692,False,True,False,True,2.45,2017.0,9.1,Established,4.0,1.0
20900,616,"2,000,000 .. 5,000,000",73569,9135,The Witcher: Enhanced Edition Director's Cut,game,False,38.0,259.0,85,2008-09-16,"English, French, German, Spanish - Spain, Italian, Czech, Russian, Hungarian, Polish, Traditional Chinese (text only)",86.0,"Action,RPG","Single-player,Camera Comfort,Color Alternatives,Custom Volume Controls,Adjustable Difficulty,Mouse Only Option,Playable without Timed Input,Save Anytime,Stereo Sound,Steam Cloud,Family Sharing",True,True,False,"Minimum:   					   Supported OS:  Microsoft® Windows® /XP/Vista 					   DirectX Version:  DirectX 9.0c (included) or higher 					   Processor:  Intel Pentium 4 2.4 GHz or Athlon 64 +2800 (Intel Pentium 4 3.0 GHz or AMD Athlon 64 +3000 recommended). Athlon XP series, such as the Athlon XP +2400, is not supported 					   Graphics:  NVIDIA GeForce 6600 or ATI Radeon 9800 or better (NVIDIA GeForce 7800 GTX or ATI Radeon X1950 XT or better recommended) 					   Memory:  1 GB RAM (2 GB RAM recommended) 					   Sound:  DirectX version 9.0c-compatible sound card 					   Hard Drive:  15 GB Free",CD PROJEKT RED,"CD PROJEKT RED,1C-SoftClub",0.8895,False,False,False,True,0.17,2008.0,17.8,Classic,1.0,
209000,616,"2,000,000 .. 5,000,000",51192,6071,Batman™: Arkham Origins,game,False,119.0,599.0,80,2013-10-24,"English<strong>*</strong>, German<strong>*</strong>, French<strong>*</strong>, Italian<strong>*</strong>, Korean, Spanish - Spain<strong>*</strong>, Russian, Polish, Portuguese - Brazil<strong>*</strong><br><strong>*</strong>languages with full audio support",74.0,"Action,Adventure","Single-player,Steam Achievements,Full controller support,Steam Trading Cards,Steam Cloud,Steam Leaderboards,Family Sharing",True,False,False,"Minimum:     OS *: 32-bit:  Vista, Win 7, Win 8 	   Processor: Intel Core 2 Duo, 2.4 GHz / AMD Athlon X2, 2.8 GHz 	   Memory: 2 GB RAM 	   Graphics: NVIDIA GeForce 8800 GTS / AMD Radeon HD 3850 or better with 512 MB of VRAM 	   DirectX®: 9.0c            Hard Drive Space: 20 GB            Other Requirements: Broadband Internet connection            Additional Notes: Windows XP and DirectX® 9.0b and below not supported","WB Games Montreal,Splash Damage",Warner Bros. Interactive Entertainment,0.894,False,False,False,True,0.54,2013.0,12.7,Classic,2.0,
207610,614,"2,000,000 .. 5,000,000",71633,1995,The Walking Dead,game,False,455.0,455.0,0,2012-04-24,"English<strong>*</strong>, French, Italian, German, Spanish - Spain<br><strong>*</strong>languages with full audio support",82.0,Adventure,"Single-player,Steam Achievements,Full controller support,Steam Trading Cards,Family Sharing",True,True,False,Minimum:     OS:  XP Service Pack 3 	   Processor:  2.0 GHz Pentium 4 or equivalent  	   Memory:  3 GB RAM  	   Hard Disk Space:  2 GB 	   Video Card:  ATI or nVidia card with 512 MB RAM (not supported on Intel integrated graphics) 	   DirectX®:  Direct X 9.0c  	   Sound:  Direct X 9.0c sound device,Telltale Games,Skybound Games,0.9729,False,False,False,True,2.07,2012.0,14.2,Classic,3.0,
2212330,613,"1,000,000 .. 2,000,000",30716,1160,Your Only Move Is HUSTLE,game,False,159.0,159.0,0,2023-02-02,English,,"Action,Indie,Simulation,Strategy","Single-player,Multi-player,PvP,Online PvP,LAN PvP,Family Sharing",True,False,True,Minimum:    Requires a 64-bit processor and operating system    OS *:  WIndows 7 64 Bit    Processor:  i5-7300U    Memory:  512 MB RAM    Graphics:  Integrated Graphics    Network:  Broadband Internet connection    Storage:  256 MB available space,Ivy Sly,Ivy Sly,0.9636,False,True,True,True,0.72,2023.0,3.4,Modern,,
258890,611,"50,000 .. 100,000",1321,340,Type:Rider,game,False,120.0,120.0,0,2013-11-06,"English, French, Italian, German, Spanish - Spain",,"Action,Adventure,Casual,Indie","Single-player,Steam Achievements,Full controller support,Steam Trading Cards,Steam Cloud,Family Sharing",True,True,True,Minimum:     OS *:  Windows XP    Processor:  Core 2 Duo    Memory:  2 GB RAM    Graphics:  3D accelerated    DirectX:  Version 9.0    Network:  Broadband Internet connection    Storage:  500 MB available space    Sound Card:  Compatible SB16,"Ex Nihilo,ARTE France",ARTE France,0.7953,False,True,False,True,0.55,2013.0,12.6,Classic,2.0,
3097560,605,"2,000,000 .. 5,000,000",44341,4209,Liar's Bar,game,False,220.0,220.0,0,2024-10-02,"English<strong>*</strong>, Turkish, Simplified Chinese, Russian<br><strong>*</strong>languages with full audio support",,"Casual,Indie,Simulation,Strategy,Early Access","Multi-player,PvP,Online PvP,Co-op,Online Co-op,Family Sharing",True,False,False,Minimum:    Requires a 64-bit processor and operating system    OS:  Windows® 10 (64-bit)    Processor:  Intel® Core™ i5-4670 (quad-core) / AMD® FX-Series™ FX-4350 (quad-core)    Memory:  4 GB RAM    Graphics:  NVIDIA® GeForce® GTX 1050 (2 GB) / AMD® Radeon™ RX-460 (4 GB) / Intel® Arc™ A380 (6 GB)    DirectX:  Version 11    Network:  Broadband Internet connection    Storage:  15 GB available space,Curve Animation,Curve Animation,0.9133,False,True,True,False,1.0,2024.0,1.7,Recent,4.0,15.0
1066890,605,"200,000 .. 500,000",10137,872,Automobilista 2,game,False,799.0,799.0,0,2020-06-30,"English<strong>*</strong>, French, German, Spanish - Spain, Portuguese - Brazil, Spanish - Latin America<br><strong>*</strong>languages with full audio support",,"Action,Indie,Racing,Simulation,Sports","Single-player,Multi-player,PvP,Online PvP,LAN PvP,Full controller support,VR Supported,Family Sharing",True,False,True,Minimum:    Requires a 64-bit processor and operating system    OS *:  Windows 10 (+ specific versions of 7)    Processor:  3.5 GHz Intel Core i5 3450 or AMD FX-8350    Memory:  8 GB RAM    Graphics:  GTX680 or equivalent    DirectX:  Version 11    Network:  Broadband Internet connection    Storage:  120 GB available space    Sound Card:  DirectX compatible sound card    VR Support:  SteamVR or Oculus PC. Keyboard or gamepad required,Reiza Studios,Reiza Studios,0.9208,True,True,True,True,3.63,2020.0,6.0,Established,8.0,120.0
35140,601,"2,000,000 .. 5,000,000",70940,2711,Batman: Arkham Asylum Game of the Year Edition,game,False,89.0,599.0,85,2010-03-26,"English, French, German, Italian, Spanish - Spain",91.0,"Action,Adventure","Single-player,Steam Achievements,Steam Trading Cards,Partial Controller Support,Steam Cloud,Family Sharing",True,False,False,OS:  Vista/XP 	                       Processor:  3Ghz Intel or AMD or any Dual Core 	                       Memory:  1GB Ram(XP)/2GB Ram 	                       Graphics:  PCI Express SM3 NVidia 6600/ ATI 1300 	                       DirectX®:  9 	                       Hard Drive:  8GB free space 	                       Sound:  Any onboard sound card,Rocksteady Studios,WB Games,0.9632,False,False,False,True,0.4,2010.0,16.2,Classic,1.0,
2103140,600,"500,000 .. 1,000,000",12485,1048,Magicraft,game,False,485.0,485.0,0,2024-11-01,"English, Simplified Chinese, Traditional Chinese, Japanese, German, Russian, Korean",,"Action,Adventure,Indie,RPG","Single-player,Steam Achievements,Full controller support,Steam Cloud,Family Sharing",True,False,False,Minimum:     OS *:  Windows 7 or later    Processor:  Intel Core i3-3240 (2 * 3400); AMD FX-4300 (4 * 3800)    Memory:  16 GB RAM    Graphics:   GeForce GTX 560 Ti (1024 VRAM); Radeon HD 7750 (1024 VRAM)    DirectX:  Version 10    Storage:  2 GB available space,Wave Games,bilibili,0.9226,False,True,False,True,2.2,2024.0,1.6,Recent,16.0,2.0
389730,599,"2,000,000 .. 5,000,000",77227,15580,TEKKEN 7,game,False,1239.0,1239.0,0,2017-06-01,"English<strong>*</strong>, French, Italian, German, Spanish - Spain, Arabic, Japanese, Korean, Portuguese - Brazil, Russian, Traditional Chinese<br><strong>*</strong>languages with full audio support",82.0,"Action,Sports","Single-player,Multi-player,PvP,Online PvP,Shared/Split Screen PvP,Shared/Split Screen,Steam Achievements,Full controller support,Steam Trading Cards,Steam Cloud,Steam Leaderboards,Remote Play on TV,Remote Play Together,Family Sharing",True,False,False,"Minimum:    Requires a 64-bit processor and operating system    OS *:  Windows 7/8/10 (64-bit OS required)    Processor:  Intel Core i3-4160 @ 3.60GHz or equivalent    Memory:  6 GB RAM    Graphics:  NVIDIA GeForce GTX 660 2GB, GTX 750Ti 2GB, or equivalent    DirectX:  Version 11    Network:  Broadband Internet connection    Storage:  60 GB available space    Sound Card:  DirectX compatible soundcard or onboard chipset",BANDAI NAMCO Studios Inc.,BANDAI NAMCO Entertainment,0.8321,False,False,True,True,5.63,2017.0,9.1,Established,6.0,60.0
475150,599,"2,000,000 .. 5,000,000",32295,3226,Titan Quest Anniversary Edition,game,False,107.0,429.0,75,2016-08-31,"English<strong>*</strong>, French<strong>*</strong>, Italian, German<strong>*</strong>, Spanish - Spain, Czech, Polish, Russian<strong>*</strong>, Japanese, Korean, Simplified Chinese, Ukrainian<br><strong>*</strong>languages with full audio support",,"Action,RPG","Single-player,Multi-player,PvP,Online PvP,Co-op,Online Co-op,Steam Achievements,Steam Trading Cards,Steam Workshop,Partial Controller Support,Steam Cloud,Includes level editor,Family Sharing",True,False,False,Minimum:     OS *:  Windows XP / Vista / 7 / 8 / 10 32 or 64 bit    Processor:  2.0 GHz CPU    Memory:  1 GB RAM    Graphics:  128 MB NVIDIA GeForce 6800 series or ATI Radeon X800 series or equivalent    DirectX:  Version 9.0c    Storage:  5 GB available space    Sound Card:  DirectX compatible,"Iron Lore Entertainment,THQ Nordic",THQ Nordic,0.9092,False,False,True,True,0.49,2016.0,9.8,Established,1.0,5.0
17390,599,"2,000,000 .. 5,000,000",61124,4996,SPORE™,game,False,85.0,429.0,80,2008-12-19,"English, Czech, Danish, German, Spanish - Spain, Finnish, French, Italian, Hungarian, Dutch, Norwegian, Polish, Russian, Swedish, Portuguese - Portugal",84.0,"Action,Adventure,Casual,RPG,Simulation,Strategy","Single-player,Steam Trading Cards,Family Sharing",True,False,False,"Supported OS:  Microsoft Windows® XP with Service Pack 1 and Vista 					   Processor:  2.0 GHz Intel Pentium® 4 or equivalent 					   Memory:  512 MB RAM (768 MB RAM for Vista) 					   Graphics:  128 MB Video Card, with support for Pixel Shader 2.0 					   DirectX®:  The latest version of DirectX 9.0c or higher 					   Hard Drive:  At least 4 GB of hard drive space, with at least 1 GB additional space for creations    For computers using built-in graphics chipsets under Windows, the game requires at least:  					  Intel Integrated Chipset, 945GM or above 					  2.6 GHz Pentium D CPU, or 1.8 GHz Core 2 Duo, or equivalent 					  768 MB RAM",Maxis™,Electronic Arts,0.9244,False,False,False,True,0.39,2008.0,17.5,Classic,,
2239710,599,"100,000 .. 200,000",3827,634,Into the Dead: Our Darkest Days,game,False,740.0,740.0,0,2025-04-09,"English<strong>*</strong>, Simplified Chinese, French, German, Spanish - Spain, Korean, Portuguese - Brazil, Russian, Italian, Traditional Chinese, Thai, Japanese<br><strong>*</strong>languages with full audio support",,"Action,Simulation,Strategy,Early Access","Single-player,Full controller support,Family Sharing",True,True,False,Minimum:    Requires a 64-bit processor and operating system    OS:  Windows 10    Processor:  Intel i5-4460 / AMD FX-8350    Memory:  8 GB RAM    Graphics:  NVIDIA GeForce GTX 960 2GB / AMD Radeon R9 280 3GB    DirectX:  Version 11,PikPok,"Boltray Games (China),PikPok (worldwide)",0.8579,False,False,False,True,3.36,2025.0,1.2,Recent,8.0,
955900,598,"500,000 .. 1,000,000",19720,3289,Amazing Cultivation Simulator,game,False,529.0,529.0,0,2020-11-24,"Simplified Chinese<strong>*</strong>, English<strong>*</strong><br><strong>*</strong>languages with full audio support",,,"Single-player,Steam Achievements,Steam Trading Cards,Steam Workshop,Steam Cloud,Stats,Family Sharing",True,False,False,Minimum:     OS *:  Windows 7 64 Bit    Processor:  Not specified    Memory:  8 GB RAM    Graphics:  Not specified    Storage:  1000 MB available space    Sound Card:  Not specified    Additional Notes:  Not specified,GSQ Games,"GSQ Games,Gamirror Games",0.8571,False,False,False,True,2.4,2020.0,5.6,Established,8.0,
1651560,598,"200,000 .. 500,000",5342,862,Fabledom,game,False,739.0,739.0,0,2024-05-13,"English<strong>*</strong>, Simplified Chinese, Traditional Chinese, French, German, Spanish - Spain, Russian, Portuguese - Brazil, Japanese<br><strong>*</strong>languages with full audio support",77.0,"Casual,Simulation,Strategy","Single-player,Steam Cloud,Family Sharing",True,False,False,Minimum:     OS:  Windows 10 64-bit    Processor:  Intel Core i5 3470 @ 3.2 GHz | AMD FX 8120 @ 3.9 GHz    Memory:  8 GB RAM    Graphics:  GTX 1060 / RX 580,Grenaa Games,"Dear Villagers,Doyoyo Games",0.8611,False,False,False,True,3.36,2024.0,2.1,Modern,8.0,
280680,598,"200,000 .. 500,000",4835,215,Krita,game,False,310.0,310.0,0,2014-06-10,"English, French, Italian, German, Spanish - Spain, Arabic, Czech, Danish, Dutch, Finnish, Greek, Hungarian, Japanese, Korean, Norwegian, Polish, Portuguese - Portugal, Portuguese - Brazil, Romanian, Russian, Simplified Chinese, Swedish, Thai, Turkish, Traditional Chinese, Bulgarian, Indonesian, Spanish - Latin America, Ukrainian, Vietnamese, Afrikaans, Basque, Belarusian, Bosnian, Catalan, Croatian, Estonian, Galician, Georgian, Hebrew, Hindi, Icelandic, Irish, Kazakh, Khmer, Latvian, Lithuanian, Persian, Valencian, Welsh, Albanian, Macedonian, Malay, Marathi, Nepali, Punjabi (Gurmukhi), Slovak, Slovenian, Tajik, Tamil, Uyghur, Uzbek",,"Indie,Animation & Modeling,Design & Illustration,Photo Editing","Single-player,Steam Cloud",True,True,True,Minimum:    Requires a 64-bit processor and operating system    OS *:  Windows 8.1    Processor:  1.6 Ghz Dual-core CPU    Memory:  4 GB RAM    Storage:  1 GB available space,"Krita Team,Krita Community Contributors",Krita Team,0.9574,True,True,False,True,1.41,2014.0,12.0,Classic,4.0,1.0
1040200,596,"500,000 .. 1,000,000",21567,451,Crime Scene Cleaner,game,False,992.0,992.0,0,2024-08-14,"English<strong>*</strong>, French, Italian, German, Spanish - Spain, Simplified Chinese, Polish, Russian, Portuguese - Brazil, Turkish, Japanese, Korean, Traditional Chinese, Czech, Dutch, Portuguese - Portugal<br><strong>*</strong>languages with full audio support",,"Action,Simulation","Single-player,Steam Achievements,Full controller support,Steam Cloud,Family Sharing",True,False,False,Minimum:    Requires a 64-bit processor and operating system    OS:  Windows 10/11    Processor:  i5-7500 or similar    Memory:  16 GB RAM    Graphics:  GTX 1060 (Integrated Graphic Cards are not supported)    Storage:  35 GB available space    Additional Notes:  Integrated Graphic Cards are not supported. Intel ARC series may not be supported yet.,President Studio,"President Studio,PlayWay S.A.",0.9795,False,False,False,True,4.51,2024.0,1.8,Recent,16.0,35.0
2217000,596,"200,000 .. 500,000",5963,1331,Rivals of Aether II,game,False,885.0,885.0,0,2024-10-23,"English, French, German, Spanish - Spain, Japanese, Portuguese - Brazil, Spanish - Latin America",,"Action,Indie","Multi-player,PvP,Online PvP,Shared/Split Screen PvP,Shared/Split Screen,Steam Achievements,Full controller support,In-App Purchases,Remote Play Together,Family Sharing",True,False,False,"Minimum:    Requires a 64-bit processor and operating system    OS:  Window 10+ 64 Bit    Processor:  3.0 GHz Dual core    Memory:  8 GB RAM    Graphics:  NVIDIA GeForce GTX 1060, AMD Radeon RX 470, or better    DirectX:  Version 11    Network:  Broadband Internet connection    Storage:  20 GB available space",Aether Studios,"Aether Studios,offbrand games",0.8175,True,True,True,False,4.02,2024.0,1.7,Recent,8.0,20.0
610080,595,"1,000,000 .. 2,000,000",6185,917,Realm Grinder,game,True,0.0,0.0,0,2017-06-15,"English, French, Italian, German, Spanish - Spain, Portuguese - Brazil, Russian",,"Free To Play,RPG,Strategy","Single-player,Steam Achievements,Steam Trading Cards,In-App Purchases,Family Sharing",True,True,False,Minimum:     OS *:  Windows 7    Processor:  Core i5 or Core i7    Memory:  1 GB RAM    Graphics:  GTX 400 Series or Better,Divine Games,Kongregate,0.8709,False,False,False,True,0.0,2017.0,9.0,Established,1.0,
1102190,595,"500,000 .. 1,000,000",20995,873,Monster Train,game,False,740.0,740.0,0,2020-05-21,"English<strong>*</strong>, French, German, Portuguese - Brazil, Russian, Simplified Chinese<br><strong>*</strong>languages with full audio support",86.0,Strategy,"Single-player,Multi-player,PvP,Online PvP,Steam Achievements,Full controller support,Steam Trading Cards,Steam Cloud,Remote Play on Phone,Remote Play on Tablet,Family Sharing",True,False,False,Minimum:    Requires a 64-bit processor and operating system    OS *:  Windows 7    Processor:  Core i3    Memory:  4 GB RAM    Graphics:  IGP or better    DirectX:  Version 11    Storage:  2 GB available space,Shiny Shoe,Good Shepherd Entertainment,0.9601,False,False,True,True,3.36,2020.0,6.1,Established,4.0,2.0
2393160,594,"20,000 .. 50,000",837,98,Nice Day for Fishing,game,False,271.0,799.0,66,2025-05-29,"English, French, German, Spanish - Spain, Simplified Chinese",,"Adventure,RPG","Single-player,Steam Achievements,Full controller support,Steam Cloud,Family Sharing",True,False,False,"Minimum:     OS:  Windows 10    Processor:  Intel Core i5-650 or AMD Phenom II X4 965    Memory:  8 GB RAM    Graphics:  NVIDIA GeForce GTX 460, 1 GB or AMD Radeon HD 5870, 2 GB    DirectX:  Version 10",FusionPlay,Team17,0.8952,False,False,False,True,1.23,2025.0,1.1,Recent,8.0,
666140,593,"1,000,000 .. 2,000,000",39671,3599,My Time at Portia,game,False,890.0,890.0,0,2019-01-15,"English<strong>*</strong>, Simplified Chinese<strong>*</strong>, French, German, Traditional Chinese, Italian, Spanish - Spain, Japanese, Korean, Russian, Turkish, Portuguese - Brazil<br><strong>*</strong>languages with full audio support",73.0,"Adventure,Casual,Indie,RPG,Simulation","Single-player,Steam Achievements,Full controller support,Steam Trading Cards,Steam Cloud,Remote Play on Phone,Remote Play on Tablet,Remote Play on TV,Family Sharing",True,True,False,"Minimum:    Requires a 64-bit processor and operating system    OS *:  Windows 7+ / 8.1 / 10 64 bit    Processor:  Intel i3 Processor    Memory:  6 GB RAM    Graphics:  ATI 7770, Nvidia GeForce GTX 660 2GB    DirectX:  Version 10    Storage:  6 GB available space",Pathea Games,Focus Entertainment,0.9168,False,True,False,True,4.05,2019.0,7.4,Established,6.0,6.0
200510,590,"2,000,000 .. 5,000,000",52717,3697,XCOM: Enemy Unknown,game,False,569.0,569.0,0,2012-10-11,"English<strong>*</strong>, German<strong>*</strong>, French<strong>*</strong>, Italian<strong>*</strong>, Korean, Spanish - Spain<strong>*</strong>, Russian<strong>*</strong>, Japanese, Polish<strong>*</strong>, Traditional Chinese<br><strong>*</strong>languages with full audio support",89.0,Strategy,"Single-player,Multi-player,Cross-Platform Multiplayer,Steam Achievements,Full controller support,Steam Trading Cards,Steam Cloud,Remote Play on TV,Family Sharing",True,False,True,"Minimum:     OS *: Windows Vista 	   Processor: 2 GHz Dual Core  	   Memory: 2 GB RAM 	   Graphics: NVIDIA GeForce 8600 GT / ATI Radeon HD 2600 XT or greater  	   DirectX®: 9.0 	   Hard Drive: 20 GB HD space 	   Sound: DirectX Compatible 	   Other Requirements: Broadband Internet connection 	   Additional: Initial installation requires one-time internet connection for Steam authentication; software installations required (included with the game) include Steam Client, Visual C++ 2008 Redistributable, DirectX and Microsoft .NET 4.","Firaxis Games,Feral Interactive (Linux)","2K,Feral Interactive (Linux)",0.9345,False,False,True,True,2.59,2012.0,13.7,Classic,2.0,
640820,590,"2,000,000 .. 5,000,000",26001,7420,Pathfinder: Kingmaker — Enhanced Plus Edition,game,False,699.0,699.0,0,2018-09-25,"English<strong>*</strong>, French, German, Russian, Simplified Chinese<br><strong>*</strong>languages with full audio support",73.0,"Adventure,RPG","Single-player,Steam Achievements,Full controller support,Steam Trading Cards,Steam Cloud,Remote Play on Tablet,Family Sharing",True,True,True,Minimum:    Requires a 64-bit processor and operating system    OS *:  Windows 7 64-bit or newer    Processor:  Intel Celeron 1037U @ 1.80GHz    Memory:  4 GB RAM    Graphics:  Intel HD Graphics 3000    Storage:  30 GB available space    Sound Card:  DirectX Compatible Sound Card,Owlcat Games,Knights Peak,0.778,False,False,False,True,3.18,2018.0,7.7,Established,4.0,30.0
1721470,588,"5,000,000 .. 10,000,000",84113,14801,Poppy Playtime,game,True,0.0,0.0,0,2021-10-12,"English<strong>*</strong>, French, Italian, German, Portuguese - Brazil<strong>*</strong>, Russian, Spanish - Latin America<strong>*</strong>, Japanese, Korean<strong>*</strong><br><strong>*</strong>languages with full audio support",,"Action,Adventure,Indie","Single-player,Family Sharing",True,False,False,Minimum:    Requires a 64-bit processor and operating system    OS:  Windows 10    Processor:  Intel Core i5    Memory:  8 GB RAM    Graphics:  Nvidia GeForce GTX 1060 / Radeon RX 580    Storage:  20 GB available space,Mob Entertainment,Mob Entertainment,0.8504,True,True,False,True,0.0,2021.0,4.7,Modern,8.0,20.0
252530,587,"1,000,000 .. 2,000,000",11270,1923,OMSI 2: Steam Edition,game,False,885.0,885.0,0,2013-12-11,"English, German<strong>*</strong>, French<br><strong>*</strong>languages with full audio support",,"Casual,Simulation","Single-player,Full controller support,Includes level editor,Family Sharing",True,False,False,Minimum:     OS *:  Windows 7/8    Processor:  2.6 GHz    Memory:  2 GB RAM    Graphics:  GeForce or comparable AMD with minimum 512 MB    DirectX:  Version 9.0c,MR-Software GbR,Aerosoft GmbH,0.8542,False,False,False,True,4.02,2013.0,12.5,Classic,2.0,
2988300,583,"0 .. 20,000",0,0,Bugtopia,game,False,132.0,189.0,30,2025-05-21,"Simplified Chinese, English, Japanese, Traditional Chinese, Portuguese - Brazil, Korean",,"Casual,Indie,Simulation","Single-player,Steam Achievements,Custom Volume Controls,Playable without Timed Input,Save Anytime,Steam Cloud,Family Sharing",True,False,False,Minimum:    Requires a 64-bit processor and operating system    OS:  Windows 10    Processor:  Intel or AMD Dual Core at 2 GHz or better    Memory:  2 GB RAM    DirectX:  Version 11    Storage:  2 GB available space,Nocturnal Games,GCORES PUBLISHING,,False,True,False,True,0.6,2025.0,1.1,Recent,2.0,2.0
750920,582,"2,000,000 .. 5,000,000",66684,12759,Shadow of the Tomb Raider: Definitive Edition,game,False,1269.0,1269.0,0,2018-09-14,"English<strong>*</strong>, French<strong>*</strong>, Italian<strong>*</strong>, German<strong>*</strong>, Spanish - Spain<strong>*</strong>, Korean, Polish<strong>*</strong>, Portuguese - Brazil<strong>*</strong>, Russian<strong>*</strong>, Simplified Chinese<strong>*</strong>, Traditional Chinese<strong>*</strong>, Arabic<strong>*</strong><br><strong>*</strong>languages with full audio support",77.0,"Action,Adventure","Single-player,Steam Achievements,Full controller support,Steam Trading Cards,Steam Cloud,Remote Play on Phone,Remote Play on Tablet,Remote Play on TV,Family Sharing",True,True,True,Minimum:     OS *:  Windows 7 64 bit    Processor:  i3-3220 INTEL or AMD Equivalent    Memory:  8 GB RAM    Graphics:  Nvidia GTX 660/GTX 1050 or AMD Radeon HD 7770    DirectX:  Version 11    Storage:  40 GB available space,"Eidos-Montréal,Crystal Dynamics,Nixxes,Feral Interactive (Mac),Feral interactive (Linux)","Crystal Dynamics,Feral Interactive (Mac),Feral interactive (Linux)",0.8394,False,False,False,True,5.77,2018.0,7.8,Established,8.0,40.0
718670,582,"500,000 .. 1,000,000",10292,2711,Cultist Simulator,game,False,429.0,429.0,0,2018-05-31,"English, Simplified Chinese, Russian, German, Japanese, French, Spanish - Spain",71.0,"Indie,RPG,Simulation","Single-player,Steam Achievements,Steam Trading Cards,Steam Workshop,Adjustable Text Size,Color Alternatives,Custom Volume Controls,Mouse Only Option,Playable without Timed Input,Steam Cloud,Remote Play on Tablet,Family Sharing",True,True,True,"Minimum:    Requires a 64-bit processor and operating system    OS *:  Windows 7 or later    Processor:  2GHz or better    Memory:  1 GB RAM    Graphics:  1280x768 minimum resolution, post-2012 graphics hardware    DirectX:  Version 9.0c    Storage:  500 MB available space    Sound Card:  DirectX 9.0c compatible",Weather Factory,Weather Factory,0.7915,False,True,False,True,1.95,2018.0,8.1,Established,1.0,
872790,581,"1,000,000 .. 2,000,000",10827,1653,Football Manager 2019,game,False,0.0,0.0,0,2018-11-02,"English, French, Italian, German, Spanish - Spain, Czech, Danish, Dutch, Greek, Korean, Norwegian, Polish, Portuguese - Portugal, Russian, Simplified Chinese, Swedish, Traditional Chinese, Turkish",86.0,"Simulation,Sports","Single-player,Multi-player,Steam Achievements,Steam Trading Cards,Steam Workshop,Steam Cloud,Steam Leaderboards,Remote Play on Tablet,Family Sharing",True,True,False,"Minimum:     OS *:  Windows 7 (SP1), 8/8.1, 10 (1803/April 2018 Update) – 64-bit or 32-bit    Processor:  Intel Pentium 4, Intel Core or AMD Athlon – 2.2 GHz +    Memory:  2 GB RAM    Graphics:  Intel GMA X4500, NVIDIA GeForce 9600M GT or AMD/ATI Mobility Radeon HD 3650 – 256MB VRAM    DirectX:  Version 9.0c    Storage:  7 GB available space",Sports Interactive,SEGA,0.8675,False,False,True,True,0.0,2018.0,7.6,Established,2.0,7.0
2967990,581,"100,000 .. 200,000",2969,732,Train Sim World® 5,game,False,1159.0,1159.0,0,2024-09-17,"English<strong>*</strong>, French<strong>*</strong>, German<strong>*</strong>, Spanish - Spain, Russian, Simplified Chinese, Polish, Italian<br><strong>*</strong>languages with full audio support",,Simulation,"Single-player,Steam Achievements,Camera Comfort,Custom Volume Controls,Playable without Timed Input,Subtitle Options,Partial Controller Support,Family Sharing",True,False,False,"Minimum:     OS *:  64-bit Windows 8.1, 10 or Windows 11    Processor:  Intel Core i5-4690 @ 3.5 GHz or AMD Ryzen 5 1500X @ 3.7 GHz    Memory:  8 GB RAM    Graphics:  NVIDIA GeForce GTX 750 Ti or AMD Radeon RX 460 with 2 GB VRAM or more    DirectX:  Version 10    Network:  Broadband Internet connection    Storage:  35 GB available space    Sound Card:  DirectX Compatible    Additional Notes:  Requires mouse and keyboard or Xbox Controller",Dovetail Games,Dovetail Games - TSW,0.8022,False,False,False,True,5.27,2024.0,1.8,Recent,8.0,35.0
898920,577,"200,000 .. 500,000",3663,1021,Axis & Allies 1942 Online,game,False,595.0,595.0,0,2021-11-09,"English<strong>*</strong>, French<strong>*</strong>, Italian<strong>*</strong>, German<strong>*</strong>, Spanish - Spain<strong>*</strong>, Polish<strong>*</strong>, Portuguese - Brazil<strong>*</strong>, Russian<strong>*</strong><br><strong>*</strong>languages with full audio support",,Strategy,"Single-player,Multi-player,PvP,Online PvP,Shared/Split Screen PvP,Co-op,Online Co-op,Shared/Split Screen Co-op,Shared/Split Screen,Cross-Platform Multiplayer,Partial Controller Support,Family Sharing",True,True,True,"Minimum:    Requires a 64-bit processor and operating system    OS *:  Windows 7 64-bit or Newer    Processor:  Intel Pentium (Sandy Bridge Architecture) or newer OR AMD A6 APU    Memory:  6 GB RAM    Graphics:  Intel HD 3000 Integrated Video Card or Better    Network:  Broadband Internet connection    Storage:  600 MB available space    Additional Notes:  1366 x 768 or greater screen resolution, Steam Early Access version requires online connection",Beamdog,Beamdog,0.782,False,False,True,True,2.7,2021.0,4.6,Modern,6.0,
492720,575,"1,000,000 .. 2,000,000",23776,3415,Tropico 6,game,False,999.0,999.0,0,2019-03-29,"English<strong>*</strong>, French<strong>*</strong>, Italian<strong>*</strong>, German<strong>*</strong>, Spanish - Spain<strong>*</strong>, Russian<strong>*</strong>, Korean, Portuguese - Brazil, Simplified Chinese<strong>*</strong>, Arabic<strong>*</strong>, Japanese<strong>*</strong><br><strong>*</strong>languages with full audio support",78.0,"Simulation,Strategy","Single-player,Multi-player,PvP,Online PvP,Co-op,Online Co-op,Steam Achievements,Full controller support,Steam Trading Cards,Steam Workshop,Steam Cloud,Remote Play on TV,Family Sharing",True,True,True,"Minimum:    Requires a 64-bit processor and operating system    OS *:  Windows 7 64-bit    Processor:  AMD or Intel, 3 GHz (AMD A10 7850K, Intel i3-2000)    Memory:  8 GB RAM    Graphics:  AMD/NVIDIA dedicated GPU, 2GB dedicated VRAM (Radeon HD 7870, Geforce GTX 750)    DirectX:  Version 11    Storage:  16 GB available space","Limbic Entertainment,Realmforge Studios",Kalypso Media,0.8744,False,False,True,True,4.54,2019.0,7.2,Established,8.0,16.0
1296610,574,"500,000 .. 1,000,000",13369,2624,Peglin,game,False,595.0,595.0,0,2024-08-27,"English, German, Japanese, Portuguese - Brazil, Spanish - Latin America, French, Simplified Chinese, Traditional Chinese, Korean, Russian, Ukrainian, Italian, Spanish - Spain",,"Casual,Indie,RPG,Strategy","Single-player,Steam Achievements,Full controller support,Steam Trading Cards,Steam Cloud,Stats,Family Sharing",True,True,False,Minimum:    Requires a 64-bit processor and operating system    OS *:  Windows 7    Processor:  2.0GHz    Memory:  2048 MB RAM    Graphics:  Integrated Graphics    Storage:  300 MB available space,Red Nexus Games Inc.,"Red Nexus Games Inc.,IndieArk",0.8359,True,True,False,True,2.7,2024.0,1.8,Recent,,
1153410,574,"50,000 .. 100,000",1593,543,JDM: Japanese Drift Master,game,False,1030.0,1030.0,0,2025-05-21,"English<strong>*</strong>, French, Italian, German, Spanish - Spain, Japanese, Polish, Portuguese - Brazil, Simplified Chinese, Traditional Chinese, Turkish, Korean, Russian, Portuguese - Portugal, Ukrainian<br><strong>*</strong>languages with full audio support",,"Casual,Racing,Simulation,Sports","Single-player,Multi-player,Steam Achievements,Full controller support,Steam Trading Cards,Steam Cloud,Steam Leaderboards,Family Sharing",True,False,False,Minimum:    Requires a 64-bit processor and operating system    OS:  64-bit Windows 10/11    Processor:  Intel i5-9400F or Ryzen 5 2600    Memory:  16 GB RAM    Graphics:  Intel Arc A580 or GeForce GTX1660 or Radeon Rx590 8gb    DirectX:  Version 12    Storage:  18 GB available space    Additional Notes:  Playing on minimum requirements should enable to play on Low quality settings in FullHD (1080p) in stable 60 FPS. SSD is recommended.,Gaming Factory,"Gaming Factory,4Divinity,Beep Japan Inc.",0.7458,False,False,True,True,4.68,2025.0,1.1,Recent,16.0,18.0
2141730,569,"500,000 .. 1,000,000",19915,2854,Backrooms: Escape Together,game,False,310.0,310.0,0,2022-10-18,"English<strong>*</strong>, French<strong>*</strong>, German<strong>*</strong>, Spanish - Spain<strong>*</strong>, Portuguese - Brazil<strong>*</strong>, Russian<strong>*</strong>, Italian<strong>*</strong>, Turkish<strong>*</strong>, Spanish - Latin America<strong>*</strong>, Polish<strong>*</strong>, Simplified Chinese<strong>*</strong>, Ukrainian<strong>*</strong>, Arabic<strong>*</strong>, Korean<strong>*</strong>, Persian<strong>*</strong>, Japanese<strong>*</strong>, Hungarian<strong>*</strong>, Czech<strong>*</strong>, Portuguese - Portugal<strong>*</strong>, Swedish<strong>*</strong>, Traditional Chinese<strong>*</strong>, Indonesian<strong>*</strong><br><strong>*</strong>languages with full audio support",,"Action,Adventure,Casual,Indie,Early Access","Single-player,Multi-player,Co-op,Online Co-op,Steam Achievements,Full controller support,Camera Comfort,Color Alternatives,Custom Volume Controls,Playable without Timed Input,Stereo Sound,Surround Sound,Steam Cloud,Family Sharing",True,False,False,"Minimum:    Requires a 64-bit processor and operating system    OS:  Windows 10 64-bit version 1909 revision .1350    Processor:  Intel Core i5-4430    Memory:  4 GB RAM    Graphics:   NVIDIA GeForce GTX 960 2GB / AMD Radeon R7 370 2GB    DirectX:  Version 11    Storage:  15 GB available space    Additional Notes:  Latest drivers for AMD and NVIDIA GPUs are required. If on AMD, you must be on the latest OPTIONAL drivers.",Triiodide Studios,Triiodide Studios,0.8747,True,True,True,True,1.41,2022.0,3.7,Modern,4.0,15.0
388080,569,"200,000 .. 500,000",3300,633,Borderless Gaming,game,False,220.0,220.0,0,2015-07-23,"English, German, Russian, French, Simplified Chinese, Spanish - Spain, Korean, Polish, Traditional Chinese, Japanese, Ukrainian, Italian, Arabic, Bulgarian, Czech, Danish, Dutch, Finnish, Greek, Hungarian, Indonesian, Norwegian, Portuguese - Brazil, Portuguese - Portugal, Romanian, Spanish - Latin America, Swedish, Thai, Turkish, Vietnamese",,"Action,Utilities","Single-player,Steam Achievements,Full controller support,Steam Trading Cards,Steam Cloud",True,False,True,Minimum:    Requires a 64-bit processor and operating system    OS *:  Windows XP    Memory:  50 MB RAM    Graphics:  Close your eyes and open them to simulate fading effects during operation.    Storage:  200 MB available space    Additional Notes:  Could probably run on a microwave.,AndrewMD5,"Codeusa,viorae",0.8391,True,False,False,True,1.0,2015.0,10.9,Classic,,
1054490,569,"100,000 .. 200,000",9736,581,Wingspan,game,False,231.0,579.0,60,2020-09-17,"English<strong>*</strong>, Simplified Chinese<strong>*</strong>, French, Italian, German, Spanish - Spain, Japanese, Korean, Polish<strong>*</strong>, Portuguese - Brazil, Russian, Traditional Chinese<strong>*</strong>, Ukrainian<br><strong>*</strong>languages with full audio support",84.0,"Indie,Strategy","Single-player,Multi-player,PvP,Online PvP,Shared/Split Screen PvP,Co-op,Online Co-op,Shared/Split Screen Co-op,Cross-Platform Multiplayer,Steam Achievements,Steam Trading Cards,Partial Controller Support,Steam Cloud,Steam Leaderboards,Steam Turn Notifications,Remote Play Together,Family Sharing",True,True,False,Minimum:     OS *:  Microsoft® Windows® 7 / 8 / 10  64 Bit    Processor:  i5-2430M    Memory:  4 GB RAM    Graphics:  Nvidia GT540    Storage:  2 GB available space    Sound Card:  DirectX compatible,Monster Couch,"Monster Couch,Stonemaier Games,indienova",0.9437,False,True,True,True,1.05,2020.0,5.8,Established,4.0,2.0
671860,568,"5,000,000 .. 10,000,000",120458,22666,BattleBit Remastered,game,False,580.0,580.0,0,2023-06-15,"English, French, Italian, German, Spanish - Spain, Arabic, Czech, Dutch, Finnish, Hungarian, Japanese, Korean, Norwegian, Polish, Portuguese - Brazil, Russian, Simplified Chinese, Traditional Chinese, Turkish, Ukrainian, Vietnamese, Belarusian, Estonian, Macedonian, Serbian, Slovak, Swedish",,"Action,Massively Multiplayer,Early Access","Multi-player,MMO,PvP,Online PvP,Partial Controller Support",True,False,False,Minimum:    Requires a 64-bit processor and operating system    OS:  Windows 10 (x64) - Windows 11 (x64)    Processor:  Intel Core i5-2310    Memory:  6 GB RAM    Graphics:  Geforce GTS 450 or equivalent or better    DirectX:  Version 11    Network:  Broadband Internet connection    Storage:  2 GB available space,"SgtOkiDoki,Vilaskis,TheLiquidHorse",SgtOkiDoki,0.8416,False,False,True,False,2.64,2023.0,3.0,Modern,6.0,2.0
2351560,567,"200,000 .. 500,000",3708,1363,Apocalypse Party,game,False,155.0,310.0,50,2023-11-30,"Simplified Chinese, English, Traditional Chinese, Korean, Russian, Japanese",,"Action,Casual,Indie,Strategy","Single-player,Multi-player,Co-op,Online Co-op,Steam Achievements,Full controller support,Steam Cloud,Family Sharing",True,False,False,"Minimum:     OS *:  Windows 7 or newer, 64-bit    Processor:  Intel Core i3-6100 / AMD FX-8350    Memory:  16 GB RAM    Graphics:  GTX 1060 / AMD Radeon RX580    DirectX:  Version 11    Network:  Broadband Internet connection    Storage:  6 GB available space    Sound Card:  DirectX 11 Compatible",Breaker Games,"Breaker Games,Kepler Ghost",0.7312,False,True,True,True,0.7,2023.0,2.6,Modern,16.0,6.0
21690,566,"1,000,000 .. 2,000,000",42807,6310,Resident Evil 5,game,False,620.0,620.0,0,2009-09-15,"English<strong>*</strong>, French, German, Italian, Japanese, Spanish - Spain, Czech, Polish, Russian<br><strong>*</strong>languages with full audio support",86.0,"Action,Adventure","Single-player,Multi-player,Co-op,Steam Achievements,Full controller support,Steam Trading Cards,Steam Cloud,Steam Leaderboards,Family Sharing",True,False,False,"Supported OS:  Windows®10                                     Processor:  Intel Core™ 2 Quad 2.4GHz or better, AMD Phenom™ II x4 3.4GHZ or better                                     Memory:  4GB or better              Graphics:  512 MB VRAM, NVIDIA® GeForce 9800 series or better, ATI Radeon HD 7770 or better            Display:   Minimum 800 x 600 pixel resolution            Sound:  DirectSound Compatible (DirectX 9.0c or higher)                 DirectX®:  DirectX 9.0c / Shader 3.0  or better                               Hard Drive:  15 GB free hard drive space                     Peripherals:  Keyboard and mouse                  Internet connection required for game activation.",Capcom,Capcom,0.8715,False,False,True,True,2.82,2009.0,16.8,Classic,,
1213210,564,"1,000,000 .. 2,000,000",29891,3069,Command & Conquer™ Remastered Collection,game,False,160.0,800.0,80,2020-06-05,"English<strong>*</strong>, French<strong>*</strong>, German<strong>*</strong>, Spanish - Spain, Polish, Russian, Simplified Chinese, Traditional Chinese<br><strong>*</strong>languages with full audio support",82.0,Strategy,"Single-player,Multi-player,PvP,Online PvP,Steam Achievements,Steam Workshop,Steam Cloud,Includes level editor,Family Sharing",True,False,False,Minimum:    Requires a 64-bit processor and operating system    OS *:  Windows 8.1/10 (64-bit Version)    Processor:  Intel Core 2 Duo E4600 @ 2.4ghz or AMD Athlon 64 X2 6400 @ 2.4ghz    Memory:  4 GB RAM    Graphics:  NVIDIA GeForce GT 420 or ATI Radeon HD 5570    DirectX:  Version 11    Network:  Broadband Internet connection    Storage:  32 GB available space,"Petroglyph,Lemon Sky Studios",Electronic Arts,0.9069,False,False,True,True,0.73,2020.0,6.0,Established,4.0,32.0
234140,563,"2,000,000 .. 5,000,000",76230,6430,Mad Max,game,False,599.0,599.0,0,2015-09-01,"English<strong>*</strong>, French, Italian, German, Spanish - Spain, Japanese, Polish, Portuguese - Brazil, Russian<br><strong>*</strong>languages with full audio support",73.0,"Action,Adventure","Single-player,Steam Achievements,Full controller support,Steam Trading Cards,Steam Cloud,Remote Play on Phone,Remote Play on Tablet,Remote Play on TV,Family Sharing",True,False,False,"Minimum:     OS *:  64 bit: Vista, Win 7, Win 8, Win 10    Processor:  Intel Core i5-650, 3.2 GHz or AMD Phenom II X4 965, 3.4 Ghz    Memory:  6 GB RAM    Graphics:  NVIDIA GeForce GTX 660ti (2 GB Memory or higher) or AMD Radeon HD 7870 (2 GB Memory or higher)    DirectX:  Version 11    Storage:  32 GB available space    Additional Notes:  PlayStation 4 controller support",Avalanche Studios,"Warner Bros. Games,Warner Bros. Interactive Entertainment",0.9222,False,False,False,True,2.72,2015.0,10.8,Classic,6.0,32.0
1017900,559,"500,000 .. 1,000,000",11700,2240,Age of Empires: Definitive Edition,game,False,429.0,429.0,0,2019-08-19,"English<strong>*</strong>, French<strong>*</strong>, Italian<strong>*</strong>, German<strong>*</strong>, Spanish - Spain<strong>*</strong>, Japanese<strong>*</strong>, Korean<strong>*</strong>, Portuguese - Brazil, Russian, Simplified Chinese<strong>*</strong>, Spanish - Latin America<strong>*</strong>, Traditional Chinese, Vietnamese<br><strong>*</strong>languages with full audio support",69.0,Strategy,"Single-player,Multi-player,PvP,Online PvP,LAN PvP,Cross-Platform Multiplayer,Steam Achievements,Steam Trading Cards,Steam Cloud,Includes level editor,Family Sharing",True,False,False,"Minimum:    Requires a 64-bit processor and operating system    OS:  Windows 10 64bit    Processor:  1.8 Ghz+ Dual Core or greater i5 or AMD equivalent    Memory:  4 GB RAM    Graphics:  DirectX 11.0 compatible card with Direct3D Feature Level 11_0 or higher support and 1GB of free memory -  Intel: HD 4000 (Ivy Bridge CPU)or better GPU -  nVidia: GT 430 or better desktop GPU, or GT 425M or better mobile GPU -  AMD: Radeon HD 5500 or better Desktop GPU, or Mobility Radeon 5650 or better mobile GPU    DirectX:  Version 11    Network:  Broadband Internet connection    Storage:  20 GB available space","World's Edge,Forgotten Empires,Tantalus",Xbox Game Studios,0.8393,True,False,True,True,1.95,2019.0,6.8,Established,4.0,20.0
1072040,559,"100,000 .. 200,000",3191,587,Panzer Corps 2,game,False,1150.0,1150.0,0,2020-03-19,"English<strong>*</strong>, German, Spanish - Spain, Russian, Simplified Chinese, French, Polish, Portuguese - Brazil<br><strong>*</strong>languages with full audio support",86.0,Strategy,"Single-player,Multi-player,PvP,Online PvP,Shared/Split Screen PvP,Co-op,Online Co-op,Shared/Split Screen Co-op,Shared/Split Screen,Steam Achievements,Steam Workshop,Steam Cloud,Family Sharing",True,False,False,"Minimum:     OS *:  64-bit Windows 8/10 (the game runs on Windows 7 but no support will be provided)    Processor:  Intel or AMD, Dual Core or better (Requires a 64-bit processor and operating system)    Memory:  8 GB RAM    Graphics:  nVidia or AMD, 2GB VRAM    DirectX:  Version 11    Storage:  12 GB available space    Sound Card:  DirectX compatible sound device",Flashback Games,Slitherine Ltd.,0.8446,False,False,True,True,5.23,2020.0,6.3,Established,8.0,12.0
298110,558,"2,000,000 .. 5,000,000",51618,9649,Far Cry® 4,game,False,999.0,999.0,0,2014-11-17,"English<strong>*</strong>, French<strong>*</strong>, Italian<strong>*</strong>, German<strong>*</strong>, Spanish - Spain<strong>*</strong>, Czech, Danish, Dutch, Finnish, Japanese<strong>*</strong>, Korean, Polish, Portuguese - Brazil<strong>*</strong>, Russian, Swedish, Norwegian, Simplified Chinese, Traditional Chinese<br><strong>*</strong>languages with full audio support",80.0,"Action,Adventure","Single-player,Multi-player,Co-op,Steam Achievements,Partial Controller Support",True,False,False,"Minimum:     OS:  Windows 10 (64-bit)    Processor:  2.6 GHz Intel® Core™ i5-750 or 3.2 GHz AMD Phenom™ II X4 955    Memory:  4 GB RAM    Graphics:  NVIDIA GeForce GTX 460 or AMD Radeon HD5850 (1 GB VRAM)    DirectX:  Version 11    Network:  Broadband Internet connection    Storage:  30 GB available space    Sound Card:  DirectX-compatible (5.1 surround sound recommended)    Additional Notes:  Windows-compatible keyboard, mouse, optional controller (Xbox 360 Controller for Windows recommended)","Ubisoft Montreal, Red Storm, Shanghai, Toronto, Kiev",Ubisoft,0.8425,False,False,True,True,4.54,2014.0,11.6,Classic,4.0,30.0
2384620,558,"20,000 .. 50,000",838,117,Out of the Park Baseball 25,game,False,0.0,0.0,0,2024-03-15,"English<strong>*</strong>, Korean<strong>*</strong><br><strong>*</strong>languages with full audio support",,"Indie,Simulation,Sports,Strategy","Single-player,Multi-player,MMO,PvP,Online PvP,Cross-Platform Multiplayer,Steam Achievements,Steam Trading Cards,Steam Workshop,In-App Purchases,Family Sharing",True,True,False,"Minimum:    Requires a 64-bit processor and operating system    OS:  Win8.x/Win10/Win11    Processor:  Intel or AMD, 64 bit    Memory:  2 GB RAM    Graphics:  OpenGL 3.1 or newer, min. 512 MB GPU memory    Storage:  3 GB available space",Out of the Park Developments,Out of the Park Developments,0.8775,False,True,True,True,0.0,2024.0,2.3,Modern,2.0,3.0
203160,556,"5,000,000 .. 10,000,000",238239,9691,Tomb Raider Game of the Year,game,False,629.0,629.0,0,2013-03-04,"English<strong>*</strong>, German<strong>*</strong>, French<strong>*</strong>, Italian<strong>*</strong>, Korean, Spanish - Spain<strong>*</strong>, Traditional Chinese, Russian<strong>*</strong>, Polish<strong>*</strong>, Dutch, Czech, Portuguese - Brazil, Arabic<strong>*</strong><br><strong>*</strong>languages with full audio support",86.0,"Action,Adventure","Single-player,Multi-player,Steam Achievements,Full controller support,Steam Trading Cards,Steam Cloud,Remote Play on Phone,Remote Play on Tablet,Remote Play on TV,Family Sharing",True,True,False,"Minimum:     OS *: Windows XP Service Pack 3, Windows Vista,7,8 (32bit/64bit) 	   Processor: Dual core CPU: AMD Athlon64 X2 2.1 Ghz (4050+), Intel Core2 Duo 1.86 Ghz (E6300) 	   Memory: 1GB Memory (2GB on Vista)  	   Graphics: DirectX 9 graphics card with 512Mb Video RAM: AMD Radeon HD 2600 XT, nVidia 8600 	   DirectX®: 9.0c 	   Hard Drive: 12 GB HD space 	   Other Requirements: Broadband Internet connection","Crystal Dynamics,Eidos-Montréal,Feral Interactive (Mac),Nixxes","Crystal Dynamics,Feral Interactive (Mac)",0.9609,False,False,True,True,2.86,2013.0,13.3,Classic,,
1557740,555,"2,000,000 .. 5,000,000",34893,1765,ROUNDS,game,False,170.0,170.0,0,2021-04-01,"English, French, Italian, German, Spanish - Spain, Japanese, Portuguese - Brazil, Russian, Simplified Chinese",,"Action,Indie","Multi-player,PvP,Online PvP,Shared/Split Screen PvP,Shared/Split Screen,Partial Controller Support,Remote Play Together,Family Sharing",True,True,False,Minimum:    Requires a 64-bit processor and operating system    OS:  Windows 10     Processor:  2.5    Memory:  8 GB RAM    Graphics:  Intel Core i5-2400 @ 3.1 GHz or AMD FX-6300 @ 3.5 GHz or equivalent    DirectX:  Version 10    Storage:  4 GB available space    Additional Notes:  - Requires a 64-bit processor and operating system,Landfall,Landfall,0.9519,False,True,True,False,0.77,2021.0,5.2,Established,8.0,4.0
293760,554,"500,000 .. 1,000,000",13506,951,Automation - The Car Company Tycoon Game,game,False,885.0,885.0,0,2015-03-12,"English<strong>*</strong>, French, German, Spanish - Spain, Polish, Italian, Japanese, Portuguese - Brazil, Portuguese - Portugal, Russian, Simplified Chinese, Turkish, Indonesian<br><strong>*</strong>languages with full audio support",,"Indie,Racing,Simulation,Strategy,Early Access","Single-player,Multi-player,PvP,Online PvP,Steam Workshop,Steam Cloud,Family Sharing",True,False,False,"Minimum:    Requires a 64-bit processor and operating system    OS *:  Windows 7, 8, 10 - 64 bit    Processor:  Dual Core    Memory:  8 GB RAM    Graphics:  Support Shader Model 5.0 (Intel HD4000 Integrated, Geforce 400 Series, Radeon HD2000 Series)    DirectX:  Version 11    Storage:  30 GB available space    Additional Notes:  Requirements for Ultra Low Settings.    Framerate may be poor in some situations.",Camshaft Software Ltd,Camshaft Software Ltd,0.9342,False,True,True,True,4.02,2015.0,11.3,Classic,8.0,30.0
1669980,553,"1,000,000 .. 2,000,000",40290,890,Volcano Princess,game,False,338.0,338.0,0,2023-04-20,"Simplified Chinese, English, Japanese, Korean",,"Casual,Indie,RPG,Simulation,Strategy","Single-player,Steam Achievements,Steam Trading Cards,Steam Cloud,Family Sharing",True,False,False,Minimum:    Requires a 64-bit processor and operating system    OS:  Windows 10 version 1607 or higher    Processor:  1.7 GHz Dual Core CPU    Memory:  8 GB RAM    Graphics:  NVIDIA GeForce GTX 660 / AMD Radeon RX 460 or higher    DirectX:  Version 11    Storage:  5 GB available space,养蛋人 Egg Hatcher,养蛋人 Egg Hatcher,0.9784,False,True,False,True,1.54,2023.0,3.2,Modern,8.0,5.0
490110,553,"200,000 .. 500,000",4444,746,The Precinct,game,False,885.0,885.0,0,2025-05-13,"English<strong>*</strong>, French, German, Spanish - Spain, Japanese, Polish, Portuguese - Brazil, Russian, Simplified Chinese, Korean, Traditional Chinese<br><strong>*</strong>languages with full audio support",,"Action,Indie,Simulation","Single-player,Steam Achievements,Full controller support,Steam Trading Cards,Custom Volume Controls,Adjustable Difficulty,Subtitle Options,Steam Cloud,Family Sharing",True,False,False,"Minimum:    Requires a 64-bit processor and operating system    OS:  Windows 10 64-bit    Processor:  Intel Core i5-7600K / AMD Ryzen 3 1200    Memory:  8 GB RAM    Graphics:  Nvidia GeForce GTX 660Ti / AMD Radeon R7 370    DirectX:  Version 11    Storage:  8 GB available space    Additional Notes:  Game runs on HDD, but an SSD is recommended",Fallen Tree Games Ltd,Kwalee,0.8563,False,True,False,True,4.02,2025.0,1.1,Recent,8.0,8.0
4760,552,"1,000,000 .. 2,000,000",15304,873,Rome: Total War™ - Collection,game,False,0.0,0.0,0,2007-08-28,English,92.0,Strategy,"Single-player,Multi-player,Steam Trading Cards,Family Sharing",True,False,False,"Minimum:  Microsoft® Windows® 2000/XP, Pentium III 1.0GHz or Athlon 1.0GHz processor or higher, 256MB RAM, 2.9GB of uncompressed free hard disk space (plus 500MB for Windows swap file), 100% DirectX® 9.0c compatible 16-bit sound card and latest drivers, 100% Windows® 2000/XP compatible mouse, keyboard and latest drivers, DirectX® 9.0b, 64MB Hardware Accelerated video card with Shader 1 support and the latest drivers. Must be 100% DirectX® 9.0b compatible, 1024 x 768 Display Resolution, Internet (TCP / IP) play supported;Internet play requires broadband connection and latest drivers; LAN play requires Network card (Multiplayer) 					 Important Note:  Some cards may not be compatible with the 3D acceleration features utilized by Medieval II: Total War. Please refer to your hardware manufacturer for 100% DirectX® 9.0b compatibility. Microsoft no longer supports Windows 10 or older versions.",CREATIVE ASSEMBLY,SEGA,0.946,False,False,True,True,0.0,2007.0,18.8,Classic,,
705210,552,"500,000 .. 1,000,000",1791,189,Cube Racer,game,True,0.0,0.0,0,2017-10-30,English,,"Action,Casual,Indie,Racing","Single-player,Multi-player,PvP,Online PvP,Shared/Split Screen PvP,Cross-Platform Multiplayer,Steam Achievements,Steam Workshop,Partial Controller Support,Steam Cloud,Stats,Steam Leaderboards,Includes level editor,Remote Play Together,Family Sharing",True,False,True,Minimum:     OS *:  Windows 7    Processor:  2GHz    Memory:  2 GB RAM    Graphics:  512 MB    DirectX:  Version 9.0c    Storage:  400 MB available space,Simon Blasen,Simon Blasen,0.9045,False,True,True,True,0.0,2017.0,8.6,Established,2.0,
208580,551,"1,000,000 .. 2,000,000",22754,1556,STAR WARS™ Knights of the Old Republic™ II - The Sith Lords™,game,False,310.0,310.0,0,2012-08-23,"English<strong>*</strong>, French<strong>*</strong>, German<strong>*</strong>, Italian, Spanish - Spain<br><strong>*</strong>languages with full audio support",,RPG,"Single-player,Steam Achievements,Steam Workshop,Partial Controller Support,Steam Cloud,Remote Play on Tablet,Family Sharing",True,True,True,"OS *:  Windows 7 or newer 	   Processor:   Intel Core i3 (2 Cores), AMD A10            CPU Speed:  2.2 GHz            Memory:  4GB RAM 	   Hard Disk Space:  10 GB 	   Video Card (ATI):  Radeon HD 5450 	   Video Card (NVidia):  GeForce 260 	   Video Card (Intel):  HD 4400            Video Memory (VRam):  256MB            Controller Support:  Microsoft® Xbox® 360 Controller for Windows® (Wired), Microsoft® Xbox® 360 Games for Windows® Wireless Controller with Adapter, Microsoft® Xbox® One Controller (Wired), Razor Sabertooth – Gaming Controller for Xbox 360, Thrustmaster GPX, Logitech Gamepad F310, Logitech Wireless Gamepad F710   Important Note: For users that prefer the original version of the game or for users on old hardware that can no longer run KOTOR II in its updated form, we have created a &quot;legacy branch&quot; that will allow users to access the original released content.  Click on the support link and our team will walk you through the process.","Obsidian Entertainment,Aspyr (Mac, Linux, & Windows Update)","LucasArts,Lucasfilm,Aspyr (Mac, Linux)",0.936,False,False,False,True,1.41,2012.0,13.8,Classic,4.0,
1898830,551,"20,000 .. 50,000",106,28,VBridger,game,False,229.0,229.0,0,2022-04-10,"English, French, Japanese, German, Russian, Spanish - Latin America",,"Casual,Animation & Modeling,Utilities","Single-player,Steam Cloud",True,False,False,Minimum:    Requires a 64-bit processor and operating system    OS *:  Windows 7+    Processor:  AMD / Intel CPU running at 2.5 GHz or higher    Memory:  1 GB RAM    Graphics:  AMD/NVIDIA graphics card with at least 2GB of dedicated VRAM and DirectX 11+    DirectX:  Version 11    Network:  Broadband Internet connection    Storage:  500 MB available space,"PiPuProductions,Serp",PiPuProductions,0.791,True,False,False,True,1.04,2022.0,4.2,Modern,1.0,
638970,550,"1,000,000 .. 2,000,000",70292,3189,Yakuza 0,game,False,0.0,0.0,0,2018-08-01,"English, Japanese<strong>*</strong><br><strong>*</strong>languages with full audio support",86.0,"Action,Adventure,RPG","Single-player,Multi-player,Steam Achievements,Full controller support,Steam Trading Cards,Steam Cloud,Steam Leaderboards,Remote Play on Phone,Remote Play on Tablet,Remote Play on TV,Family Sharing",True,False,False,"Minimum:    Requires a 64-bit processor and operating system    OS *:  Windows 7 64Bit    Processor:  Intel Core i5-3470 | AMD FX-6300    Memory:  4 GB RAM    Graphics:  Nvidia GeForce GTX 560 | AMD Radeon HD 6870    Additional Notes:  GPU with a gpumark of : 2600 to 3100, CPU with a cpumark of 4500 to 6300. Microsoft no longer supports Windows 10 or older versions.",Ryu Ga Gotoku Studio,SEGA,0.9566,False,False,True,True,0.0,2018.0,7.9,Established,4.0,
311310,550,"200,000 .. 500,000",7428,6110,Naval Action,game,False,429.0,429.0,0,2019-06-13,"English, French, German, Spanish - Spain, Japanese, Korean, Russian, Simplified Chinese, Spanish - Latin America",,"Indie,Massively Multiplayer,Racing,Simulation","Multi-player,MMO,PvP,Online PvP,Co-op,Online Co-op,Family Sharing",True,False,False,Minimum:    Requires a 64-bit processor and operating system    OS *:  64 bit Windows 7 and above    Processor:  Intel Core i5-4570 3.2 GHz or AMD Phenom(tm) II X4 B60 3.3 GHz    Memory:  4 GB RAM    Graphics:  GeForce GTX 460 1GB or AMD Radeon HD 6850 1GB (must support shader 5 model)    DirectX:  Version 11    Network:  Broadband Internet connection    Storage:  2 GB available space    Additional Notes:  32bit OS versions is not supported,Bermuda Computer Club,Bermuda Computer Club,0.5487,True,True,True,False,1.95,2019.0,7.0,Established,4.0,2.0
859580,547,"1,000,000 .. 2,000,000",17159,9343,Imperator: Rome,game,False,1389.0,1389.0,0,2019-04-25,"English, French, German, Russian, Simplified Chinese, Spanish - Spain",76.0,"Simulation,Strategy","Single-player,Multi-player,PvP,Online PvP,Steam Achievements,Steam Trading Cards,Steam Workshop,Steam Cloud,Family Sharing",True,True,True,Minimum:    Requires a 64-bit processor and operating system    OS:  Windows® 10 Home 64 bit    Processor:  Intel® iCore™ i3-550 or AMD® Phenom II X6 1055T    Memory:  4 GB RAM    Graphics:  Nvidia® GeForce™ GTX 460 or AMD® Radeon™ HD 6970,Paradox Development Studio,Paradox Interactive,0.6475,False,False,True,True,6.31,2019.0,7.2,Established,4.0,
1105420,547,"200,000 .. 500,000",1583,1019,Game of Thrones Winter is Coming,game,True,0.0,0.0,0,2019-11-14,"English<strong>*</strong>, French, Italian, German, Turkish, Japanese, Polish, Thai, Simplified Chinese, Traditional Chinese, Portuguese - Brazil, Spanish - Latin America, Vietnamese, Korean<br><strong>*</strong>languages with full audio support",,"Massively Multiplayer,RPG,Simulation,Strategy,Free To Play","Multi-player,MMO,PvP,Online PvP,Cross-Platform Multiplayer,In-App Purchases,Family Sharing",True,False,False,Minimum:     OS *:  Windows 7 SP1    Processor:  Intel Core i3 equivalent    Memory:  4 GB RAM    Graphics:  512MB Video Card (DirectX 10 capabilities)    DirectX:  Version 10    Network:  Broadband Internet connection    Storage:  2048 MB available space,YOUZU (SINGAPORE) PTE. LTD.,YOUZU (SINGAPORE) PTE. LTD.,0.6084,True,False,True,False,0.0,2019.0,6.6,Established,4.0,
24200,546,"1,000,000 .. 2,000,000",16923,4093,DC Universe™ Online,game,True,0.0,0.0,0,2011-11-02,English,72.0,"Action,Adventure,Massively Multiplayer,RPG,Free To Play","Multi-player,MMO,PvP,Online PvP,Co-op,Online Co-op,Cross-Platform Multiplayer,Steam Achievements,Partial Controller Support",True,False,False,OS *:  Windows 7 or newer 						   Processor:  P4 3.0GHz or AMD equivalent 						   Memory:  1GB RAM 						   Hard Disk Space:  30 GB of Free Hard Drive Space 						   Video:  NVIDIA 7800GTX+ or ATI 1950+ Video Card 						   Audio:  on Board                                                    Network:   Broadband Internet Connection required,Dimensional Ink Games,Daybreak Game Company,0.8052,False,False,True,False,0.0,2011.0,14.6,Classic,1.0,
2916430,545,"200,000 .. 500,000",5420,353,Fast Food Simulator,game,False,455.0,455.0,0,2024-12-10,"English, French, Italian, German, Spanish - Spain, Hungarian, Japanese, Korean, Polish, Portuguese - Brazil, Russian, Simplified Chinese, Spanish - Latin America, Traditional Chinese, Turkish, Ukrainian, Portuguese - Portugal, Arabic, Dutch, Danish, Finnish, Swedish",,"Indie,Simulation,Early Access","Single-player,Multi-player,Co-op,Online Co-op,Steam Achievements,Partial Controller Support,Steam Cloud,Family Sharing",True,False,False,Minimum:    Requires a 64-bit processor and operating system    OS:  Windows 10 64-bit    Processor:  Intel i5 4690 / AMD FX 8350    Memory:  8 GB RAM    Graphics:  Nvidia GTX 1050 / RX 570 (4GB+ of VRAM)    DirectX:  Version 11    Storage:  5 GB available space,No Ceiling Games,No Ceiling Games,0.9389,True,True,True,True,2.07,2024.0,1.5,Recent,8.0,5.0
1575940,544,"200,000 .. 500,000",5949,997,Sins of a Solar Empire II,game,False,1630.0,1630.0,0,2024-08-15,"English<strong>*</strong>, French, Italian, German, Japanese, Korean, Polish, Portuguese - Brazil, Russian, Simplified Chinese, Spanish - Latin America, Hungarian<br><strong>*</strong>languages with full audio support",,"Simulation,Strategy","Single-player,Multi-player,PvP,Online PvP,LAN PvP,Co-op,Online Co-op,LAN Co-op,Cross-Platform Multiplayer,Steam Achievements,Steam Trading Cards,Color Alternatives,Custom Volume Controls,Adjustable Difficulty,Save Anytime,Stereo Sound,Surround Sound,Steam Cloud,Family Sharing",True,False,False,Minimum:    Requires a 64-bit processor and operating system    OS:  Windows 10 v1607+ / 11 (64-bit)    Processor:  4-core Processor (Intel Core i5 5th-generation or AMD Ryzen 2x00 series)    Memory:  8 GB RAM    Graphics:  3D Video Card w/4GB VRAM (Nvidia GeForce 950 / AMD Radeon RX 450)    DirectX:  Version 11    Network:  Broadband Internet connection    Storage:  20 GB available space    Additional Notes:  1920x1080 minimum screen resolution,"Ironclad Games Corporation,Stardock Entertainment",Stardock Entertainment,0.8565,True,False,True,True,7.41,2024.0,1.8,Recent,8.0,20.0
707010,542,"1,000,000 .. 2,000,000",12263,5314,Will To Live Online,game,True,0.0,0.0,0,2018-04-05,"English, Russian<strong>*</strong>, German, Simplified Chinese<br><strong>*</strong>languages with full audio support",,"Indie,Massively Multiplayer,RPG,Free To Play,Early Access","Multi-player,MMO,PvP,Online PvP,In-App Purchases,Steam Cloud,Valve Anti-Cheat enabled,Family Sharing",True,False,False,Minimum:    Requires a 64-bit processor and operating system    OS:  Windows 10    Processor:  Intel Core i3 3100 MHz    Memory:  12 GB RAM    Graphics:  GeForce GTX 1060 6GB/ AMD RX 580    DirectX:  Version 11    Network:  Broadband Internet connection    Storage:  45 GB available space,AlphaSoft LLC,AlphaSoft LLC,0.6977,False,True,True,False,0.0,2018.0,8.2,Established,12.0,45.0
312660,541,"2,000,000 .. 5,000,000",53923,5232,Sniper Elite 4,game,False,119.0,1199.0,90,2017-02-13,"English<strong>*</strong>, French<strong>*</strong>, Italian<strong>*</strong>, German<strong>*</strong>, Spanish - Spain<strong>*</strong>, Polish, Portuguese - Brazil<strong>*</strong>, Russian<strong>*</strong>, Simplified Chinese, Traditional Chinese<br><strong>*</strong>languages with full audio support",78.0,"Action,Adventure","Single-player,Multi-player,Co-op,Steam Achievements,Full controller support,Steam Trading Cards,Steam Cloud,Steam Leaderboards,Remote Play on TV,Family Sharing",True,False,False,"Minimum:     OS *:  64-bit Windows 7, 64-bit Windows 8.1 or 64-bit Windows 10    Processor:  Intel CPU Core i3-2100 or AMD equivalent    Memory:  4 GB RAM    Graphics:  AMD Radeon HD 7870 (2GB) or NVIDIA GeForce GTX 660 (2GB)",Rebellion,Rebellion,0.9116,False,False,True,True,0.54,2017.0,9.4,Established,4.0,
1030830,538,"2,000,000 .. 5,000,000",21955,8309,Mafia II: Definitive Edition,game,False,1299.0,1299.0,0,2020-05-19,"English<strong>*</strong>, French<strong>*</strong>, Italian<strong>*</strong>, German<strong>*</strong>, Spanish - Spain<strong>*</strong>, Czech, Japanese, Polish, Portuguese - Brazil, Russian<strong>*</strong>, Simplified Chinese, Spanish - Latin America<br><strong>*</strong>languages with full audio support",,"Action,Adventure","Single-player,Steam Achievements,Full controller support,Steam Trading Cards,Family Sharing",True,False,False,Minimum:    Requires a 64-bit processor and operating system    OS *:  Windows 8.1 64-bit    Processor:  Intel i5-2500K or AMD FX-8120    Memory:  6 GB RAM    Graphics:  2GB NVIDIA GeForce GTX 660 or 2GB AMD Radeon HD7870    Storage:  50 GB available space    Sound Card:  DirectX Compatible,"Hangar 13,D3T",2K,0.7254,True,False,False,True,5.9,2020.0,6.1,Established,6.0,50.0
1324130,538,"200,000 .. 500,000",8504,1510,Stranded: Alien Dawn,game,False,1209.0,1209.0,0,2023-04-25,"English, French, German, Spanish - Spain, Japanese, Korean, Polish, Portuguese - Brazil, Russian, Simplified Chinese",81.0,"Simulation,Strategy","Single-player,Steam Achievements,Full controller support,Steam Workshop,Steam Cloud,Family Sharing",True,False,False,Minimum:    Requires a 64-bit processor and operating system    OS:  Windows 10 64bit    Processor:  Intel i7-6700 or AMD FX 8370    Memory:  8 GB RAM    Graphics:  Radeon RX 480 or  GeForce GTX 1050 Ti    DirectX:  Version 12    Storage:  15 GB available space,Haemimont Games,Paradox Interactive,0.8492,False,False,False,True,5.5,2023.0,3.2,Modern,8.0,15.0
3204020,538,"0 .. 20,000",13,0,Juufuutei Raden™'s Guide for Pixel Museum,game,False,599.0,599.0,0,2025-06-04,"English, Japanese<strong>*</strong><br><strong>*</strong>languages with full audio support",,"Casual,Indie","Single-player,Steam Achievements,Full controller support,Steam Cloud,Family Sharing",True,False,False,"Minimum:    Requires a 64-bit processor and operating system    OS:  Windows 10    Processor:  Intel Core i3    Memory:  4 GB RAM    Graphics:  DX10,DX11,DX12    Storage:  2 GB available space",Jupiter Corporation,Jupiter Corporation,1.0,False,True,False,True,2.72,2025.0,1.0,Recent,4.0,2.0
1385380,531,"1,000,000 .. 2,000,000",9733,2133,Across the Obelisk,game,False,699.0,699.0,0,2022-08-16,"English, Simplified Chinese, Spanish - Spain, Japanese, Korean, Traditional Chinese, French, German",,"Adventure,Indie,RPG,Strategy","Single-player,Multi-player,Co-op,Online Co-op,Steam Achievements,Steam Cloud,Steam Leaderboards,Family Sharing",True,True,True,"Minimum:     OS:  Windows 10    Processor:  2.0 Ghz    Memory:  2 GB RAM    Graphics:  1Gb Video Memory, capable of OpenGL 3.0+ support (2.1 with ARB extensions acceptable)    Storage:  1 GB available space",Dreamsite Games,"Paradox Interactive,Paradox Arc",0.8202,False,True,True,True,3.18,2022.0,3.8,Modern,2.0,1.0
1486920,528,"500,000 .. 1,000,000",6276,767,Tempest Rising,game,False,1390.0,1390.0,0,2025-04-24,"English<strong>*</strong>, French, Italian, German, Polish, Russian, Simplified Chinese, Korean, Spanish - Latin America, Portuguese - Brazil<br><strong>*</strong>languages with full audio support",80.0,"Action,Strategy","Single-player,Multi-player,PvP,Online PvP,Steam Achievements,Steam Trading Cards,Steam Cloud,Family Sharing",True,False,False,Minimum:    Requires a 64-bit processor and operating system    OS:  Windows 10 or 11 (64 bit)    Processor:  Intel Core i5-8600 / AMD Ryzen 5 1600 or better    Memory:  8 GB RAM    Graphics:  NVIDIA GTX 1060 3GB/6GB / AMD RX 580 8GB or better    DirectX:  Version 11    Storage:  45 GB available space    Additional Notes:  SSD is recommended,Slipgate Ironworks™,"3D Realms,Knights Peak,Saber Interactive",0.8911,True,False,True,True,6.32,2025.0,1.2,Recent,8.0,45.0
42700,527,"2,000,000 .. 5,000,000",36530,3695,Call of Duty®: Black Ops,game,False,1519.0,1519.0,0,2010-11-09,"English, German, Italian, Spanish - Spain, French",81.0,Action,"Single-player,Multi-player,Co-op,Steam Achievements,Partial Controller Support,Valve Anti-Cheat enabled,Family Sharing",True,False,False,"OS *:  Windows® Vista / XP / 7 								    Processor:  Intel® Core™2 Duo E6600 or AMD Phenom™ X3 8750 or better 								    Memory:  2GB 								    Graphics:  Shader 3.0 or better 256MB NVIDIA® GeForce® 8600GT / ATI Radeon® X1950Pro or better 							  	    DirectX®:  DirectX® 9.0c 								    Hard Drive:  12GB* 								    Sound:  DirectX® 9.0c-compatible 							    							  *Call of Duty®: Black Ops requires an initial hard drive space of approximately 24GB to download and install the game via digital download (8GB of compressed files, 8GB of decompressed files and 8GB of installed files). Upon installing the game, 16GB (compressed and decompressed files) may be deleted from the hard drive. Please make note of where the compressed and decompressed files are being saved on your hard drive in order to later locate these temporary files for removal.",Treyarch,Activision,0.9081,False,False,True,True,6.9,2010.0,15.6,Classic,,
1021210,527,"500,000 .. 1,000,000",1042,55,Cyber Knights: Flashpoint,game,False,885.0,885.0,0,2025-06-02,"English, French, Italian, German, Polish, Portuguese - Brazil, Spanish - Latin America, Spanish - Spain",,"Action,Indie,RPG,Strategy","Single-player,Steam Achievements,Full controller support,Steam Trading Cards,Adjustable Text Size,Camera Comfort,Custom Volume Controls,Adjustable Difficulty,Playable without Timed Input,Save Anytime,Steam Cloud,Family Sharing",True,True,True,"Minimum:    Requires a 64-bit processor and operating system    OS:  Windows 10, Windows 11    Processor:  1.2 GHz    Memory:  2 GB RAM    Graphics:  GeForce GTX 660, 2 GB / Radeon HD 7870, 2 GB    DirectX:  Version 11    Storage:  12 GB available space    Additional Notes:  Please make sure your video drivers are up-to-date!",Trese Brothers,Trese Brothers,0.9499,True,True,False,True,4.02,2025.0,1.0,Recent,2.0,12.0
2701660,526,"200,000 .. 500,000",2771,924,DRAGON QUEST III HD-2D Remake,game,False,2199.0,2199.0,0,2024-11-14,"French, Italian, German, Spanish - Spain, Spanish - Latin America, Simplified Chinese, Traditional Chinese, Japanese<strong>*</strong>, Korean, English<strong>*</strong><br><strong>*</strong>languages with full audio support",,RPG,"Single-player,Steam Achievements,Steam Trading Cards,Camera Comfort,Custom Volume Controls,Adjustable Difficulty,Keyboard Only Option,Playable without Timed Input,Partial Controller Support,Steam Cloud,Family Sharing",True,False,False,"Minimum:    Requires a 64-bit processor and operating system    OS:  Windows® 10 / Windows® 11 64-bit    Processor:  AMD Ryzen™ 3 1200 / Intel® Core™ i3-6100    Memory:  8 GB RAM    Graphics:  AMD Radeon™ RX 460 / Intel® Arc™ A380 / NVIDIA® GeForce® GTX 750    DirectX:  Version 12    Storage:  20 GB available space    Additional Notes:  1280x720, Graphics Preset &quot;Lowest&quot;, 60FPS. 16GB RAM required when using Intel Arc GPU.","Square Enix,ARTDINK",Square Enix,0.7499,True,False,False,True,10.0,2024.0,1.6,Recent,8.0,20.0
1601580,525,"500,000 .. 1,000,000",16477,5151,Frostpunk 2,game,False,640.0,1280.0,50,2024-09-20,"English<strong>*</strong>, French, Italian, German, Spanish - Spain, Japanese, Korean, Polish, Portuguese - Brazil, Russian, Simplified Chinese<strong>*</strong>, Turkish, Traditional Chinese, Ukrainian<br><strong>*</strong>languages with full audio support",85.0,"Simulation,Strategy","Single-player,Steam Achievements,Full controller support,Steam Trading Cards,Steam Workshop,Adjustable Text Size,Custom Volume Controls,Adjustable Difficulty,Save Anytime,Stereo Sound,Surround Sound,Steam Cloud,Family Sharing",True,True,False,Minimum:    Requires a 64-bit processor and operating system    OS:  Windows 10/11 (64-bit)    Processor:  AMD Ryzen 5 1600 / Intel Core i5-8400    Memory:  8 GB RAM    Graphics:  AMD RX 550 4 GB VRAM / NVIDIA GTX 1050Ti 4 GB VRAM / INTEL ARC A310 4GB VRAM    DirectX:  Version 12    Storage:  30 GB available space    Additional Notes:  SSD required.,11 bit studios,11 bit studios,0.7618,False,False,False,True,2.91,2024.0,1.7,Recent,8.0,30.0
307690,524,"2,000,000 .. 5,000,000",64644,4385,Sleeping Dogs: Definitive Edition,game,False,530.0,530.0,0,2014-10-08,"English<strong>*</strong>, French, Italian, German, Spanish - Spain, Polish, Russian<br><strong>*</strong>languages with full audio support",,"Action,Adventure,Racing","Single-player,Steam Achievements,Full controller support,Steam Cloud,Steam Leaderboards,Remote Play on Tablet,Remote Play on TV,Family Sharing",True,True,False,"Minimum:     OS *:  Windows Vista 64bit, Window 7 64bit, Windows 8 64bit (32bit O/S not supported)    Processor:  Core 2 Duo 2.4GHz or Athlon X2 2.7GHz    Memory:  4 GB RAM    Graphics:  DirectX 10 or 11 compatible card, ATI Radeon 3870 or higher, NVIDIA GeForce 8800 GT or higher with 512MB graphics memory, Intel HD Graphics 2500 or higher    DirectX:  Version 10    Storage:  20 GB available space    Sound Card:  DirectX compatible sound card","United Front Games,Feral Interactive (Mac)","Square Enix,Feral Interactive (Mac)",0.9365,False,False,False,True,2.41,2014.0,11.7,Classic,4.0,20.0
1657630,524,"1,000,000 .. 2,000,000",31703,1916,Slime Rancher 2,game,False,869.0,869.0,0,2025-09-23,"English, French, German, Japanese, Korean, Russian, Simplified Chinese, Spanish - Latin America, Portuguese - Brazil",,"Action,Adventure,Casual,Indie,Simulation","Single-player,Steam Achievements,Full controller support,Steam Trading Cards,Steam Cloud,Family Sharing",True,False,False,Minimum:    Requires a 64-bit processor and operating system    OS:  Windows 10 64-bit    Processor:  Intel Core i5-2500K / AMD FX-6300    Memory:  8 GB RAM    Graphics:  NVIDIA GeForce GTX 960 2GB / AMD Radeon R9 280 3GB    DirectX:  Version 11    Storage:  8 GB available space,Monomi Park,Monomi Park,0.943,True,True,False,True,3.95,2025.0,0.7,Recent,8.0,8.0
992070,524,"200,000 .. 500,000",1383,213,Idle Wizard,game,True,0.0,0.0,0,2019-01-24,"English, Russian, French, German, Spanish - Spain, Portuguese - Brazil, Danish, Polish",,"Indie,Free To Play","Single-player,Steam Achievements,In-App Purchases,Steam Cloud,Family Sharing",True,True,True,Minimum:     OS *:  Windows 7    Processor:  2.0 Ghz    Memory:  1 GB RAM    Graphics:  GTX 400 Series or Better    Storage:  350 MB available space,TwoWizards,TwoWizards,0.8665,False,True,False,True,0.0,2019.0,7.4,Established,1.0,
287450,522,"1,000,000 .. 2,000,000",13962,782,Rise of Nations: Extended Edition,game,False,429.0,429.0,0,2014-06-12,"English<strong>*</strong>, French, Italian, German, Spanish - Spain<br><strong>*</strong>languages with full audio support",89.0,"Simulation,Strategy","Single-player,Multi-player,Co-op,Steam Achievements,Steam Trading Cards,Steam Cloud,Stats,Steam Leaderboards,Family Sharing",True,False,False,"Minimum:     OS *:  Windows Vista, 7, 8.1+    Processor:  1.6    Memory:  1 GB RAM    Graphics:  Direct X 10+ Capable GPU    DirectX:  Version 10    Storage:  3 GB available space    Sound Card:  Direct X Compatible Sound Card    Additional Notes:  GPU at least (Integrated HD 3000, 8600GT, etc)","SkyBox Labs,Big Huge Games",Xbox Game Studios,0.947,False,False,True,True,1.95,2014.0,12.0,Classic,1.0,3.0
1069660,521,"200,000 .. 500,000",4515,2654,Ultimate Admiral: Dreadnoughts,game,False,1030.0,1030.0,0,2023-01-25,"English, French, German, Spanish - Spain, Japanese, Ukrainian, Russian, Simplified Chinese, Greek, Korean",,"Indie,RPG,Simulation,Strategy","Single-player,Family Sharing",True,False,False,"Minimum:    Requires a 64-bit processor and operating system    OS *:  64-bit Windows 7    Processor:  Intel Core i5-2500K 3.3GHz, AMD Phenom II X4 940    Memory:  4 GB RAM    Graphics:  Nvidia GeForce GTX 660, AMD Radeon HD 7870    DirectX:  Version 11    Network:  Broadband Internet connection    Storage:  4 GB available space",Game-Labs,Game-Labs,0.6298,False,True,False,True,4.68,2023.0,3.4,Modern,4.0,4.0
535930,518,"1,000,000 .. 2,000,000",30563,2711,Two Point Hospital,game,False,149.0,999.0,85,2018-08-29,"English<strong>*</strong>, French, Italian, German<strong>*</strong>, Spanish - Spain, Polish, Russian, Simplified Chinese<strong>*</strong>, Traditional Chinese, Portuguese - Brazil, Korean<br><strong>*</strong>languages with full audio support",83.0,"Indie,Simulation","Single-player,Steam Achievements,Steam Trading Cards,Steam Workshop,Steam Cloud,Remote Play on Tablet,Family Sharing",True,True,True,"Minimum:    Requires a 64-bit processor and operating system    OS *:  Windows 7 64-bit    Processor:  Intel Core i3 6100 or AMD FX-4350    Memory:  4 GB RAM    Graphics:  NVIDIA Geforce GT 1030, 2GB (Legacy: NVIDIA GeForce GTX 460), AMD RX550, 2GB (Legacy: AMD Radeon HD 6850), Integrated: Intel HD Graphics 630    DirectX:  Version 11    Storage:  6 GB available space    Additional Notes:  Microsoft no longer supports Windows 10 or older versions",Two Point Studios,SEGA,0.9185,False,True,False,True,0.68,2018.0,7.8,Established,4.0,6.0
1562430,517,"1,000,000 .. 2,000,000",42127,1839,DREDGE,game,False,299.0,749.0,60,2023-03-30,"English, French, Italian, German, Spanish - Spain, Japanese, Korean, Russian, Simplified Chinese, Traditional Chinese, Portuguese - Brazil, Polish",,"Adventure,RPG","Single-player,Steam Achievements,Full controller support,Steam Trading Cards,Camera Comfort,Color Alternatives,Custom Volume Controls,Adjustable Difficulty,Keyboard Only Option,Stereo Sound,Steam Cloud,Family Sharing",True,True,False,Minimum:     OS:  Windows 10    Processor:  Intel Core i3-2100 | AMD Phenom II X4 965    Memory:  4 GB RAM    Graphics:  Nvidia 8800 GT 512MB | Radeon HD 6570 1GB    DirectX:  Version 11    Storage:  2 GB available space    Additional Notes:  720p @ 30 FPS,Black Salt Games,Team17,0.9582,False,False,False,True,1.36,2023.0,3.2,Modern,4.0,2.0
1296830,516,"1,000,000 .. 2,000,000",34444,2563,暖雪 Warm Snow,game,False,389.0,389.0,0,2022-01-18,"English, Japanese, Simplified Chinese<strong>*</strong>, Traditional Chinese, Russian, Korean<br><strong>*</strong>languages with full audio support",,"Action,Adventure,Indie,RPG","Single-player,Steam Achievements,Full controller support,Steam Cloud,Family Sharing",True,False,False,Minimum:     OS *:  Windows 7/8/10 64bit    Processor:  Intel i3+    Memory:  4 GB RAM    Graphics:  Nvidia GeForce GTX 750    DirectX:  Version 10    Storage:  8 GB available space    Sound Card:  100% DirectX 9.0c compatible sound card    Additional Notes:  16:9 aspect ratio Recommended,BadMudStudio,bilibili,0.9307,False,True,False,True,1.77,2022.0,4.4,Modern,4.0,8.0
221040,515,"2,000,000 .. 5,000,000",42993,11727,Resident Evil 6,game,False,620.0,620.0,0,2013-03-21,"English<strong>*</strong>, French<strong>*</strong>, German<strong>*</strong>, Italian<strong>*</strong>, Polish, Portuguese - Brazil, Spanish - Spain<strong>*</strong>, Russian<br><strong>*</strong>languages with full audio support",69.0,"Action,Adventure","Single-player,Multi-player,Co-op,Shared/Split Screen,Steam Achievements,Steam Trading Cards,Partial Controller Support,Steam Cloud,Valve Anti-Cheat enabled,Steam Leaderboards,Remote Play Together,Family Sharing",True,False,False,"Minimum:     OS: Windows®10 	   Processor: : Intel® CoreTM2 Duo 2.4 Ghz or better, AMD AthlonTM X2 2.8 Ghz or better		 	   Memory: 2 GB RAM 	   Graphics: NVIDIA® GeForce® 8800GTS or better		 	   DirectX®: 9.0c 	   Hard Drive: 16 GB HD space 	   Sound: Standard audio device 	   Other Requirements: Broadband Internet connection",Capcom,Capcom,0.7857,False,False,True,True,2.82,2013.0,13.3,Classic,2.0,
2108330,515,"1,000,000 .. 2,000,000",15059,2456,F1® 23,game,False,0.0,0.0,0,2023-06-15,"English<strong>*</strong>, French<strong>*</strong>, Italian<strong>*</strong>, German<strong>*</strong>, Spanish - Spain<strong>*</strong>, Japanese<strong>*</strong>, Polish, Portuguese - Brazil<strong>*</strong>, Simplified Chinese<strong>*</strong>, Spanish - Latin America<strong>*</strong>, Dutch<strong>*</strong>, Arabic<br><strong>*</strong>languages with full audio support",81.0,"Racing,Sports","Single-player,Multi-player,PvP,Online PvP,Shared/Split Screen PvP,Co-op,Online Co-op,Shared/Split Screen Co-op,Shared/Split Screen,Steam Achievements,Full controller support,VR Supported,Steam Workshop,Steam Cloud,Remote Play Together,HDR available,Family Sharing",True,False,False,Minimum:    Requires a 64-bit processor and operating system    OS:  Windows 10 64-bit (Version 21H1 or higher)    Processor:  Intel Core i3-2130 or AMD FX 4300 | For VR: Intel Core i5-9600k or AMD Ryzen 5 2600X    Memory:  8 GB RAM    Graphics:  NVIDIA GTX 1050 Ti or AMD RX 470 | For Ray Tracing: GeForce RTX 2060 or Radeon RX 6700 XT | For VR: NVIDIA GTX 1660 Ti or AMD RX 590 | Driver NVIDIA 522.25 or AMD 23.2.1    DirectX:  Version 12    Network:  Broadband Internet connection    Storage:  80 GB available space    Sound Card:  DirectX Compatible    VR Support:  Keyboard and mouse required,Codemasters,Electronic Arts,0.8598,True,False,True,True,0.0,2023.0,3.0,Modern,8.0,80.0
2124490,514,"500,000 .. 1,000,000",41028,2021,SILENT HILL 2,game,False,2700.0,2700.0,0,2024-10-07,"English<strong>*</strong>, French, Italian, German, Spanish - Spain, Spanish - Latin America, Polish, Russian, Simplified Chinese, Traditional Chinese, Japanese<strong>*</strong>, Korean, Ukrainian, Portuguese - Brazil<br><strong>*</strong>languages with full audio support",,"Action,Adventure","Single-player,Steam Achievements,Full controller support,Steam Cloud,Family Sharing",True,False,False,Minimum:    Requires a 64-bit processor and operating system    OS:  Windows 10 x64    Processor:  Intel Core i7-6700K | AMD Ryzen 5 3600    Memory:  16 GB RAM    Graphics:  NVIDIA® GeForce® GTX 1070 Ti or AMD Radeon™ RX 5700 or Intel®  Arc™  A750    DirectX:  Version 12    Storage:  50 GB available space    Sound Card:  Windows Compatible Audio Device.    Additional Notes:  Playing on minimum requirements should enable to play on Low/Medium quality settings in FullHD (1080p) in stable 30 FPS. SSD is recommended.,Bloober Team SA,KONAMI,0.9531,True,False,False,True,12.27,2024.0,1.7,Recent,16.0,50.0
1063420,514,"200,000 .. 500,000",5922,791,Void Crew,game,False,790.0,790.0,0,2024-11-25,"English<strong>*</strong>, French, German, Spanish - Spain, Polish, Portuguese - Brazil, Russian, Simplified Chinese, Italian, Japanese, Korean, Ukrainian<br><strong>*</strong>languages with full audio support",80.0,"Action,Adventure","Single-player,Multi-player,Co-op,Online Co-op,Full controller support,Steam Trading Cards,Adjustable Text Size,Camera Comfort,Custom Volume Controls,Save Anytime,Stereo Sound,Family Sharing",True,False,False,"Minimum:    Requires a 64-bit processor and operating system    OS:  Windows 10 64-bit    Processor:  AMD Ryzen 3 3100 / Intel Core i3-8300    Memory:  8 GB RAM    Graphics:  6 GB VRAM, AMD Radeon RX 590 / NVIDIA GeForce GTX 1060    Network:  Broadband Internet connection    Storage:  7 GB available space    Additional Notes:  30 FPS in 1920x1080 | SSD Required",Hutlihut Games,Focus Entertainment,0.8822,False,False,True,True,3.59,2024.0,1.6,Recent,8.0,7.0
2069310,514,"20,000 .. 50,000",902,131,RealFlight Evolution,game,False,2748.0,2748.0,0,2022-10-27,English<strong>*</strong><br><strong>*</strong>languages with full audio support,,"Indie,Racing,Simulation","Single-player,Multi-player,PvP,Online PvP,LAN PvP,Co-op,Online Co-op,LAN Co-op,Shared/Split Screen Co-op,Shared/Split Screen,Steam Achievements,VR Supported,Includes level editor,Family Sharing",True,False,False,Minimum:    Requires a 64-bit processor and operating system    OS:  Windows 10 or 11    Processor:  Intel or AMD processor    Memory:  4 GB RAM    Graphics:  Full DirectX 11 compliant    DirectX:  Version 11    Storage:  15 GB available space    Additional Notes:  Some graphics settings may be reduced. Physics still runs at full fidelity.,"Horizon Hobby, LLC","Horizon Hobby, LLC",0.8732,False,True,True,True,12.49,2022.0,3.6,Modern,4.0,15.0
603850,513,"1,000,000 .. 2,000,000",41684,4711,Age of History II,game,False,220.0,220.0,0,2018-11-21,"English<strong>*</strong>, German<strong>*</strong>, Dutch<strong>*</strong>, Russian<strong>*</strong>, Greek<strong>*</strong>, Polish<strong>*</strong>, Romanian<strong>*</strong>, Czech<strong>*</strong>, Italian<strong>*</strong>, Hungarian<strong>*</strong>, French<strong>*</strong>, Spanish - Spain<strong>*</strong>, Turkish<strong>*</strong>, Portuguese - Portugal<strong>*</strong>, Korean<strong>*</strong>, Traditional Chinese<strong>*</strong>, Japanese<strong>*</strong>, Portuguese - Brazil<strong>*</strong>, Simplified Chinese<strong>*</strong><br><strong>*</strong>languages with full audio support",,Strategy,"Single-player,Multi-player,PvP,Shared/Split Screen PvP,Steam Workshop,Remote Play on Phone,Remote Play on Tablet,Remote Play Together,Family Sharing",True,False,False,Minimum:     OS *:  Microsoft® Windows Vista®/XP®/7®/8®/10®    Processor:  1.8 GHz Single Core    Memory:  1 GB RAM    Graphics:  Hardware Accelerated Graphics with dedicated memory    Storage:  380 MB available space,Łukasz Jakowski,Łukasz Jakowski Games,0.8985,False,False,True,True,1.0,2018.0,7.6,Established,1.0,
678950,511,"2,000,000 .. 5,000,000",65978,6998,DRAGON BALL FighterZ,game,False,1879.0,1879.0,0,2018-01-26,"English<strong>*</strong>, French, Italian, German, Spanish - Spain, Japanese<strong>*</strong>, Korean, Polish, Portuguese - Brazil, Russian, Simplified Chinese, Traditional Chinese, Spanish - Latin America<br><strong>*</strong>languages with full audio support",85.0,Action,"Single-player,Multi-player,PvP,Online PvP,Shared/Split Screen PvP,Shared/Split Screen,Steam Achievements,Full controller support,Steam Trading Cards,Steam Cloud,Remote Play on Phone,Remote Play on Tablet,Remote Play on TV,Remote Play Together,Family Sharing",True,False,False,"Minimum:    Requires a 64-bit processor and operating system    OS *:  Windows 7/8/10 (64-bit OS required)    Processor:  AMD FX-4350, 4.2 GHz / Intel Core i5-3470, 3.20 GHz    Memory:  4 GB RAM    Graphics:  Radeon HD 6870, 1 GB / GeForce GTX 650 Ti, 1 GB    DirectX:  Version 11    Network:  Broadband Internet connection    Storage:  6 GB available space    Sound Card:  DirectX compatible soundcard or onboard chipset",Arc System Works,Bandai Namco Entertainment,0.9041,True,False,True,True,8.54,2018.0,8.4,Established,4.0,6.0
2027330,509,"500,000 .. 1,000,000",13136,1368,GoreBox,game,False,279.0,279.0,0,2023-07-21,English<strong>*</strong><br><strong>*</strong>languages with full audio support,,"Action,Casual,Indie,Simulation","Single-player,Includes level editor",True,False,False,Minimum:    Requires a 64-bit processor and operating system    OS:  Windows 10    Processor:  Intel(R) Core(TM) i5-10400F CPU @ 2.90GHz    Memory:  4 GB RAM    Graphics:  GeForce GT 1030    DirectX:  Version 10    Storage:  1 GB available space,F2Games,F2Games,0.9057,False,True,False,True,1.27,2023.0,2.9,Modern,4.0,1.0
1244090,509,"500,000 .. 1,000,000",11331,1367,Sea of Stars: Sunset Edition,game,False,1030.0,1030.0,0,2023-08-28,"English, French, German, Spanish - Spain, Japanese, Korean, Portuguese - Brazil, Russian, Simplified Chinese, Traditional Chinese, Italian",87.0,"Adventure,Indie,RPG","Single-player,Multi-player,Co-op,Shared/Split Screen Co-op,Shared/Split Screen,Steam Achievements,Full controller support,Steam Cloud,Remote Play Together,Family Sharing",True,False,False,"Minimum:     OS *:  Windows 7, Windows 10    Processor:  Intel Core 2 Duo E8600 or AMD Phenom II X4 945    Memory:  4 GB RAM    Graphics:  AMD Radeon R5 230 or Nvidia GeForce GT 520    DirectX:  Version 11    Storage:  5 GB available space",Sabotage Studio,Sabotage Studio,0.8923,False,True,True,True,4.68,2023.0,2.8,Modern,4.0,5.0
464920,507,"2,000,000 .. 5,000,000",22472,4098,Surviving Mars,game,False,0.0,0.0,0,2018-03-15,"English<strong>*</strong>, French, German, Spanish - Spain, Polish, Portuguese - Brazil, Russian, Simplified Chinese, Turkish<br><strong>*</strong>languages with full audio support",76.0,"Simulation,Strategy","Single-player,Steam Achievements,Full controller support,Steam Trading Cards,Steam Workshop,Steam Cloud,Remote Play on TV,Family Sharing",True,True,True,Minimum:     OS:  Windows® 10 Home 64 Bit    Processor:  4th Generation Intel i3 CPU or equivalent    Memory:  4 GB RAM    Graphics:  HD 4600/Geforce 620/Radeon 6450 or equivalent GPUs with 1 GB of video RAM    Storage:  6 GB available space,"Haemimont Games,Abstraction",Paradox Interactive,0.8458,False,False,False,True,0.0,2018.0,8.3,Established,4.0,6.0
1169040,507,"1,000,000 .. 2,000,000",15988,1083,Necesse,game,False,455.0,455.0,0,2025-10-16,"English, Russian, Portuguese - Brazil, German, Simplified Chinese, Czech, Japanese, Spanish - Spain, Spanish - Latin America, Traditional Chinese, French, Hungarian, Korean, Turkish, Ukrainian, Italian, Danish, Dutch, Finnish, Norwegian, Polish, Thai",,"Action,Adventure,Indie,RPG","Single-player,Multi-player,PvP,Online PvP,LAN PvP,Co-op,Online Co-op,LAN Co-op,Steam Achievements,Full controller support,Steam Trading Cards,Steam Workshop,Steam Cloud,Stats,Family Sharing",True,True,True,Minimum:    Requires a 64-bit processor and operating system    OS:  Windows® 10 (64-bit)    Processor:  Intel® Core™ i3-4160 (dual-core) / AMD® FX-Series™ FX-4350 (quad-core)    Memory:  4 GB RAM    Graphics:  NVIDIA® GeForce® GT 440 (1 GB) / AMD® Radeon™ HD 6570 (1 GB)    Storage:  500 MB available space    Additional Notes:  Some Intel graphics drivers seems to be causing regular crashes and we're trying to look into that.,Fair Games ApS,Fair Games ApS,0.9366,True,True,True,True,2.07,2025.0,0.7,Recent,4.0,
1022450,507,"1,000,000 .. 2,000,000",18745,3109,War Selection,game,True,0.0,0.0,0,2019-10-08,"English<strong>*</strong>, Russian<strong>*</strong>, German<strong>*</strong>, Spanish - Spain<strong>*</strong>, French<strong>*</strong>, Simplified Chinese<strong>*</strong>, Danish<strong>*</strong>, Polish<strong>*</strong>, Italian<strong>*</strong>, Czech<strong>*</strong>, Korean<strong>*</strong>, Portuguese - Brazil<strong>*</strong>, Turkish<strong>*</strong>, Dutch<strong>*</strong>, Hungarian<strong>*</strong>, Traditional Chinese<strong>*</strong>, Georgian<strong>*</strong>, Serbian<strong>*</strong>, Croatian<strong>*</strong>, Japanese<strong>*</strong>, Slovak<strong>*</strong><br><strong>*</strong>languages with full audio support",,"Indie,Massively Multiplayer,Strategy,Free To Play,Early Access","Single-player,Multi-player,PvP,Online PvP,In-App Purchases,Family Sharing",True,False,True,Minimum:    Requires a 64-bit processor and operating system    OS *:  Windows 7    Processor:  2.5 Ghz CPU    Memory:  2 GB RAM    Graphics:  2 GB    Storage:  4400 MB available space,Glyph Worlds,Glyph Worlds,0.8577,False,True,True,True,0.0,2019.0,6.7,Established,2.0,
1682970,507,"200,000 .. 500,000",4155,268,Uncrashed : FPV Drone Simulator,game,False,455.0,455.0,0,2021-09-01,"English, French, Simplified Chinese, Russian, Ukrainian",,"Action,Indie,Racing,Simulation,Sports","Single-player,Multi-player,PvP,Online PvP,Steam Workshop,Partial Controller Support,Steam Leaderboards,Includes level editor,Family Sharing",True,True,False,Minimum:    Requires a 64-bit processor and operating system    OS *:  64-bit Windows 7 / 8 / 10 / 11    Processor:  Intel Core i5 2.6Ghz or better    Memory:  4 GB RAM    Graphics:  GTX770 - 2GB video card memory    DirectX:  Version 11    Storage:  30 GB available space    Additional Notes:  Only playable with a game controller or remote.,Luminite,Luminite,0.9394,False,True,True,True,2.07,2021.0,4.8,Modern,4.0,30.0
1150690,506,"1,000,000 .. 2,000,000",78023,2214,OMORI,game,False,429.0,429.0,0,2020-12-25,"English, Japanese, Simplified Chinese, Korean",88.0,"Adventure,Indie,RPG","Single-player,Steam Achievements,Full controller support,Remote Play on Phone,Remote Play on Tablet,Family Sharing",True,True,False,Minimum:    Requires a 64-bit processor and operating system    OS *:  Microsoft Windows 8.1 (32bit/64bit)    Processor:  Intel N4100 (or similar) or better    Memory:  4 GB RAM    Graphics:  DirectX 9/OpenGL 4.1 capable GPU    DirectX:  Version 9.0c    Storage:  2 GB available space    Additional Notes:  1280x720 display is recommended at x2 resolution but is not required,"OMOCAT, LLC","OMOCAT, LLC",0.9724,False,True,False,True,1.95,2020.0,5.5,Established,4.0,2.0
2440510,506,"1,000,000 .. 2,000,000",4749,5236,Forza Motorsport,game,False,2999.0,2999.0,0,2023-10-09,"English<strong>*</strong>, French<strong>*</strong>, Italian, German<strong>*</strong>, Spanish - Spain, Czech, Hungarian, Japanese, Korean, Polish, Portuguese - Brazil<strong>*</strong>, Simplified Chinese<strong>*</strong>, Spanish - Latin America<strong>*</strong>, Traditional Chinese, Turkish, Dutch, Finnish, Norwegian, Portuguese - Portugal, Russian, Swedish<br><strong>*</strong>languages with full audio support",,Racing,"Single-player,Multi-player,PvP,Online PvP,Cross-Platform Multiplayer,Steam Achievements,Full controller support,Steam Trading Cards,Family Sharing",True,False,False,Minimum:    Requires a 64-bit processor and operating system    OS:  Windows 10 version 19041 or higher    Processor:  Intel i5-8400 or AMD Ryzen 5 1600    Memory:  8 GB RAM    Graphics:  NVidia GTX 1060 or AMD RX 5500 XT or Intel A380    Network:  Broadband Internet connection    Storage:  130 GB available space    Additional Notes:  SSD Required,Turn 10,Xbox Game Studios,0.4756,True,False,True,True,13.63,2023.0,2.7,Modern,8.0,130.0
897330,505,"500,000 .. 1,000,000",7622,297,Coloring Pixels,game,True,0.0,0.0,0,2018-08-17,English,,"Casual,Indie,Free To Play","Single-player,Steam Achievements,Steam Cloud,Family Sharing",True,True,True,Minimum:     OS *:  Windows 8.1    Processor:  Intel i5    Memory:  8 GB RAM    Graphics:  Nvidia GTX960    DirectX:  Version 12    Storage:  500 MB available space    Sound Card:  Integrated sound,ToastieLabs,ToastieLabs,0.9625,False,True,False,True,0.0,2018.0,7.8,Established,8.0,
1239080,505,"200,000 .. 500,000",10389,459,Door Kickers 2: Task Force North,game,False,740.0,740.0,0,2025-02-10,"English<strong>*</strong>, French, German, Spanish - Spain, Japanese, Korean, Polish, Portuguese - Brazil, Russian, Simplified Chinese, Ukrainian<br><strong>*</strong>languages with full audio support",84.0,"Action,Indie,Simulation,Strategy","Single-player,Multi-player,Co-op,Online Co-op,Steam Achievements,Steam Workshop,Steam Cloud,Stats,Includes level editor,Remote Play Together,Family Sharing",True,True,False,Minimum:     OS:  Windows 10    Processor:  quad-core    Memory:  4 GB RAM    Graphics:  Integrated Intel HD 630 or better (OpenGL 3.1 / DirectX 10 compatible video card)    Storage:  2 GB available space    Additional Notes:  mouse with 3 buttons and scroll wheel,KillHouse Games,KillHouse Games,0.9577,False,True,True,True,3.36,2025.0,1.4,Recent,4.0,2.0
2668510,504,"200,000 .. 500,000",9619,787,Red Dead Redemption,game,False,960.0,1920.0,50,2024-10-29,"English<strong>*</strong>, French, Italian, German, Spanish - Spain, Korean, Russian, Simplified Chinese, Spanish - Latin America, Traditional Chinese, Japanese, Polish, Portuguese - Brazil<br><strong>*</strong>languages with full audio support",,Action,"Single-player,Steam Achievements,Full controller support,HDR available",True,False,False,Minimum:    Requires a 64-bit processor and operating system    OS:  Windows 10 64-Bit    Processor:  Intel® Core™ i5-4670 / AMD FX-9590    Memory:  8 GB RAM    Graphics:  NVIDIA GeForce GTX 960 / AMD Radeon R7 360    DirectX:  Version 12    Storage:  12 GB available space    Sound Card:  Direct X Compatible,"Rockstar Games,Double Eleven",Rockstar Games,0.9244,True,False,False,True,4.36,2024.0,1.6,Recent,8.0,12.0
24010,503,"1,000,000 .. 2,000,000",20015,8172,Train Simulator Classic,game,False,885.0,885.0,0,2015-09-17,"English, French, Italian, German, Spanish - Spain, Polish, Russian, Simplified Chinese",,Simulation,"Single-player,Steam Achievements,Full controller support,Steam Trading Cards,Steam Workshop,In-App Purchases,Steam Cloud,Steam Leaderboards,Family Sharing",True,False,False,"Minimum     OS:  32-bit Windows 10*    Processor:  Intel Core-i3 4330 3.50 GHz Dual Core or AMD A8 6600K 3.90 GHz Quad Core or Better    Memory:  4 GB RAM    Graphics:  NVIDIA GeForce GTX 750 Ti or AMD Radeon R9 Graphics with 1 GB Dedicated VRAM or Better    DirectX®:  9.0c    Network:  Broadband Connection (May incur additional costs for use)    Storage:  40 GB or more available space (Additional Add-Ons will require more)    Sound Card:  DirectX Compatible Audio Device    Additional Notes:  Requires mouse and keyboard or Xbox Controller   Laptop, Notebook, Mobile or Low Power versions of the above specifications (including Intel or Integrated Graphics) may work but are not supported.  Updates to Chipset, Graphics and Audio Device Drivers may be required.  *The Steam Client only supports Windows 10 and later.",Dovetail Games,"Dovetail Games - Trains,Dovetail Games",0.7101,False,False,False,True,4.02,2015.0,10.8,Classic,4.0,
1451190,503,"500,000 .. 1,000,000",12158,7191,Undisputed,game,False,1749.0,1749.0,0,2024-10-08,"English<strong>*</strong>, French, Italian, German, Spanish - Latin America, Spanish - Spain, Polish, Russian, Simplified Chinese, Traditional Chinese<br><strong>*</strong>languages with full audio support",,"Action,Simulation,Sports","Single-player,Multi-player,PvP,Online PvP,Shared/Split Screen PvP,Shared/Split Screen,Steam Achievements,Camera Comfort,Color Alternatives,Custom Volume Controls,Adjustable Difficulty,Playable without Timed Input,Stereo Sound,Partial Controller Support,Steam Cloud,Remote Play Together,Family Sharing",True,False,False,Minimum:    Requires a 64-bit processor and operating system    OS:  Windows 10 or higher    Processor:  Intel i5 7500 (3.4GHz) OR AMD 5 1600(3.2GHz)    Memory:  8 GB RAM    Graphics:  GeForce GTX 1660 OR AMD Rx 590    DirectX:  Version 11    Storage:  40 GB available space    Additional Notes:  SSD required,Steel City Interactive,Deep Silver,0.6284,True,False,True,True,7.95,2024.0,1.7,Recent,8.0,40.0
363150,501,"200,000 .. 500,000",4203,3132,Romance of the Three Kingdoms XIII,game,False,1199.0,1199.0,0,2016-01-27,"Japanese<strong>*</strong>, Traditional Chinese<strong>*</strong>, Korean, English<br><strong>*</strong>languages with full audio support",,Simulation,"Single-player,Steam Cloud,Family Sharing",True,False,False,"Minimum:     OS:  Windows® 10    Processor:  Pentium®4 1.6GHz or over    Memory:  1 GB RAM    Graphics:  1024×768 over or 1280×720 over display    DirectX:  Version 9.0c    Network:  Broadband Internet connection    Storage:  7 GB available space    Sound Card:  16 bit stereo, 48KHz WAVE file can be played    Additional Notes:  Shader model: Version 3.0, VRAM: 256MB over","KOEI TECMO GAMES CO., LTD.","KOEI TECMO GAMES CO., LTD.",0.573,False,False,False,True,5.45,2016.0,10.4,Classic,1.0,7.0
2334730,499,"500,000 .. 1,000,000",18498,1829,Death Must Die,game,False,220.0,220.0,0,2023-11-14,English,,"Action,Casual,Indie,RPG,Early Access","Single-player,Steam Achievements,Full controller support,Steam Cloud,Family Sharing",True,True,False,Minimum:    Requires a 64-bit processor and operating system    OS *:  Windows 7 (64 bit)    Processor:  Intel Core i3-3210    Memory:  4 GB RAM    Graphics:  DirectX 10 capable GPU    Storage:  3 GB available space,Realm Archive,Realm Archive,0.91,False,True,False,True,1.0,2023.0,2.6,Modern,4.0,3.0
1114150,499,"200,000 .. 500,000",7566,3121,CarX Street,game,False,795.0,795.0,0,2024-08-29,"English<strong>*</strong>, Russian, French, German, Japanese, Spanish - Spain, Portuguese - Portugal, Turkish, Traditional Chinese, Simplified Chinese<br><strong>*</strong>languages with full audio support",,"Massively Multiplayer,Racing,Simulation,Sports","Single-player,Multi-player,PvP,Online PvP,Steam Achievements,Full controller support,Captions available,Custom Volume Controls,Adjustable Difficulty,Keyboard Only Option,Playable without Timed Input,Stereo Sound,Steam Cloud,Family Sharing",True,True,True,Minimum:    Requires a 64-bit processor and operating system    OS:  Windows 10 or higher    Processor:  Ryzen 5 2600 @ 3.4 GHz / Intel® Core™ I5-8400 @ 2.5 GHz    Memory:  8 GB RAM    Graphics:  Nvidia Geforce GTX 1050 TI 4 Gb / Radeon RX 570 8 Gb    DirectX:  Version 11    Network:  Broadband Internet connection    Storage:  20 GB available space    Sound Card:  Sound card compatible with DirectX® 9.0с    Additional Notes:  SSD required,"CarX Technologies, LLC","CarX Technologies, LLC",0.708,False,False,True,True,3.61,2024.0,1.8,Recent,8.0,20.0
1332010,498,"5,000,000 .. 10,000,000",152312,4295,Stray,game,False,869.0,869.0,0,2022-07-19,"English, French, Italian, German, Spanish - Spain, Japanese, Korean, Polish, Portuguese - Brazil, Russian, Simplified Chinese, Spanish - Latin America, Traditional Chinese, Turkish, Dutch, Portuguese - Portugal",82.0,"Adventure,Indie","Single-player,Steam Achievements,Full controller support,Steam Trading Cards,Steam Cloud,Remote Play on TV,Family Sharing",True,True,False,"Minimum:    Requires a 64-bit processor and operating system    OS:  Windows 10    Processor:  Intel Core i5-2300 | AMD FX-6350    Memory:  8 GB RAM    Graphics:  NVIDIA GeForce GTX 650 Ti, 2 GB | AMD Radeon R7 360, 2 GB    DirectX:  Version 12    Storage:  10 GB available space",BlueTwelve Studio,Annapurna Interactive,0.9726,True,True,False,True,3.95,2022.0,3.9,Modern,8.0,10.0
2660460,498,"100,000 .. 200,000",3991,121,Aviassembly,game,False,310.0,310.0,0,2025-04-11,English,,"Simulation,Early Access","Single-player,Family Sharing",True,False,False,Minimum:    Requires a 64-bit processor and operating system    OS:  Window 10    Processor:  Intel Core I5 4460 3.20 Ghz or equivalent    Memory:  4 GB RAM    Graphics:  Nvidia GeForce GTX 970 or equivalent    DirectX:  Version 11    Storage:  300 MB available space,Jelle Booij,Jelle Booij,0.9706,False,False,False,True,1.41,2025.0,1.2,Recent,4.0,
218230,496,"5,000,000 .. 10,000,000",59598,14096,PlanetSide 2,game,True,0.0,0.0,0,2012-11-20,"English, German, French, Italian, Spanish - Spain, Russian, Simplified Chinese",84.0,"Action,Massively Multiplayer,Free To Play","Multi-player,MMO,PvP,Online PvP,Steam Trading Cards,Steam Cloud",True,False,False,Minimum:     OS *:  64-bit Windows 7 or later    Processor: : Core i5-4460 or better    Graphics:  Nvidia GeForce GTX 480 or better    Memory:  6 GB RAM (64-bit)    Hard Drive:  20 GB HD space    DirectX® : 11.0    Sound: DirectX compatible Sound Card     Other Requirements: Broadband Internet connection,Rogue Planet Games,Daybreak Game Company,0.8087,False,False,True,False,0.0,2012.0,13.6,Classic,6.0,
2288150,496,"100,000 .. 200,000",1597,1641,ROMANCE OF THE THREE KINGDOMS 8 REMAKE,game,False,2100.0,2100.0,0,2024-10-23,"English, Simplified Chinese<strong>*</strong>, Traditional Chinese, Japanese<strong>*</strong>, Korean<br><strong>*</strong>languages with full audio support",,"Simulation,Strategy","Single-player,Steam Achievements,Steam Trading Cards,Custom Volume Controls,Adjustable Difficulty,Mouse Only Option,Playable without Timed Input,Save Anytime,Stereo Sound,Surround Sound,Partial Controller Support,Steam Cloud,Family Sharing",True,False,False,"Minimum:    Requires a 64-bit processor and operating system    OS:  Windows® 10/11 64-bit (Note: Windows®11 system requirements apply when using that OS.)    Processor:  Intel Core i5-4460 or higher    Memory:  8 GB RAM    Graphics:  NVIDIA GeForce GTX 660 (2GB) or better, AMD Radeon R7 370 (2GB) or better    DirectX:  Version 11    Network:  Broadband Internet connection    Storage:  40 GB available space    Sound Card:  16-bit stereo with 48KHz playback for WAV files    Additional Notes:  Information based on a display resolution of 1280x720, a frame rate of 30FPS, and the lowest CG quality settings.","KOEI TECMO GAMES CO., LTD.","KOEI TECMO GAMES CO., LTD.",0.4932,False,False,False,True,9.55,2024.0,1.7,Recent,8.0,40.0
502520,495,"200,000 .. 500,000",7123,861,Ultimate General: Civil War,game,False,885.0,885.0,0,2017-07-14,"English<strong>*</strong>, French, German, Spanish - Spain, Russian, Simplified Chinese, Japanese, Korean<br><strong>*</strong>languages with full audio support",,"Indie,Simulation,Strategy","Single-player,Steam Achievements,Steam Trading Cards,Family Sharing",True,True,False,"Minimum:     OS *:  Windows 7 - 32 bit    Processor:  Intel i3    Memory:  2 GB RAM    Graphics:  512Mb VRAM, Minimum 1366x768 resolution, Intel HD 4000 and higher, GeForce 8800 and higher, AMD Radeon X1600    DirectX:  Version 9.0    Storage:  2 GB available space",Game-Labs,Game-Labs,0.8922,False,True,False,True,4.02,2017.0,8.9,Established,2.0,2.0
268850,494,"500,000 .. 1,000,000",3806,934,EVGA Precision X1,game,True,0.0,0.0,0,2014-07-16,"English, Traditional Chinese, Simplified Chinese",,Utilities,"Single-player,Steam Achievements",True,False,False,Minimum:    Requires a 64-bit processor and operating system    OS *:  Microsoft Windows 10 / 8.1 / 8    Graphics:  GeForce RTX/GTX graphics card    Storage:  50 MB available space,EVGA,EVGA,0.803,False,False,False,True,0.0,2014.0,11.9,Classic,,
1593350,494,"100,000 .. 200,000",983,159,Increlution,game,False,126.0,126.0,0,2021-10-13,English,,"Indie,Early Access","Single-player,Steam Cloud,Family Sharing",True,True,True,"Minimum:    Requires a 64-bit processor and operating system    OS *:  Windows 7 or later (64 bit)    Processor:  An Intel Pentium 4 processor or later that's SSE2 capable    Memory:  512 MB RAM    Storage:  250 MB available space    Additional Notes:  If your device is able to run a modern browser (Chrome, Safari, Firefox and the like), it should be good to run Increlution",Gniller,Gniller,0.8608,False,True,False,True,0.57,2021.0,4.7,Modern,,
2009350,493,"100,000 .. 200,000",2277,330,Out of Ore,game,False,740.0,740.0,0,2022-10-31,"English<strong>*</strong>, French<strong>*</strong>, Italian<strong>*</strong>, German<strong>*</strong>, Spanish - Spain<strong>*</strong><br><strong>*</strong>languages with full audio support",,"Adventure,Casual,Simulation,Strategy","Single-player,Multi-player,Co-op,Online Co-op,LAN Co-op,Partial Controller Support,Family Sharing",True,False,False,"Minimum:    Requires a 64-bit processor and operating system    OS *:  Windows 7 64-Bit or Windows 10 64-Bit    Processor:  Intel Core i5-14400 or AMD Ryzen 7500F    Memory:  8 GB RAM    Graphics:  NVIDIA GeForce GTX 970, GTX 1660 or Radeon R9 390, AMD RX 580    DirectX:  Version 12    Storage:  17 GB available space    Sound Card:  DirectX Compatible",North Modding Company AB,North Modding Company AB,0.8734,False,False,True,True,3.36,2022.0,3.6,Modern,8.0,17.0
1197260,491,"200,000 .. 500,000",3201,438,The Perfect Tower II,game,True,0.0,0.0,0,2025-11-30,English,,"Action,Indie,Strategy,Free To Play","Single-player,Steam Achievements,In-App Purchases,Color Alternatives,Custom Volume Controls,Playable without Timed Input,Save Anytime,Steam Cloud,Steam Leaderboards,Family Sharing",True,False,False,Minimum:    Requires a 64-bit processor and operating system    OS:  Windows 10 64 bit    Memory:  500 MB RAM    Graphics:  Intel HD Graphics    DirectX:  Version 11    Network:  Broadband Internet connection    Storage:  400 MB available space,Fire Sword Studios,Fire Sword Studios,0.8796,False,True,False,True,0.0,2025.0,0.6,Recent,,
42960,490,"1,000,000 .. 2,000,000",17950,1527,Victoria II,game,False,699.0,699.0,0,2010-08-30,"English, French, German",75.0,Strategy,"Single-player,Multi-player,Steam Trading Cards,Family Sharing",True,False,False,"Recommended:  														   OS:  XP/Vista/Windows7 															   Processor:  Intel® Pentium® IV 2.4 GHz or AMD 3500+ 															   Memory:  2 Gb RAM 															   Hard Disk Space:  2 GB Available HDD Space 															   Video Card:  NVIDIA® GeForce 8800 or ATI Radeon® X1900 															   Sound Card:  DirectX® compatible 															   Controller support:  3-button mouse, keyboard and speakers 															   Special multiplayer requirements:  Internet Connection for multiplayer",Paradox Development Studio,Paradox Interactive,0.9216,False,False,True,True,3.18,2010.0,15.8,Classic,2.0,2.0
2292800,490,"100,000 .. 200,000",814,152,Blacksmith Master,game,False,499.0,499.0,0,2025-05-15,"English, French, Italian, German, Spanish - Spain, Japanese, Korean, Portuguese - Brazil, Simplified Chinese, Traditional Chinese, Turkish, Czech, Polish, Russian, Hungarian, Ukrainian, Thai",,"Simulation,Strategy,Early Access","Single-player,Steam Achievements,Steam Trading Cards,Adjustable Text Size,Camera Comfort,Custom Volume Controls,Adjustable Difficulty,Mouse Only Option,Save Anytime,Steam Cloud,Family Sharing",True,True,True,Minimum:    Requires a 64-bit processor and operating system    OS:  Windows® 10 (64-bit)    Processor:  Intel® Pentium® G3250 (dual-core)  / AMD® FX-Series™ FX-8350 (quad-core)    Memory:  4 GB RAM    Graphics:  NVIDIA® GeForce® GTX 650 (1 GB) / AMD® Radeon™ HD 7770 (1 GB)    DirectX:  Version 9.0    Storage:  2 GB available space,Untitled Studio,Hooded Horse,0.8427,False,False,False,True,2.27,2025.0,1.1,Recent,4.0,2.0
2014780,489,"100,000 .. 200,000",3598,692,X-Plane 12,game,False,1700.0,1700.0,0,2022-12-17,"English<strong>*</strong>, French, Italian, German, Spanish - Spain, Japanese, Portuguese - Portugal, Russian, Simplified Chinese, Korean, Ukrainian<br><strong>*</strong>languages with full audio support",,Simulation,"Single-player,Multi-player,Co-op,LAN Co-op,Tracked Controller Support,VR Supported,Partial Controller Support,Family Sharing",True,True,True,"Minimum:    Requires a 64-bit processor and operating system    OS:  Windows 10 or 11    Processor:  Intel Core i3, i5, i7, or i9 CPU with 4 or more cores, or AMD Ryzen 3, 5, 7 or 9.    Memory:  8 GB RAM    Graphics:  A Vulkan 1.3-capable video card from NVIDIA, AMD or Intel Arc GPU with at least 2 GB VRAM    DirectX:  Version 12    Storage:  23 GB available space    VR Support:  SteamVR or Oculus PC    Additional Notes:  NVIDIA: GeForce 900 or newer, driver version 510 or newer AMD: AMD Radeon RX 500 or newer, driver version Adrenaline 22.2.1 or newer. Intel: Arc GPUs only",Laminar Research,Laminar Research,0.8387,False,False,True,True,7.73,2022.0,3.5,Modern,8.0,23.0
220240,488,"2,000,000 .. 5,000,000",101914,12105,Far Cry 3,game,False,164.0,659.0,75,2012-12-04,"English<strong>*</strong>, German<strong>*</strong>, French<strong>*</strong>, Italian<strong>*</strong>, Spanish - Spain<strong>*</strong>, Portuguese - Portugal, Polish, Danish, Dutch, Norwegian, Swedish, Czech, Russian<strong>*</strong>, Japanese<strong>*</strong>, Korean, Simplified Chinese, Traditional Chinese<br><strong>*</strong>languages with full audio support",88.0,"Action,Adventure","Single-player,Multi-player,Co-op,Steam Achievements,Partial Controller Support",True,False,False,"Minimum:     OS *: Windows XP, Windows Vista 	   Processor: Intel Core®2 Duo E6700 @ 2.6 GHz or AMD Athlon64 X2 6000+ @ 3.0Ghz or better 	   Memory: 4 GB RAM 	   Graphics: 512MB Video RAM (1GB Video RAM), DirectX9c (DirectX11) Shader Model 3.0 (Shader Model 5.0) 	   DirectX®: 9.0c 	   Hard Drive: 15 GB HD space 	   Sound: DirectX Compatible  (Recommended Surround Sound 5.1 capable) 	   Other Requirements: Broadband Internet connection 	   Additional: *Supported Video Cards at Time of Release: AMD Radeon™ HD 2900 / 3000 / 4000 / 5000 / 6000 / 7000 series, NVIDIA® GeForce® 8800 GTX / 9 / 200 / 400 / 500 / 600 series. Laptop versions of these cards may work, but are not supported. These chipsets are the only ones that will run this game. For the most up-to-date minimum requirement listings, please visit the FAQ on our support website at . Requires a UPlay account","Ubisoft Montreal, Massive Entertainment, and Ubisoft Shanghai",Ubisoft,0.8938,False,False,True,True,0.75,2012.0,13.5,Classic,4.0,
2408820,487,"500,000 .. 1,000,000",7995,1538,Luma Island,game,False,450.0,450.0,0,2024-11-20,"English, French, Italian, German, Japanese, Korean, Portuguese - Brazil, Russian, Simplified Chinese, Spanish - Spain, Thai, Arabic, Dutch, Polish, Spanish - Latin America, Turkish",,"Adventure,Casual,Indie,RPG,Simulation","Single-player,Multi-player,Co-op,Online Co-op,Steam Achievements,Full controller support,Custom Volume Controls,Adjustable Difficulty,Playable without Timed Input,Save Anytime,Stereo Sound,Surround Sound,Steam Cloud,Stats,Family Sharing",True,False,False,"Minimum:    Requires a 64-bit processor and operating system    OS:  Windows 10    Processor:  Intel i5    Memory:  8 GB RAM    Graphics:  NVIDIA GTX 1060 (10,000 PassMark points or more)    DirectX:  Version 11    Network:  Broadband Internet connection    Storage:  7 GB available space    Sound Card:  N/A",Feel Free Games,Feel Free Games,0.8387,True,True,True,True,2.05,2024.0,1.6,Recent,8.0,7.0
769560,487,"500,000 .. 1,000,000",8648,1784,月圆之夜 (Night of Full Moon),game,True,0.0,0.0,0,2019-07-25,"English<strong>*</strong>, Simplified Chinese<strong>*</strong>, Traditional Chinese<strong>*</strong>, Japanese, Korean<br><strong>*</strong>languages with full audio support",,"Adventure,Indie,Strategy,Free To Play","Single-player,Steam Achievements,Steam Cloud,Family Sharing",True,False,False,"Minimum:     OS:  Windows7,Windows10    Processor:  2.0 Ghz    Memory:  4 GB RAM    Graphics:  1Gb Video Memory, capable of OpenGL 3.0+ support (2.1 with ARB extensions acceptable)    Network:  Broadband Internet connection    Storage:  4 GB available space",Giant Games,Giant Games,0.829,False,True,False,True,0.0,2019.0,6.9,Established,4.0,4.0
314160,486,"2,000,000 .. 5,000,000",22120,3483,Microsoft Flight Simulator X: Steam Edition,game,False,529.0,529.0,0,2014-12-18,English,,Simulation,"Single-player,Multi-player,Partial Controller Support,Family Sharing",True,False,False,"Minimum:     OS *:  Windows® XP Service Pack 2 or later    Processor:  2.0 Ghz or higher (single core)    Memory:  2 GB RAM    Graphics:  DirectX®9 compliant video card or greater, 256 MB video RAM or higher, Shader Model 1.1 or higher (Laptop versions of these chipsets may work but are not supported. Updates to your video and sound card drivers may be required)    DirectX:  Version 9.0c    Network:  Broadband Internet connection    Storage:  30 GB available space    Additional Notes:  Broadband internet connection required for multiplayer features",Microsoft Game Studios,Xbox Game Studios,0.864,False,False,True,True,2.4,2014.0,11.5,Classic,2.0,30.0
493490,484,"500,000 .. 1,000,000",24830,5346,City Car Driving,game,False,52.0,529.0,90,2016-11-03,"English, French, Italian, German, Spanish - Spain, Simplified Chinese, Portuguese - Portugal, Turkish, Czech, Japanese, Russian<strong>*</strong>, Ukrainian, Danish, Finnish, Dutch, Greek, Polish<br><strong>*</strong>languages with full audio support",,"Indie,Racing,Simulation","Single-player,Steam Achievements,VR Supported,Steam Trading Cards,Steam Workshop,Partial Controller Support,Steam Cloud,Family Sharing",True,False,False,Minimum:     OS *:  Windows 7 SP1 / 8 / 8.1 / 10 (64 Bit)    Processor:  Intel Pentium Dual Core 3.2 GHz / AMD Athlon II X4 3.1 GHz    Memory:  4 GB RAM    Graphics:  AMD Radeon R7 240 / nVidia GeForce GT 740    DirectX:  Version 11    Storage:  10 GB available space    Sound Card:  Any sound card compatible with DirectX    VR Support:  SteamVR or Oculus PC. Keyboard or gamepad required    Additional Notes:  WARNING!!! Correct program operation on laptops and on computers with integrated video cards is not guaranteed! Recommended system requirements for the Oculus Rift &amp; HTC Vive are determined by the equipment manufacturer.,"Forward Development, Ltd.","Forward Global Group, Ltd.",0.8228,False,True,False,True,0.24,2016.0,9.6,Established,4.0,10.0
621830,484,"500,000 .. 1,000,000",9957,2327,WRC 7 FIA World Rally Championship,game,False,619.0,619.0,0,2017-09-15,"English<strong>*</strong>, French<strong>*</strong>, Italian<strong>*</strong>, German<strong>*</strong>, Spanish - Spain<strong>*</strong>, Polish, Portuguese - Brazil, Russian, Simplified Chinese<strong>*</strong>, Traditional Chinese, Japanese<strong>*</strong>, Korean<br><strong>*</strong>languages with full audio support",,Racing,"Single-player,Multi-player,PvP,Online PvP,Shared/Split Screen PvP,Shared/Split Screen,Steam Achievements,Full controller support,Steam Trading Cards,Steam Cloud,Remote Play on TV,Remote Play Together,Family Sharing",True,False,False,Minimum:    Requires a 64-bit processor and operating system    OS *:  Windows® 7    Processor:  Intel i3 4th generation @ 3.0GHz / AMD A8 or better    Memory:  4 GB RAM    Graphics:  Nvidia GT 730 / AMD HD 5600 or better    DirectX:  Version 11    Network:  Broadband Internet connection    Storage:  19 GB available space    Sound Card:  DirectX Compatible Soundcard    Additional Notes:  64bit Only,KT Racing,Nacon,0.8106,False,False,True,True,2.81,2017.0,8.8,Established,4.0,19.0
799600,482,"500,000 .. 1,000,000",10618,553,Cosmoteer: Starship Architect & Commander,game,False,595.0,595.0,0,2022-10-24,"English, French, German, Portuguese - Brazil, Russian, Simplified Chinese, Spanish - Latin America, Spanish - Spain, Japanese",,"Simulation,Strategy,Early Access","Single-player,Multi-player,PvP,Online PvP,LAN PvP,Co-op,Online Co-op,LAN Co-op,Steam Workshop,Camera Comfort,Color Alternatives,Custom Volume Controls,Adjustable Difficulty,Playable without Timed Input,Save Anytime,Steam Cloud,Family Sharing",True,False,False,"Minimum:    Requires a 64-bit processor and operating system    OS:  64-bit Microsoft Windows 10, 11, or newer    Processor:  Dual-core Intel 2.0 GHz (or AMD equivalent)    Memory:  4 GB RAM    Graphics:  1GB DirectX 10 Graphics Card or better    Storage:  2 GB available space    Sound Card:  DirectX compatible sound card",Walternate Realities,Walternate Realities,0.9505,True,False,True,True,2.7,2022.0,3.7,Modern,4.0,2.0
268650,482,"200,000 .. 500,000",10558,1305,From the Depths,game,False,740.0,740.0,0,2020-11-06,"English<strong>*</strong>, Simplified Chinese, Russian, Japanese<br><strong>*</strong>languages with full audio support",,"Action,Adventure,Indie,Simulation,Strategy","Single-player,Multi-player,PvP,Online PvP,Co-op,Online Co-op,Steam Achievements,Steam Trading Cards,Captions available,Steam Workshop,Partial Controller Support,Steam Leaderboards,Includes level editor,Family Sharing",True,True,True,Minimum:     OS:  Windows10    Processor:  Intel Core2 Duo 2.0 GHz (or AMD equivalent)    Memory:  8 GB RAM    Graphics:  NVIDIA GeForce 8800GT / ATI Radeon HD 3870 / Intel HD Graphics 4000    Network:  Broadband Internet connection    Storage:  4 GB available space    Sound Card:  DirectX® compatible on-board    Additional Notes:  Steam connection required to play the game,Brilliant Skies Ltd.,Brilliant Skies Ltd.,0.89,False,True,True,True,3.36,2020.0,5.6,Established,8.0,4.0
2772750,481,"500,000 .. 1,000,000",11105,1607,Age of History 3,game,False,350.0,350.0,0,2024-10-23,"English<strong>*</strong>, German<strong>*</strong>, Polish<strong>*</strong>, French<strong>*</strong>, Italian<strong>*</strong>, Spanish - Spain<strong>*</strong>, Portuguese - Brazil<strong>*</strong>, Portuguese - Portugal<strong>*</strong>, Russian<strong>*</strong>, Turkish<strong>*</strong>, Korean<strong>*</strong>, Simplified Chinese<strong>*</strong>, Spanish - Latin America<strong>*</strong>, Czech<strong>*</strong>, Hungarian<strong>*</strong>, Indonesian<strong>*</strong>, Romanian<strong>*</strong>, Ukrainian<strong>*</strong>, Japanese<strong>*</strong>, Greek<strong>*</strong>, Dutch<strong>*</strong>, Thai<strong>*</strong>, Arabic<strong>*</strong>, Finnish<strong>*</strong>, Georgian<strong>*</strong>, Hebrew<strong>*</strong>, Kazakh<strong>*</strong>, Lithuanian<strong>*</strong>, Macedonian<strong>*</strong>, Persian<strong>*</strong>, Serbian<strong>*</strong>, Vietnamese<strong>*</strong>, Traditional Chinese<strong>*</strong>, Croatian<strong>*</strong>, Filipino<strong>*</strong>, Bulgarian<strong>*</strong><br><strong>*</strong>languages with full audio support",,"Simulation,Strategy","Single-player,Steam Achievements,Steam Workshop,Includes level editor,Family Sharing",True,True,False,Minimum:    Requires a 64-bit processor and operating system    OS *:  Windows® 7/8/10/11 64-bit    Processor:  2.7 GHz Single Core    Memory:  3 GB RAM    Graphics:  Hardware Accelerated Graphics with dedicated memory    Storage:  1 GB available space,Łukasz Jakowski,Łukasz Jakowski Games,0.8736,True,False,False,True,1.59,2024.0,1.7,Recent,3.0,1.0
1686940,480,"1,000,000 .. 2,000,000",18609,516,Bopl Battle,game,False,310.0,310.0,0,2023-11-16,"English, Swedish, French, Italian, German, Spanish - Spain, Japanese, Korean, Polish, Portuguese - Brazil, Russian, Simplified Chinese, Traditional Chinese, Turkish",,Action,"Multi-player,PvP,Online PvP,Shared/Split Screen PvP,Co-op,Online Co-op,Shared/Split Screen Co-op,Shared/Split Screen,Steam Achievements,Partial Controller Support,Remote Play Together,Family Sharing",True,False,False,Minimum:    Requires a 64-bit processor and operating system    OS:  Windows 10 64-bit only    Processor:  Intel Core i3 or AMD equivalent    Memory:  4 GB RAM    Graphics:  Intel UHD Graphics 630    Storage:  2 GB available space,Johan Grönvall,Zapray Games,0.973,False,False,True,False,1.41,2023.0,2.6,Modern,4.0,2.0
20920,479,"2,000,000 .. 5,000,000",77950,9114,The Witcher 2: Assassins of Kings Enhanced Edition,game,False,86.0,575.0,85,2012-04-16,"English<strong>*</strong>, German<strong>*</strong>, French<strong>*</strong>, Spanish - Spain, Russian<strong>*</strong>, Czech, Hungarian, Japanese, Polish<strong>*</strong>, Turkish, Traditional Chinese, Italian, Korean, Portuguese - Brazil<br><strong>*</strong>languages with full audio support",88.0,RPG,"Single-player,Steam Achievements,Steam Trading Cards,Camera Comfort,Color Alternatives,Custom Volume Controls,Adjustable Difficulty,Playable without Timed Input,Save Anytime,Stereo Sound,Surround Sound,Partial Controller Support,Steam Cloud,Steam Leaderboards,Family Sharing",True,True,True,"Minimum:     OS *:  Windows XP/Vista/7 												   Processor:  Intel 2.2 GHz Dual-Core or AMD 2.5 GHz Dual-Core 												   Memory:  1.5 GB (Win XP), 2GB (Win Vista/Win 7) 												   Graphics:  GeForce 8800 (512 MB) or Radeon HD3850 (512 MB). Resolution: 1280x720. 												   DirectX®:  DirectX 9.29 has to be installed. 												   Hard Drive:  25GB 												   Sound:",CD PROJEKT RED,"CD PROJEKT RED,1C-SoftClub",0.8953,False,False,False,True,0.39,2012.0,14.2,Classic,,
774361,479,"1,000,000 .. 2,000,000",46393,5091,Blasphemous,game,False,52.0,529.0,90,2019-09-10,"English<strong>*</strong>, French, Italian, German, Spanish - Spain<strong>*</strong>, Simplified Chinese, Portuguese - Brazil, Russian, Japanese, Korean<br><strong>*</strong>languages with full audio support",77.0,"Action,Adventure,Indie","Single-player,Steam Achievements,Full controller support,Steam Trading Cards,Steam Cloud,Remote Play on Phone,Remote Play on Tablet,Remote Play on TV,Family Sharing",True,True,True,Minimum:    Requires a 64-bit processor and operating system    OS *:  Windows 7 64-bit    Processor:  Intel Core2 Duo E8400 or AMD Phenom II x2 550    Memory:  4 GB RAM    Graphics:  GeForce GTX 260 or Radeon HD 4850    Storage:  4 GB available space,The Game Kitchen,Team17,0.9011,False,True,False,True,0.24,2019.0,6.8,Established,4.0,4.0
242920,477,"2,000,000 .. 5,000,000",38173,4073,Banished,game,False,429.0,429.0,0,2014-02-18,English<strong>*</strong><br><strong>*</strong>languages with full audio support,73.0,"Indie,Simulation,Strategy","Single-player,Steam Achievements,Remote Play on Phone,Remote Play on Tablet,Family Sharing",True,False,False,Minimum:     OS *:  Win XP SP3 / Vista / Windows 7 / Windows 8    Processor:  2 GHz Intel Dual Core processor    Memory:  512 MB RAM    Graphics:  512 MB DirectX 9.0c compatible card (shader model 2)    DirectX:  Version 9.0c    Storage:  250 MB available space    Sound Card:  Any,Shining Rock Software LLC,Shining Rock Software LLC,0.9036,False,True,False,True,1.95,2014.0,12.3,Classic,,
3238670,476,"100,000 .. 200,000",1465,115,Conquest Dark,game,False,310.0,310.0,0,2025-04-30,English,,"Action,Indie,RPG,Early Access","Single-player,Full controller support,Steam Cloud,Family Sharing",True,False,False,Minimum:    Requires a 64-bit processor and operating system    OS:  Windows 10 64-bit or newer    Processor:  Intel Core i5-4590 OR AMD FX-9590    Memory:  8 GB RAM    Graphics:  Geforce GTX 1050 or AMD Ryzen 3 1200    DirectX:  Version 10    Storage:  8 GB available space,Eldritch Sword Games,Mad Mushroom,0.9272,False,True,False,True,1.41,2025.0,1.1,Recent,8.0,8.0
597180,474,"200,000 .. 500,000",3841,832,Old World,game,False,999.0,999.0,0,2022-05-18,"English, French, German, Spanish - Spain, Japanese, Russian, Simplified Chinese, Traditional Chinese, Portuguese - Brazil, Korean",80.0,"RPG,Simulation,Strategy","Single-player,Multi-player,PvP,Online PvP,Shared/Split Screen PvP,Co-op,Online Co-op,Shared/Split Screen Co-op,Shared/Split Screen,Cross-Platform Multiplayer,Steam Achievements,Steam Trading Cards,Steam Workshop,Adjustable Text Size,Camera Comfort,Color Alternatives,Custom Volume Controls,Adjustable Difficulty,Mouse Only Option,Playable without Timed Input,Save Anytime,Steam Cloud,Includes level editor,Remote Play Together,Family Sharing",True,True,True,Minimum:    Requires a 64-bit processor and operating system    OS:  Windows® 10 (64-bit)    Processor:  Intel® Core™ i5-4570 (quad-core) / AMD® Ryzen™ 3 2200G (quad-core)    Memory:  8 GB RAM    Graphics:  NVIDIA® GeForce® GTX 750 (2 GB) / AMD® Radeon™ HD 7950 (3 GB)    DirectX:  Version 11    Storage:  10 GB available space,Mohawk Games,Hooded Horse,0.822,False,False,True,True,4.54,2022.0,4.1,Modern,8.0,10.0
850190,474,"200,000 .. 500,000",10177,218,Goat Simulator 3,game,False,885.0,885.0,0,2024-02-15,"English<strong>*</strong>, French, Italian, German, Spanish - Spain, Japanese, Korean, Polish, Portuguese - Brazil, Russian, Simplified Chinese, Traditional Chinese<br><strong>*</strong>languages with full audio support",,"Adventure,Casual,Simulation","Single-player,Multi-player,Co-op,Online Co-op,Shared/Split Screen Co-op,Shared/Split Screen,Steam Achievements,Full controller support,Steam Trading Cards,Captions available,Camera Comfort,Custom Volume Controls,Stereo Sound,Subtitle Options,Surround Sound,Steam Cloud,Family Sharing",True,False,False,Minimum:    Requires a 64-bit processor and operating system    OS:  Windows 10    Processor:  i5 4690k    Memory:  8 GB RAM    Graphics:  GTX 1050 Ti (4GB VRAM)    DirectX:  Version 11    Storage:  12 GB available space,Coffee Stain North,Coffee Stain Publishing,0.979,False,False,True,True,4.02,2024.0,2.3,Modern,8.0,12.0
224260,473,"5,000,000 .. 10,000,000",66753,7500,No More Room in Hell,game,True,0.0,0.0,0,2013-10-31,"English<strong>*</strong>, German, French, Japanese, Greek, Italian, Spanish - Spain, Hungarian, Russian, Swedish, Traditional Chinese, Ukrainian, Simplified Chinese, Korean, Czech, Portuguese - Brazil, Turkish<br><strong>*</strong>languages with full audio support",,"Action,Indie,Free To Play","Multi-player,Co-op,Cross-Platform Multiplayer,Steam Achievements,Captions available,VR Support,Steam Workshop,Partial Controller Support,Steam Cloud,Valve Anti-Cheat enabled,Includes level editor,Includes Source SDK,Family Sharing",True,False,True,"Minimum:     OS *:  Windows® Vista or better 	   Processor:  Dual core 2.4 GHz processor or better  	   Memory:  2 GB RAM 	   Graphics:  Radeon HD 5000 Series or nVidia GeForce 200 series or better 	   DirectX®:  9.0c 	   Hard Drive:  10 GB HD space 	   Sound:  DirectX 9.0c compatible sound 	   Other Requirements:  Mouse, Keyboard, Broadband Internet connection with at least 5Mbps up/down",No More Room in Hell Team,Lever Games,0.899,False,True,True,False,0.0,2013.0,12.6,Classic,2.0,
2163330,472,"500,000 .. 1,000,000",10169,1044,Yet Another Zombie Survivors,game,False,455.0,455.0,0,2023-07-13,"English<strong>*</strong>, Polish<strong>*</strong>, Simplified Chinese<strong>*</strong>, French<strong>*</strong>, German<strong>*</strong>, Spanish - Spain<strong>*</strong>, Japanese<strong>*</strong>, Korean<strong>*</strong>, Portuguese - Brazil<strong>*</strong>, Russian<strong>*</strong><br><strong>*</strong>languages with full audio support",,"Action,Casual,Indie,RPG,Early Access","Single-player,Steam Achievements,Full controller support,Camera Comfort,Color Alternatives,Custom Volume Controls,Adjustable Difficulty,Keyboard Only Option,Mouse Only Option,Playable without Timed Input,Steam Cloud,Steam Leaderboards,Remote Play on TV,Family Sharing",True,False,False,Minimum:    Requires a 64-bit processor and operating system    OS *:  Windows 7/10/11    Processor:  i5-4670K @ 3.40GHz or similar    Memory:  8 GB RAM    Graphics:  GeForce 970 or better    Storage:  3000 MB available space,Awesome Games Studio,Awesome Games Studio,0.9069,False,True,False,True,2.07,2023.0,2.9,Modern,8.0,
2080690,472,"500,000 .. 1,000,000",17523,3896,Sunkenland,game,False,595.0,595.0,0,2023-08-25,"English, Simplified Chinese, French, German, Spanish - Spain, Japanese, Korean, Russian, Turkish",,"Action,Indie,Early Access","Single-player,Multi-player,Co-op,Online Co-op,Family Sharing",True,False,False,Minimum:     OS *:  Windows 7    Processor:  Intel Dual-Core 2.4 GHz    Memory:  8 GB RAM    Graphics:  NVIDIA GeForce 8800GT,Vector3 Studio,Vector3 Studio,0.8181,False,True,True,True,2.7,2023.0,2.8,Modern,8.0,
3187030,472,"50,000 .. 100,000",825,24,Satisfactory Modeler,game,True,0.0,0.0,0,2024-09-17,"English, French, Italian, German, Spanish - Spain, Arabic, Bulgarian, Czech, Danish, Dutch, Finnish, Greek, Hungarian, Indonesian, Japanese, Korean, Norwegian, Polish, Portuguese - Brazil, Portuguese - Portugal, Romanian, Russian, Simplified Chinese, Spanish - Latin America, Swedish, Thai, Traditional Chinese, Turkish, Ukrainian, Vietnamese",,Free To Play,,True,True,True,Minimum:    Requires a 64-bit processor and operating system    OS *:  Windows 8    Memory:  1 GB RAM    Storage:  400 MB available space,David Price,David Price,0.9717,True,False,False,False,0.0,2024.0,1.8,Recent,1.0,
1235140,470,"500,000 .. 1,000,000",31409,1853,Yakuza: Like a Dragon,game,False,679.0,679.0,0,2020-11-10,"English<strong>*</strong>, Japanese<strong>*</strong>, French, Italian, German, Spanish - Spain, Korean, Portuguese - Brazil, Russian, Simplified Chinese, Traditional Chinese<br><strong>*</strong>languages with full audio support",83.0,"Action,Adventure,RPG","Single-player,Steam Achievements,Full controller support,Steam Trading Cards,Family Sharing",True,False,False,"Minimum:    Requires a 64-bit processor and operating system    OS:  Windows 10    Processor:  Intel Core i5-3470 | AMD FX-8350    Memory:  8 GB RAM    Graphics:  Nvidia GeForce GTX 660, 2 GB | AMD Radeon HD 7870, 2 GB    Storage:  40 GB available space    Additional Notes:  Requires a CPU which supports the AVX and SSE4.2 instruction set. Microsoft no longer supports Windows 10 or older versions.",RGG Studio,SEGA,0.9443,False,False,False,True,3.09,2020.0,5.6,Established,8.0,40.0
2328480,470,"200,000 .. 500,000",1253,779,Ascension,game,False,595.0,595.0,0,2025-05-08,Simplified Chinese<strong>*</strong><br><strong>*</strong>languages with full audio support,,"Strategy,Early Access","Single-player,Steam Achievements,Steam Cloud,Family Sharing",True,False,False,Minimum:     OS:  Windows 10  / Windows 11    Processor:  Intel i5 9400F    Memory:  16 GB RAM    Graphics:  NVIDIA GeForce GTX 1050 Ti    Storage:  10 GB available space,Element Game 微元游戏,噪点游戏 SERICA GAMES,0.6166,False,False,False,True,2.7,2025.0,1.1,Recent,16.0,10.0
794260,469,"1,000,000 .. 2,000,000",20738,7717,Outward Definitive Edition,game,False,1399.0,1399.0,0,2022-05-17,"English<strong>*</strong>, French<strong>*</strong>, German<strong>*</strong>, Spanish - Spain, Italian, Japanese, Korean, Polish, Portuguese - Brazil, Russian, Simplified Chinese, Turkish<br><strong>*</strong>languages with full audio support",,RPG,"Single-player,Multi-player,Co-op,Online Co-op,Shared/Split Screen Co-op,Shared/Split Screen,Steam Achievements,Full controller support,Steam Trading Cards,Stats,Remote Play Together,Family Sharing",True,False,False,Minimum:     OS *:  Windows 7 (64 Bit) / 8 (64 Bit) / 10 (64 Bit)    Processor:  Intel Core i5-750 or equivalent    Memory:  6 GB RAM    Graphics:  Nvidia GTX 660 or equivalent    Storage:  51 GB available space,Nine Dots Studio,"Prime Matter,Deep Silver",0.7288,False,False,True,True,6.36,2022.0,4.1,Modern,6.0,51.0
834910,468,"1,000,000 .. 2,000,000",20142,22392,ATLAS,game,False,619.0,619.0,0,2018-12-22,"English<strong>*</strong>, Simplified Chinese, Italian, German, Russian, Traditional Chinese, Turkish, Ukrainian, French, Spanish - Spain<br><strong>*</strong>languages with full audio support",,"Action,Adventure,Massively Multiplayer,RPG,Early Access","Single-player,Multi-player,MMO,PvP,Online PvP,Co-op,Online Co-op,Full controller support,Steam Workshop,Includes level editor,Family Sharing",True,False,False,Minimum:     OS *:  Windows 7/8.1/10 (64-bit versions)    Processor:  Intel Core i5-2400/AMD FX-8320 or better    Memory:  4 GB RAM    Graphics:  NVIDIA GTX 770 2GB/AMD Radeon HD 7870 2GB or better    Storage:  120 GB available space    Additional Notes:  Requires broadband internet connection for multiplayer,"Grapeshot Games,Instinct Games","Grapeshot Games,Snail Games USA",0.4736,False,False,True,True,2.81,2018.0,7.5,Established,4.0,120.0
1659420,467,"500,000 .. 1,000,000",26740,2949,UNCHARTED™: Legacy of Thieves Collection,game,False,1799.0,1799.0,0,2022-10-19,"English<strong>*</strong>, French<strong>*</strong>, Italian<strong>*</strong>, German<strong>*</strong>, Spanish - Spain<strong>*</strong>, Czech, Danish, Dutch<strong>*</strong>, Finnish, Greek, Japanese<strong>*</strong>, Korean, Norwegian, Polish<strong>*</strong>, Portuguese - Portugal<strong>*</strong>, Portuguese - Brazil<strong>*</strong>, Russian<strong>*</strong>, Simplified Chinese, Spanish - Latin America<strong>*</strong>, Swedish, Traditional Chinese, Turkish<strong>*</strong><br><strong>*</strong>languages with full audio support",,Adventure,"Single-player,Steam Achievements,Full controller support,Custom Volume Controls,Adjustable Difficulty,Save Anytime,Stereo Sound,Surround Sound,Steam Cloud,Remote Play on TV,Family Sharing",True,False,False,"Minimum:     OS:  Windows 10 64-bit    Processor:  Intel i5-4430, AMD Ryzen 3 1200    Memory:  8 GB RAM    Graphics:  NVIDIA GTX 960 (4 GB), AMD R9 290X (4 GB)    DirectX:  Version 12    Storage:  126 GB available space","Naughty Dog LLC,Iron Galaxy Studios",PlayStation Publishing LLC,0.9007,True,False,False,True,8.18,2022.0,3.7,Modern,8.0,126.0
668580,466,"1,000,000 .. 2,000,000",31167,6828,Atomic Heart,game,False,1890.0,1890.0,0,2023-02-20,"English<strong>*</strong>, French<strong>*</strong>, German<strong>*</strong>, Spanish - Spain<strong>*</strong>, Japanese<strong>*</strong>, Russian<strong>*</strong>, Simplified Chinese<strong>*</strong>, Korean, Polish<strong>*</strong>, Portuguese - Brazil<strong>*</strong>, Italian<strong>*</strong>, Traditional Chinese, Ukrainian<br><strong>*</strong>languages with full audio support",76.0,"Action,Adventure,RPG","Single-player,Steam Achievements,Full controller support,Steam Trading Cards,Adjustable Text Size,Camera Comfort,Color Alternatives,Custom Volume Controls,Adjustable Difficulty,Playable without Timed Input,Stereo Sound,Surround Sound,Steam Cloud,Family Sharing",True,False,False,"Minimum:    Requires a 64-bit processor and operating system    OS:  Windows 10 (20H1 version or newer, 64-bit versions)    Processor:  AMD Ryzen 3 1200 or Intel Core i5-2500    Memory:  8 GB RAM    Graphics:  4 GB VRAM, AMD Radeon R9 380 or NVIDIA GeForce GTX 960    DirectX:  Version 12    Storage:  90 GB available space    Additional Notes:  30 FPS, 1920x1080 in low",Mundfish,"Focus Entertainment,4Divinity",0.8203,False,False,False,True,8.59,2023.0,3.3,Modern,8.0,90.0
602880,465,"20,000 .. 50,000",30,8,Powernaut VANGARDT,game,False,32.0,32.0,0,2017-03-28,English,,"Action,Adventure,Indie","Single-player,Steam Achievements,Steam Trading Cards,Partial Controller Support,Family Sharing",True,False,False,Minimum:     OS *:  Windows XP    Memory:  50 MB RAM    DirectX:  Version 9.0    Storage:  20 MB available space,ConfoundGreatJob,ConfoundGreatJob,0.7895,False,True,False,True,0.15,2017.0,9.2,Established,,
1272320,464,"200,000 .. 500,000",8217,1456,Diplomacy is Not an Option,game,False,885.0,885.0,0,2024-10-04,"English<strong>*</strong>, Russian, French, Italian, German, Spanish - Spain, Simplified Chinese, Japanese, Korean, Traditional Chinese, Turkish, Portuguese - Brazil<br><strong>*</strong>languages with full audio support",80.0,"Action,Adventure,Casual,Indie,Simulation,Strategy","Single-player,Steam Achievements,Steam Trading Cards,Steam Workshop,Steam Cloud,Includes level editor,Family Sharing",True,False,False,"Minimum:    Requires a 64-bit processor and operating system    OS:  Windows 10, 11 64 bit    Processor:  Intel Core i5 6400 / AMD X8 FX-8300    Memory:  16 GB RAM    Graphics:  GeForce GTX 960 / AMD Radeon R9 280    DirectX:  Version 11    Storage:  15 GB available space    Sound Card:  DirectX 11 compatible    Additional Notes:  mouse wheel",Door 407,Door 407,0.8495,False,True,False,True,4.02,2024.0,1.7,Recent,16.0,15.0
1331550,460,"500,000 .. 1,000,000",9952,760,Big Ambitions,game,False,681.0,681.0,0,2023-03-10,"English<strong>*</strong>, French, German, Spanish - Spain, Korean, Portuguese - Brazil, Russian, Simplified Chinese, Turkish, Italian, Traditional Chinese, Czech, Danish, Dutch, Finnish, Greek, Hungarian, Japanese, Polish, Romanian, Ukrainian, Lithuanian<br><strong>*</strong>languages with full audio support",,"Indie,Simulation,Early Access","Single-player,Steam Achievements,Steam Workshop,Steam Cloud,Family Sharing",True,True,False,Minimum:    Requires a 64-bit processor and operating system    OS:  Windows 10    Processor:  Intel i5 or similar    Memory:  8 GB RAM    Graphics:  NVIDIA Geforce GTX 960 or similar (Minimum 2GB vram)    Storage:  12 GB available space,Hovgaard Games,Hovgaard Games,0.9291,False,True,False,True,3.1,2023.0,3.3,Modern,8.0,12.0
205710,456,"500,000 .. 1,000,000",1938,465,EverQuest,game,True,0.0,0.0,0,2012-12-13,English,,"Massively Multiplayer,RPG,Free To Play","Multi-player,MMO",True,False,False,"Minimum:     OS *: Windows 7 SP1 + Platform Update 64-bit or newer 	   Processor: Intel Core i7-4771 / AMD Athlon X4 840 	   Memory: 4 GB RAM 	   Graphics: NVIDIA GeForce GTX 780 Ti / AMD Radeon HD 7970, hardware feature level 11_0 or greater            DirectX®: 11.0 	   Hard Drive: 20 GB HD space",Darkpaw Games,Daybreak Game Company,0.8065,False,False,True,False,0.0,2012.0,13.5,Classic,4.0,
1683150,455,"100,000 .. 200,000",2628,71,Railroader,game,False,885.0,885.0,0,2023-12-07,English<strong>*</strong><br><strong>*</strong>languages with full audio support,,"Simulation,Strategy,Early Access","Single-player,Multi-player,Co-op,Online Co-op,Steam Cloud,Family Sharing",True,False,False,Minimum:    Requires a 64-bit processor and operating system    OS:  Windows 64-bit    Processor:  Intel Core i5    Memory:  8 GB RAM    Graphics:  Nvidia GTX 1660 6GB    Storage:  8 GB available space,Giraffe Lab LLC,Giraffe Lab LLC,0.9737,False,False,True,True,4.02,2023.0,2.5,Modern,8.0,8.0
1960270,455,"20,000 .. 50,000",690,41,Lootun,game,False,132.0,132.0,0,2024-05-14,English,,RPG,"Single-player,Steam Achievements,Steam Cloud,Family Sharing",True,False,False,"Minimum:    Requires a 64-bit processor and operating system    OS *:  Windows 7, 8, 10+    Processor:  Dual-Core 1.8 GHZ or equivalent    Memory:  512 MB RAM    Graphics:  Intergrated Graphics    Storage:  200 MB available space",ArrowSoftGames,ArrowSoftGames,0.9439,False,False,False,True,0.6,2024.0,2.1,Modern,,
1222690,454,"1,000,000 .. 2,000,000",14780,4815,Dragon Age™ Inquisition,game,False,170.0,1700.0,90,2020-06-04,"English<strong>*</strong>, French<strong>*</strong>, Italian, German<strong>*</strong>, Spanish - Spain, Japanese, Polish, Portuguese - Brazil, Russian<br><strong>*</strong>languages with full audio support",85.0,"Action,Adventure,RPG,Strategy","Single-player,Multi-player,Co-op,Online Co-op,Steam Achievements,Full controller support,Steam Trading Cards",True,False,False,"Minimum:    Requires a 64-bit processor and operating system    OS *:  Windows 7 or 8.1, 64-bit    Processor:  AMD Quad core @ 2.5 GHz/Intel Quad core @ 2.0 GHz    Memory:  4 GB RAM    Graphics:  AMD Radeon HD 4870/Nvidia GeForce 8800 GT    DirectX:  Version 10    Storage:  26 GB available space",BioWare,Electronic Arts,0.7543,False,False,True,True,0.77,2020.0,6.0,Established,4.0,26.0
1881700,451,"500,000 .. 1,000,000",3439,2906,Undawn,game,True,0.0,0.0,0,2023-06-13,"English<strong>*</strong>, Japanese<strong>*</strong>, Korean<strong>*</strong>, Russian, Traditional Chinese, Turkish, Spanish - Spain, Spanish - Latin America<br><strong>*</strong>languages with full audio support",,"Adventure,Massively Multiplayer,RPG,Free To Play","Multi-player,MMO,PvP,Online PvP,Co-op,Online Co-op,Cross-Platform Multiplayer,In-App Purchases,Family Sharing",True,False,False,Minimum:     OS *:  Windows 7    Processor:  Intel® Core i5 4430    Memory:  4 GB RAM    Graphics:  Nvdia GeForce GTX 660    Network:  Broadband Internet connection    Storage:  20 GB available space    Sound Card:  Windows Compatible Audio Device,Lightspeed Studios,Level Infinite,0.542,True,False,True,False,0.0,2023.0,3.0,Modern,4.0,20.0
2124120,451,"100,000 .. 200,000",3847,614,SULFUR,game,False,740.0,740.0,0,2024-10-28,"English, Japanese, French, Italian, German, Spanish - Spain, Korean, Polish, Portuguese - Brazil, Russian, Simplified Chinese, Turkish, Swedish",,"Action,Adventure,Indie,RPG,Simulation,Early Access","Single-player,Steam Achievements,Full controller support,Steam Cloud,Family Sharing",True,False,False,Minimum:     OS:  Windows 10 64-bit    Processor:  2.4 GHZ Dual Core Processor    Memory:  8 GB RAM    Graphics:  GTX 970 or equivalent    DirectX:  Version 9.0    Storage:  4 GB available space    Sound Card:  Must handle loud beats and explosions,Perfect Random,Perfect Random,0.8624,False,True,False,True,3.36,2024.0,1.6,Recent,8.0,4.0
1333350,450,"500,000 .. 1,000,000",9717,1727,Angel Legion,game,True,0.0,0.0,0,2020-08-14,"English, Simplified Chinese<strong>*</strong>, Traditional Chinese<strong>*</strong>, Japanese<strong>*</strong>, Korean, French, German<br><strong>*</strong>languages with full audio support",,"Adventure,RPG,Strategy,Free To Play","Single-player,Multi-player,MMO,PvP,Online PvP,Co-op,Online Co-op,In-App Purchases,Family Sharing",True,True,False,"Minimum:     OS:  win7, win8, win10    Processor:  Intel Core-i3    Memory:  1 GB RAM    Network:  Broadband Internet connection    Storage:  6 GB available space",Shanghai SilverMoon Network Technology Co.Ltd,Shanghai SilverMoon Network Technology Co.Ltd,0.8491,False,False,True,True,0.0,2020.0,5.8,Established,1.0,6.0
418460,449,"2,000,000 .. 5,000,000",49952,7611,Rising Storm 2: Vietnam,game,False,529.0,529.0,0,2017-05-30,"English<strong>*</strong>, French, German, Spanish - Spain, Portuguese - Brazil, Russian, Japanese, Korean, Simplified Chinese, Turkish<br><strong>*</strong>languages with full audio support",81.0,"Action,Massively Multiplayer,Simulation,Strategy","Multi-player,PvP,Online PvP,Steam Achievements,Steam Trading Cards,Steam Workshop,In-App Purchases,Stats,Includes level editor,Family Sharing",True,False,False,Minimum:    Requires a 64-bit processor and operating system    OS:  Windows 10 (64-bit versions only)    Processor:  Intel Core i3 @ 2.5GHz or AMD Phenom @ 2.5GHz    Memory:  4 GB RAM    Graphics:  NVIDIA GeForce GTX 460 or ATI Radeon HD 5850    DirectX:  Version 11    Network:  Broadband Internet connection    Storage:  60 GB available space    Additional Notes:  UNSUPPORTED HARDWARE: 32-bit Operating Systems,"Antimatter Games,Tripwire Interactive",Tripwire Interactive,0.8678,False,False,True,False,2.4,2017.0,9.1,Established,4.0,60.0
1267540,448,"200,000 .. 500,000",1444,426,WRC 9 FIA World Rally Championship,game,False,69.0,699.0,90,2021-09-16,"English<strong>*</strong>, French<strong>*</strong>, Italian<strong>*</strong>, German<strong>*</strong>, Spanish - Spain<strong>*</strong>, Arabic, Japanese, Korean, Polish, Portuguese - Brazil, Russian, Simplified Chinese, Traditional Chinese<br><strong>*</strong>languages with full audio support",,"Racing,Simulation,Sports","Single-player,Multi-player,PvP,Online PvP,Shared/Split Screen PvP,Co-op,Online Co-op,Shared/Split Screen,Cross-Platform Multiplayer,Steam Achievements,Full controller support,Steam Cloud,Remote Play Together,Family Sharing",True,False,False,"Minimum:    Requires a 64-bit processor and operating system    OS:  Windows 10    Processor:  Intel Core i3-2100 | AMD FX-4350    Memory:  4 GB RAM    Graphics:  Nvidia GeForce GTX 650, 1 Go | AMD Radeon HD 7770, 1 Go    DirectX:  Version 12    Storage:  30 GB available space",KT Racing,Nacon,0.7722,False,False,True,True,0.31,2021.0,4.8,Modern,4.0,30.0
1274570,447,"2,000,000 .. 5,000,000",75057,7457,DEVOUR,game,False,310.0,310.0,0,2021-01-28,"English<strong>*</strong>, French, Italian, German, Spanish - Spain, Japanese, Korean, Polish, Russian, Simplified Chinese, Spanish - Latin America, Turkish, Thai, Portuguese - Portugal, Czech, Dutch, Finnish, Norwegian, Portuguese - Brazil, Romanian, Hungarian, Slovak, Ukrainian<br><strong>*</strong>languages with full audio support",,Indie,"Single-player,Multi-player,Co-op,Online Co-op,Steam Achievements,Full controller support,Tracked Controller Support,VR Supported,Steam Trading Cards,Steam Cloud,Family Sharing",True,True,False,Minimum:    Requires a 64-bit processor and operating system    OS:  Windows 10 - 64 bit    Processor:  Intel i5 or new-gen i3 / AMD equivalent    Memory:  8 GB RAM    Graphics:  NVIDIA GTX 970 / AMD Radeon R9 290    DirectX:  Version 11    Storage:  10 GB available space    VR Support:  OpenXR,Straight Back Games,Straight Back Games,0.9096,True,True,True,True,1.41,2021.0,5.4,Established,8.0,10.0
333420,446,"1,000,000 .. 2,000,000",12060,2690,Cossacks 3,game,False,429.0,429.0,0,2016-09-20,"English, French, German, Czech, Polish, Russian, Ukrainian, Italian, Spanish - Spain, Portuguese - Portugal, Portuguese - Brazil, Turkish",,"Action,Adventure,Strategy","Single-player,Multi-player,PvP,Online PvP,Co-op,Online Co-op,Steam Achievements,Steam Trading Cards,Steam Workshop,Steam Cloud,Includes level editor,Commentary available,Family Sharing",True,False,True,Minimum:     OS *:  Windows XP/7/8/10    Processor:  Intel Core 2 Duo E8400 3.0GHz / Core i3 1.6GHz / AMD Athlon II X2 280    Memory:  3 GB RAM    Graphics:  nVidia GeForce 9600 GT / Radeon HD 4830 / Intel HD5000    DirectX:  Version 9.0c    Network:  Broadband Internet connection    Storage:  6 GB available space    Additional Notes:  Screen Resolution - 1280x768,GSC Game World,GSC Game World,0.8176,False,False,True,True,1.95,2016.0,9.8,Established,3.0,6.0
1536610,445,"1,000,000 .. 2,000,000",13845,549,OpenTTD,game,False,0.0,0.0,0,2021-04-01,"English, French, Italian, German, Spanish - Spain, Arabic, Bulgarian, Czech, Danish, Dutch, Finnish, Greek, Hungarian, Japanese, Korean, Norwegian, Polish, Portuguese - Portugal, Portuguese - Brazil, Romanian, Russian, Simplified Chinese, Spanish - Latin America, Swedish, Thai, Traditional Chinese, Turkish, Ukrainian, Vietnamese",,"Casual,Indie,Simulation","Single-player,Multi-player,PvP,Online PvP,LAN PvP,Co-op,Online Co-op,LAN Co-op,Cross-Platform Multiplayer,Family Sharing",True,True,True,"Minimum:     OS *:  Windows 11, 10, 8, 7 (32 Bit and 64 Bit)    Processor:  Yes    Memory:  256 MB RAM",OpenTTD,OpenTTD,0.9619,True,True,True,True,0.0,2021.0,5.2,Established,,
2358260,445,"100,000 .. 200,000",1520,411,Cricket 24,game,False,1899.0,1899.0,0,2023-10-04,English<strong>*</strong><br><strong>*</strong>languages with full audio support,,"Simulation,Sports","Single-player,Multi-player,PvP,Online PvP,Shared/Split Screen PvP,Co-op,Online Co-op,Shared/Split Screen Co-op,Shared/Split Screen,Cross-Platform Multiplayer,Steam Achievements,Full controller support,Steam Cloud,Family Sharing",True,False,False,"Minimum:    Requires a 64-bit processor and operating system    OS:  Windows 10 or Windows 11    Processor:  Intel i3 2100 (3.1 GHz) / AMD FX 6300 (3.5 GHz)    Memory:  8 GB RAM    Graphics:  NVIDIA GeForce GTX 770 (4 GB) / AMD Radeon R9 270 (4 GB)    DirectX:  Version 12    Network:  Broadband Internet connection    Storage:  60 GB available space    Additional Notes:  Though not required, SSD for storage is recommended.",Big Ant Studios,Nacon,0.7872,False,False,True,True,8.63,2023.0,2.7,Modern,8.0,60.0
204360,443,"5,000,000 .. 10,000,000",120733,4865,Castle Crashers®,game,False,32.0,329.0,90,2012-09-26,"English<strong>*</strong>, German, French, Italian, Korean, Spanish - Spain, Simplified Chinese, Traditional Chinese, Japanese, Portuguese - Portugal, Russian<br><strong>*</strong>languages with full audio support",,"Action,Adventure,Casual,Indie,RPG","Single-player,Multi-player,PvP,Online PvP,Shared/Split Screen PvP,Co-op,Online Co-op,Shared/Split Screen Co-op,Shared/Split Screen,Steam Achievements,Full controller support,Steam Trading Cards,Steam Workshop,Custom Volume Controls,Stereo Sound,Steam Cloud,Steam Leaderboards,Remote Play on Phone,Remote Play on Tablet,Remote Play on TV,Remote Play Together,Family Sharing",True,True,False,"Minimum:     OS: Microsoft® Windows® 10 	   Processor: Intel Core 2 Duo 2GHz+ or better 	   Memory: 8 GB RAM 	   Graphics: 2GB RAM  	   DirectX®: 9.0c 	   Hard Drive: 512 MB HD space 	   Sound: DirectX compatible 	   Other Requirements: Broadband Internet connection 	   Additional: Supports Direct Input compatible controllers            Additional: Ultra Graphics Mode requires a 64-bit OS, at least 8GB of RAM, and 2GB VRAM.",The Behemoth,The Behemoth,0.9613,False,True,True,True,0.15,2012.0,13.7,Classic,8.0,
678960,443,"2,000,000 .. 5,000,000",48327,8991,CODE VEIN,game,False,1199.0,1199.0,0,2019-09-26,"French, English<strong>*</strong>, Italian, German, Spanish - Spain, Japanese<strong>*</strong>, Korean, Portuguese - Brazil, Russian, Spanish - Latin America, Traditional Chinese<br><strong>*</strong>languages with full audio support",72.0,"Action,RPG","Single-player,Multi-player,Co-op,Online Co-op,Steam Achievements,Steam Trading Cards,Partial Controller Support,Steam Cloud,Family Sharing",True,False,False,Minimum:    Requires a 64-bit processor and operating system    OS *:  Windows 7 SP1 or Windows 10 (64-bit)    Processor:  Intel Core i5-2300    Memory:  6 GB RAM    Graphics:  GeForce GTX 760 or Radeon HD 7850    DirectX:  Version 11    Network:  Broadband Internet connection    Storage:  35 GB available space    Sound Card:  DirectX compatible soundcard or onboard chipset    Additional Notes:  Estimated performance: 1080p/60fps with graphics settings at &quot;Low&quot;. Framerate might drop in graphics-intensive scenes.  - 64-bit processor and operating system are required.,Bandai Namco Studios,Bandai Namco Entertainment,0.8431,True,False,True,True,5.45,2019.0,6.7,Established,6.0,35.0
1644960,443,"500,000 .. 1,000,000",22503,16590,NBA 2K22,game,False,0.0,0.0,0,2021-09-09,"English<strong>*</strong>, French, Italian, Spanish - Spain, Japanese, Korean, Simplified Chinese, Traditional Chinese, German<br><strong>*</strong>languages with full audio support",,"Simulation,Sports","Single-player,Multi-player,PvP,Online PvP,Shared/Split Screen PvP,Co-op,Online Co-op,Shared/Split Screen Co-op,Shared/Split Screen,Steam Achievements,Full controller support,In-App Purchases,Steam Cloud,Remote Play on Tablet,Remote Play Together,Family Sharing",True,False,False,"Minimum:     OS *:  Windows 7 64-bit, Windows 8.1 64-bit or Windows 10 64-bit    Processor:  Intel® Core™ i3-2100 @  3.10 GHz/ AMD FX-4100 @ 3.60 GHz or better    Memory:  4 GB RAM    Graphics:  NVIDIA® GeForce® GT 450 1GB/ ATI® Radeon™ HD 7770 1 GB or better    DirectX:  Version 11    Network:  Broadband Internet connection    Storage:  110 GB available space    Sound Card:  Directx 9.0x    Additional Notes:  Dual-analog Gamepad recommended. Initial installation requires one-time internet connection for Steam authentication; software installations required (included with the game) include DirectX and Visual C++ Redistributable 2012. In order to play NBA 2K22 on PC, you need a processor capable of supporting SSE 4.2 and AVX.",Visual Concepts,2K,0.5756,False,False,True,True,0.0,2021.0,4.8,Modern,4.0,110.0
241930,441,"5,000,000 .. 10,000,000",83849,6866,Middle-earth™: Shadow of Mordor™,game,False,599.0,599.0,0,2014-09-30,"English<strong>*</strong>, French<strong>*</strong>, Italian<strong>*</strong>, German<strong>*</strong>, Spanish - Spain<strong>*</strong>, Polish, Portuguese - Brazil<strong>*</strong>, Russian<br><strong>*</strong>languages with full audio support",84.0,,"Single-player,Steam Achievements,Full controller support,Steam Trading Cards,Steam Cloud,Family Sharing",True,False,False,"Minimum:     OS *:  64-bit: Vista SP2, Win 7 SP1, Win 8.1    Processor:  Intel Core i5-750, 2.67 GHz  |  AMD Phenom II X4 965, 3.4 GHz    Memory:  3 GB RAM    Graphics:  NVIDIA GeForce GTX 460  |  AMD Radeon HD 5850    DirectX:  Version 11    Network:  Broadband Internet connection    Storage:  44 GB available space",Monolith Productions,"Warner Bros. Interactive Entertainment,Warner Bros. Games",0.9243,False,False,False,True,2.72,2014.0,11.7,Classic,3.0,44.0
337410,441,"200,000 .. 500,000",754,382,Karos,game,True,0.0,0.0,0,2014-12-24,"Russian<strong>*</strong>, German<strong>*</strong>, Turkish<strong>*</strong>, English<strong>*</strong>, Spanish - Spain<strong>*</strong>, French<strong>*</strong>, Polish<strong>*</strong>, Portuguese - Portugal<strong>*</strong>, Portuguese - Brazil<strong>*</strong>, Spanish - Latin America<strong>*</strong><br><strong>*</strong>languages with full audio support",,"Massively Multiplayer,RPG,Free To Play","Multi-player,MMO,PvP,Online PvP,Co-op,Online Co-op,Steam Trading Cards,In-App Purchases,Family Sharing",True,False,False,"Minimum:     OS:  Windows 10, 11    Processor:  Intel Pentium 4 1.8 Ghz or more    Memory:  1 GB RAM    Graphics:  GeForce 5600 or similar    DirectX:  Version 9.0    Network:  Broadband Internet connection    Storage:  5 GB available space",Galaxy Gate,GameXP.com,0.6637,True,False,True,False,0.0,2014.0,11.5,Classic,1.0,5.0
1170950,440,"500,000 .. 1,000,000",7870,5073,Mortal Online 2,game,False,799.0,799.0,0,2022-01-25,"English, French, Italian, German, Spanish - Spain, Czech, Polish, Portuguese - Brazil, Russian, Swedish, Traditional Chinese",,"Action,Indie,Massively Multiplayer,RPG","Multi-player,MMO,Steam Achievements,Steam Cloud,Stats,Steam Leaderboards",True,False,False,"Minimum:    Requires a 64-bit processor and operating system    OS:  64-bit Windows 10/11    Processor:  Core i5-6600 or Ryzen 5 1600 or Equivalent    Memory:  16 GB RAM    Graphics:  GeForce GTX 1060 6GB, Radeon RX 580 8GB or Arc A380    DirectX:  Version 11    Network:  Broadband Internet connection    Storage:  70 GB available space    Additional Notes:  SSD hard drive is recommended",Star Vault AB,Star Vault AB,0.6081,False,True,True,False,3.63,2022.0,4.4,Modern,16.0,70.0
1559600,440,"20,000 .. 50,000",1465,98,The Ranch of Rivershine,game,False,619.0,619.0,0,2025-05-23,"English, French",,Simulation,"Single-player,Steam Achievements,Partial Controller Support,Steam Cloud,Family Sharing",True,False,False,Minimum:    Requires a 64-bit processor and operating system    OS *:  Windows 7    Processor:  Intel Core i5    Memory:  8 GB RAM    Graphics:  NVIDIA GeForce GTX 960    DirectX:  Version 11    Storage:  5 GB available space,Cozy Bee Games,Cozy Bee Games,0.9373,False,False,False,True,2.81,2025.0,1.1,Recent,8.0,5.0
2168680,438,"100,000 .. 200,000",3826,232,Nuclear Option,game,False,667.0,667.0,0,2023-10-15,English<strong>*</strong><br><strong>*</strong>languages with full audio support,,"Action,Indie,Simulation,Early Access","Single-player,Multi-player,PvP,Online PvP,Co-op,Online Co-op,Steam Workshop,Custom Volume Controls,Playable without Timed Input,Partial Controller Support,Includes level editor,Family Sharing",True,False,False,Minimum:    Requires a 64-bit processor and operating system    OS:  Windows 10    Processor:  Intel Core i5-8400 / AMD Ryzen 5 2600 (or equivalent)    Memory:  8 GB RAM    Graphics:  GeForce GTX 1050 Ti / Radeon RX 560 / Intel Arc A380    DirectX:  Version 11    Storage:  4 GB available space,Shockfront Studios,Shockfront Studios,0.9428,False,True,True,True,3.03,2023.0,2.7,Modern,8.0,4.0
261640,437,"2,000,000 .. 5,000,000",33577,8802,Borderlands: The Pre-Sequel,game,False,66.0,661.0,90,2014-10-13,"English<strong>*</strong>, French<strong>*</strong>, Italian<strong>*</strong>, German<strong>*</strong>, Spanish - Spain<strong>*</strong>, Japanese<strong>*</strong>, Russian, Korean<br><strong>*</strong>languages with full audio support",75.0,"Action,RPG","Single-player,Multi-player,Co-op,Steam Achievements,Full controller support,Steam Trading Cards,Steam Cloud,Remote Play on TV,Family Sharing",True,True,True,"Minimum:     OS *:  Windows XP SP3    Processor:  2.4 GHz Dual Core Processor    Memory:  2048 MB RAM    Graphics:  NVIDIA GeForce 8500 / ATI Radeon HD 2600    DirectX:  Version 9.0    Storage:  13 GB available space    Sound Card:  DirectX 9 Compliant    Additional Notes:  Other Requirements &amp; Supports: Initial installation requires one time internet connection for Steam authentication; software installations required (included with the game) include Steam Client, directX 9, Microsoft .NET 4 Framework, Visual C++ Redistributable 2005, Visual C++ Redistributable 2008, Visual C++ Redistributable 2010, and AMD CPU Drivers (XP Only/AMD Only). Windows Imaging Component (Windows XP 64-Bit only)","2K Australia,Gearbox Software,Aspyr (Linux)","2K,Aspyr (Linux)",0.7923,False,False,True,True,0.3,2014.0,11.7,Classic,,13.0
274170,437,"2,000,000 .. 5,000,000",62741,3893,Hotline Miami 2: Wrong Number,game,False,68.0,455.0,85,2015-03-10,"English, French, German, Spanish - Spain, Polish, Portuguese - Brazil, Russian",,"Action,Indie","Single-player,Steam Achievements,Full controller support,Steam Workshop,Steam Cloud,Steam Leaderboards,Includes level editor,Remote Play on TV,Family Sharing",True,True,True,Minimum:     OS *:  Microsoft® Windows® Vista / 7 / 8    Processor:  2.4 GHz Intel Core 2 Duo or better    Memory:  1 GB RAM    Graphics:  OpenGL 3.2 compatible GPU with at least 256MB of VRAM    DirectX:  Version 9.0c    Storage:  600 MB available space    Additional Notes:  PS4 or Xbox 360 Controller or Direct Input compatible controller,Dennaton Games,Devolver Digital,0.9416,False,True,False,True,0.31,2015.0,11.3,Classic,1.0,
368260,436,"2,000,000 .. 5,000,000",17871,4003,Marvel's Midnight Suns,game,False,2499.0,2499.0,0,2022-12-01,"English<strong>*</strong>, French<strong>*</strong>, Italian, German<strong>*</strong>, Spanish - Spain<strong>*</strong>, Japanese<strong>*</strong>, Korean<strong>*</strong>, Polish, Portuguese - Brazil, Simplified Chinese<strong>*</strong>, Traditional Chinese<br><strong>*</strong>languages with full audio support",,"RPG,Strategy","Single-player,Steam Achievements,Full controller support,In-App Purchases,Family Sharing",True,False,False,Minimum:    Requires a 64-bit processor and operating system    OS:  Windows 10 64-bit    Processor:  AMD Ryzen 3-2200G / Intel Core i5-4430    Memory:  8 GB RAM    Graphics:  AMD RX 470 / GeForce  GTX 960 - 4GB    DirectX:  Version 12    Storage:  60 GB available space,Firaxis Games,2K,0.817,False,False,False,True,11.36,2022.0,3.6,Modern,8.0,60.0
3404470,436,"50,000 .. 100,000",823,55,Maltese's Fluffy Onsen,game,False,189.0,189.0,0,2025-05-13,"English, Japanese, Simplified Chinese, Traditional Chinese, Korean, French, Italian, German, Spanish - Spain, Polish, Portuguese - Brazil, Russian, Turkish",,"Casual,Indie,Simulation","Single-player,Steam Achievements,Steam Cloud,Family Sharing",True,True,False,Minimum:     OS:  Windows 10    Processor:  Intel® Core™ i3 @ 3.2 GHZ    Memory:  4 GB RAM    Graphics:  Graphics card with DX9    DirectX:  Version 9.0    Storage:  256 MB available space,"Sinkhole Studio,Moonlab Studio","Sinkhole Studio,Paleo,XD",0.9374,False,True,False,True,0.86,2025.0,1.1,Recent,4.0,
251060,434,"1,000,000 .. 2,000,000",17036,2147,Wargame: Red Dragon,game,False,1279.0,1279.0,0,2014-04-17,"English<strong>*</strong>, French, Italian, German, Spanish - Spain, Polish, Russian, Japanese, Korean, Ukrainian, Traditional Chinese<br><strong>*</strong>languages with full audio support",78.0,"Indie,Simulation,Strategy","Single-player,Multi-player,PvP,Online PvP,Co-op,Online Co-op,Steam Trading Cards,Steam Cloud,Family Sharing",True,True,True,"Minimum:     OS *:  WINDOWS XP SP3/WINDOWS VISTA SP2/WINDOWS 7,8,10,11    Processor:  AMD/INTEL DUAL-CORE 2.5 GHZ    Memory:  2048 MB RAM    Graphics:  256 MB 100% DIRECTX 9 AND SHADERS 3.0 COMPATIBLE ATI RADEON X1800 GTO/NVIDIA GEFORCE 7600 GT/INTEL HD 3000 OR HIGHER    Network:  Broadband Internet connection    Storage:  20 GB available space    Sound Card:  DIRECTX 9 COMPATIBLE    Additional Notes:  INTERNET CONNECTION REQUIRED FOR ONLINE GAMING",Eugen Systems,Eugen Systems,0.8881,False,True,True,True,5.81,2014.0,12.2,Classic,,20.0
10090,433,"2,000,000 .. 5,000,000",46665,3884,Call of Duty: World at War,game,False,759.0,759.0,0,2008-11-18,"English, French, Italian, German, Spanish - Spain",83.0,Action,"Single-player,Multi-player,Co-op,Family Sharing",True,False,False,Supported OS:   Windows XP/Vista/7                     					   Processor:  Pentium 4 @ 3 GHz/AMD 64 3200+                     					   Memory:  512 MB (1 GB for Vista)                     					   Hard Drive:  8 GB Free                     					   DirectX version:  DirectX 9.0c                     					   Sound:  on-board or better                       					   Graphics Card:  256 MB (nVidia GeForce 6600/ATI Radeon X1600),Treyarch,Activision,0.9232,False,False,True,True,3.45,2008.0,17.6,Classic,,
458750,433,"100,000 .. 200,000",621,54,FireAlpaca SE,game,False,799.0,799.0,0,2016-05-22,"English, French, Italian, German, Spanish - Spain, Russian, Simplified Chinese, Traditional Chinese, Japanese, Korean",,"Design & Illustration,Photo Editing",Steam Trading Cards,True,True,False,Minimum:    Requires a 64-bit processor and operating system    OS *:  Windows 7 or Later    Processor:  Pentium 4    Memory:  2 GB RAM    Storage:  100 MB available space,PGN Inc,PGN Inc,0.92,False,False,False,False,3.63,2016.0,10.1,Classic,2.0,
211500,431,"2,000,000 .. 5,000,000",17812,5806,RaceRoom Racing Experience,game,True,0.0,0.0,0,2013-02-12,"English<strong>*</strong>, French, German, Italian, Spanish - Spain<br><strong>*</strong>languages with full audio support",,"Racing,Simulation,Sports,Free To Play","Single-player,Multi-player,PvP,Online PvP,VR Supported,Steam Trading Cards,In-App Purchases,Partial Controller Support",True,False,False,Minimum:    Requires a 64-bit processor and operating system    OS:  Windows 10    Processor:  Dual Core 2.4 GHz    Memory:  4 GB RAM    Graphics:  VRAM 512MB    DirectX:  Version 9.0c    Network:  Broadband Internet connection    Storage:  70 GB available space    VR Support:  SteamVR. Keyboard or gamepad required,KW Studios,"KW Studios,RaceRoom Entertainment AG",0.7542,False,False,True,True,0.0,2013.0,13.4,Classic,4.0,70.0
694280,431,"500,000 .. 1,000,000",7974,1299,Zombie Army 4: Dead War,game,False,145.0,1450.0,90,2021-02-18,"English<strong>*</strong>, French, Italian, German, Spanish - Spain, Japanese, Korean, Polish, Portuguese - Brazil, Russian, Simplified Chinese, Traditional Chinese<br><strong>*</strong>languages with full audio support",74.0,Action,"Single-player,Multi-player,Co-op,Online Co-op,Steam Achievements,In-App Purchases,Partial Controller Support,Steam Cloud,Steam Leaderboards,Family Sharing",True,False,False,Minimum:    Requires a 64-bit processor and operating system    OS *:  Windows 10 64-bit / Windows 7 64-bit*    Processor:  Intel Core i3-6100 (or AMD equivalent)    Memory:  4 GB RAM    Graphics:  Nvidia GT 1030 2GB (or AMD equivalent)    Storage:  60 GB available space    Additional Notes:  *Windows 7 64-bit version 7601 supported only via the Vulkan launcher option.,Rebellion,Rebellion,0.8599,False,False,True,True,0.66,2021.0,5.3,Established,4.0,60.0
846770,431,"500,000 .. 1,000,000",1642,104,DYSMANTLE,game,False,595.0,595.0,0,2021-11-16,"English<strong>*</strong>, Simplified Chinese, German, Russian, Turkish, French, Spanish - Spain, Japanese, Korean, Portuguese - Brazil, Italian, Traditional Chinese<br><strong>*</strong>languages with full audio support",,"Action,Adventure,Indie,RPG,Simulation","Single-player,Multi-player,Co-op,Shared/Split Screen Co-op,Shared/Split Screen,Steam Achievements,Full controller support,Steam Trading Cards,Steam Workshop,Steam Cloud,Remote Play on TV,Remote Play Together,Family Sharing",True,True,False,Minimum:    Requires a 64-bit processor and operating system    OS *:  Windows Vista / 7 / 8 / 10 / 11    Processor:  64-bit    Memory:  2048 MB RAM    Graphics:  SM 4.0+    DirectX:  Version 11    Storage:  768 MB available space,10tons Ltd,10tons Ltd,0.9404,False,True,True,True,2.7,2021.0,4.6,Modern,,
780290,430,"500,000 .. 1,000,000",12466,2517,Gloomhaven,game,False,975.0,975.0,0,2021-10-20,"English<strong>*</strong>, French, German, Spanish - Spain, Polish<br><strong>*</strong>languages with full audio support",82.0,"Adventure,RPG,Strategy","Single-player,Multi-player,Co-op,Online Co-op,Full controller support,Steam Trading Cards,Steam Workshop,Steam Cloud,Includes level editor,Family Sharing",True,True,False,"Minimum:    Requires a 64-bit processor and operating system    OS:  Win 10 64bits    Processor:  Intel Core i5-3470, AMD Ryzen 3 1200, or above    Memory:  8 GB RAM    Graphics:  GeForce GTX 760, Radeon R9 280, or above    DirectX:  Version 11    Storage:  14 GB available space","Flaming Fowl Studios,Saber Interactive",Twin Sails Interactive,0.832,False,False,True,True,4.43,2021.0,4.7,Modern,8.0,14.0
1588010,430,"200,000 .. 500,000",4634,1565,PGA TOUR 2K23,game,False,0.0,0.0,0,2022-10-13,"English<strong>*</strong>, French, Italian, German, Spanish - Spain, Japanese, Korean, Simplified Chinese, Traditional Chinese<br><strong>*</strong>languages with full audio support",,"RPG,Simulation,Sports","Single-player,Multi-player,PvP,Online PvP,Shared/Split Screen PvP,Co-op,Online Co-op,Shared/Split Screen Co-op,Shared/Split Screen,Steam Achievements,Full controller support,In-App Purchases,Family Sharing",True,False,False,"Minimum:    Requires a 64-bit processor and operating system    OS *:  Windows 7 64 bit, Windows 8.1 64 bit    Processor:  AMD FX-6200 or Intel Core i5-760 @ 2.80GHz    Memory:  6 GB RAM    Graphics:  AMD Radeon HD 7850 or NVIDIA GTX 660 with 2GB RAM    DirectX:  Version 11    Network:  Broadband Internet connection    Storage:  12 GB available space    Sound Card:  DirectX 11 Compatible",HB Studios,2K,0.7475,False,False,True,True,0.0,2022.0,3.7,Modern,6.0,12.0
617290,429,"2,000,000 .. 5,000,000",44761,8081,Remnant: From the Ashes,game,False,159.0,799.0,80,2019-08-19,"English<strong>*</strong>, French<strong>*</strong>, Italian<strong>*</strong>, German<strong>*</strong>, Spanish - Spain<strong>*</strong>, Russian<strong>*</strong>, Simplified Chinese, Portuguese - Brazil, Traditional Chinese<br><strong>*</strong>languages with full audio support",78.0,"Action,Adventure,RPG","Single-player,Multi-player,Co-op,Online Co-op,Steam Achievements,Full controller support,Steam Trading Cards,Steam Cloud,Remote Play on Tablet,Remote Play on TV,Family Sharing",True,False,False,Minimum:     OS *:  Windows 7 / 8 / 10 64 bit    Processor:  Intel Core i3-7350K (4.20 GHz) or better    Memory:  8 GB RAM    Graphics:  AMD Radeon RX 470    DirectX:  Version 11,Gunfire Games,"Arc Games,THQ Nordic",0.8471,False,False,True,True,0.72,2019.0,6.8,Established,8.0,
692890,429,"500,000 .. 1,000,000",20701,988,Roboquest,game,False,499.0,499.0,0,2023-11-07,"English<strong>*</strong>, French, Simplified Chinese, Korean, Spanish - Spain, Hungarian, Japanese, Italian, German, Bulgarian, Portuguese - Brazil, Russian, Traditional Chinese, Dutch, Persian, Ukrainian<br><strong>*</strong>languages with full audio support",85.0,"Action,Indie","Single-player,Multi-player,Co-op,Online Co-op,Cross-Platform Multiplayer,Steam Achievements,Full controller support,Steam Trading Cards,Camera Comfort,Custom Volume Controls,Adjustable Difficulty,Stereo Sound,Steam Cloud,Family Sharing",True,False,False,Minimum:    Requires a 64-bit processor and operating system    OS:  Windows 10    Processor:  i3 4130    Memory:  8 GB RAM    Graphics:  Nvidia GeForce GTX 660    DirectX:  Version 11    Storage:  6 GB available space,RyseUp Studios,RyseUp Studios,0.9544,False,True,True,True,2.27,2023.0,2.6,Modern,8.0,6.0
756800,429,"500,000 .. 1,000,000",19433,1046,Contraband Police,game,False,899.0,899.0,0,2023-03-08,"English, French, Italian, German, Spanish - Spain, Simplified Chinese, Polish, Portuguese - Brazil, Russian, Thai, Turkish, Japanese, Traditional Chinese, Spanish - Latin America, Dutch, Korean, Portuguese - Portugal, Ukrainian",77.0,"Action,Adventure,Simulation","Single-player,Steam Achievements,Full controller support,Steam Cloud,Stats,Family Sharing",True,False,False,Minimum:    Requires a 64-bit processor and operating system    OS:  Windows 10 (64-bit versions only)    Processor:  Intel Core i5-6600 @ 3.3 GHz or AMD Ryzen 5 1600 @ 3.2 GHz or equivalent    Memory:  12 GB RAM    Graphics:  NVIDIA GeForce GTX 1050 or AMD RX 560 (3GB VRAM with Shader Model 5.0 or better)    DirectX:  Version 11    Storage:  12 GB available space,Crazy Rocks,PlayWay S.A.,0.9489,True,False,False,True,4.09,2023.0,3.3,Modern,12.0,12.0
1486350,429,"500,000 .. 1,000,000",4005,227,VRoid Studio,game,True,0.0,0.0,0,2020-12-23,"English, Japanese, Simplified Chinese, Traditional Chinese, Korean",,"Free To Play,Animation & Modeling,Design & Illustration",,True,True,False,Minimum:    Requires a 64-bit processor and operating system    OS:  Windows 10 / 11    Processor:  Intel Core i5 6th gen or later / AMD Ryzen 5 3rd gen or later    Memory:  8 GB RAM    Graphics:  Intel Iris Graphics 540 or higher    Storage:  10 GB available space,pixiv Inc.,pixiv Inc.,0.9464,False,False,False,False,0.0,2020.0,5.5,Established,8.0,10.0
3400000,429,"100,000 .. 200,000",1086,423,Cubic Odyssey,game,False,740.0,740.0,0,2025-05-14,"English<strong>*</strong>, French, Italian, German, Spanish - Spain, Simplified Chinese, Russian, Japanese, Korean, Portuguese - Portugal, Romanian<br><strong>*</strong>languages with full audio support",,"Action,Adventure","Single-player,Multi-player,Co-op,Online Co-op,LAN Co-op,Steam Achievements,Full controller support,Steam Trading Cards,Steam Workshop,Adjustable Text Size,Camera Comfort,Custom Volume Controls,Playable without Timed Input,Save Anytime,Steam Cloud,Remote Play on TV,Family Sharing,Steam Timeline",True,False,False,Minimum:    Requires a 64-bit processor and operating system    OS:  Windows 10    Processor:  Intel Core i5 2500 or AMD FX-4350    Memory:  8 GB RAM    Graphics:  nVidia GTX 1060 / AMD RX 580 with 6GB of VRAM    DirectX:  Version 11    Network:  Broadband Internet connection    Storage:  6 GB available space    Additional Notes:  SSD strongly recommended,Atypical Games,Gaijin Network Ltd,0.7197,False,False,True,True,3.36,2025.0,1.1,Recent,8.0,6.0
527230,428,"2,000,000 .. 5,000,000",36581,4906,For The King,game,False,85.0,429.0,80,2018-04-19,"English, French, Italian, German, Spanish - Spain, Portuguese - Brazil, Russian, Simplified Chinese, Traditional Chinese, Polish, Japanese, Korean",79.0,"Adventure,Indie,RPG,Strategy","Single-player,Multi-player,PvP,Online PvP,Shared/Split Screen PvP,Co-op,Online Co-op,Shared/Split Screen Co-op,Shared/Split Screen,Steam Achievements,Full controller support,Steam Trading Cards,Adjustable Difficulty,Keyboard Only Option,Mouse Only Option,Save Anytime,Steam Cloud,Remote Play on Phone,Remote Play on Tablet,Remote Play on TV,Remote Play Together,Family Sharing",True,True,True,Minimum:    Requires a 64-bit processor and operating system    OS *:  Windows 7 / 8 / 8.1 / 10 x64    Processor:  Intel Core2 Duo E4300 (2 * 1800) / AMD Athlon Dual Core 4450e (2 * 2300) or equivalent    Memory:  4 GB RAM    Graphics:  GeForce 8800 GTX (768 MB) / Intel HD 4600 / Radeon HD 3850 (512 MB)    DirectX:  Version 9.0c    Storage:  3 GB available space,IronOak Games,Curve Games,0.8817,False,True,True,True,0.39,2018.0,8.2,Established,4.0,3.0
698780,427,"5,000,000 .. 10,000,000",203247,7470,Doki Doki Literature Club!,game,True,0.0,0.0,0,2017-10-06,English<strong>*</strong><br><strong>*</strong>languages with full audio support,,"Casual,Free To Play,Indie","Single-player,Remote Play on Phone,Remote Play on Tablet,Family Sharing",True,True,False,Minimum:     OS *:  Windows 7    Processor:  1.8GHz Dual-Core CPU    Memory:  4 GB RAM    Graphics:  Integrated graphics    Storage:  350 MB available space,Team Salvato,Team Salvato,0.9645,False,True,False,True,0.0,2017.0,8.7,Established,4.0,
307780,426,"2,000,000 .. 5,000,000",48077,8175,Mortal Kombat X,game,False,119.0,599.0,80,2015-04-13,"English<strong>*</strong>, French<strong>*</strong>, Italian<strong>*</strong>, Spanish - Spain<strong>*</strong>, Polish, Portuguese - Brazil<strong>*</strong>, Russian, German<strong>*</strong><br><strong>*</strong>languages with full audio support",84.0,Action,"Single-player,Multi-player,PvP,Shared/Split Screen PvP,Steam Achievements,Full controller support,Steam Trading Cards,Steam Cloud,Steam Leaderboards,Remote Play on Phone,Remote Play on Tablet,Remote Play on TV,Remote Play Together,Family Sharing",True,False,False,"Minimum:     OS *:  64-bit: Vista, Win 7, Win 8, Win 10    Processor:  Intel Core i5-750, 2.67 GHz | AMD Phenom II X4 965, 3.4 GHz    Memory:  3 GB RAM    Graphics:  NVIDIA GeForce GTX 460 | AMD Radeon HD 5850    DirectX:  Version 11    Network:  Broadband Internet connection    Storage:  36 GB available space","NetherRealm Studios,QLOC","Warner Bros. Games,Warner Bros. Interactive Entertainment",0.8547,False,False,True,True,0.54,2015.0,11.2,Classic,3.0,36.0
1265820,426,"100,000 .. 200,000",3020,285,Fights in Tight Spaces,game,False,529.0,529.0,0,2021-12-02,"English, French, Spanish - Spain, Japanese, Russian, Simplified Chinese, German",,"Action,Strategy","Single-player,Steam Achievements,Full controller support,Family Sharing",True,False,False,Minimum:    Requires a 64-bit processor and operating system    OS:  64 bit Windows    Processor:  Multicore with SSE2 instruction set support    Memory:  4 GB RAM    Graphics:  1 GB DX9 (shader model 3.0)    DirectX:  Version 9.0c,Ground Shatter,Balor Games,0.9138,False,False,False,True,2.4,2021.0,4.5,Modern,4.0,
3213850,426,"20,000 .. 50,000",736,74,gogh: Focus with Your Avatar,game,False,369.0,369.0,0,2025-04-30,"English, Simplified Chinese, Japanese, Korean, French, Italian, German, Spanish - Spain, Indonesian, Spanish - Latin America, Thai, Vietnamese, Portuguese - Brazil, Russian, Traditional Chinese",,"Casual,Indie,Simulation,Free To Play","Single-player,Multi-player,Co-op,Online Co-op,Steam Achievements,Steam Workshop,Steam Cloud,Family Sharing",True,True,False,Minimum:    Requires a 64-bit processor and operating system    OS:  Windows 10 / 11    Processor:  Intel Core i5-1235U    Memory:  8 GB RAM    Graphics:  Intel Iris Xe Graphics    DirectX:  Version 11    Storage:  3 GB available space,ambr,ambr,0.9086,True,True,True,True,1.68,2025.0,1.1,Recent,8.0,3.0
1072420,425,"500,000 .. 1,000,000",6679,554,DRAGON QUEST BUILDERS™ 2,game,False,1899.0,1899.0,0,2019-12-10,"English, French, Italian, German, Spanish - Spain, Korean, Traditional Chinese, Japanese, Simplified Chinese",85.0,"Action,Adventure,RPG","Single-player,Multi-player,Co-op,Online Co-op,Steam Achievements,Full controller support,Steam Trading Cards,Custom Volume Controls,Playable without Timed Input,Save Anytime,Stereo Sound,Surround Sound,Steam Cloud,Stats,Remote Play on Tablet,Family Sharing",True,False,False,Minimum:    Requires a 64-bit processor and operating system    OS *:  Windows® 7 SP1 / 8.1 / 10 64-bit    Processor:  AMD Ryzen™ 3 1300X or above | Intel® Core™ i3-3225  or above    Memory:  6 GB RAM    Graphics:  AMD Radeon™ HD 7750 (2GB) / NVIDIA® GeForce® GT 640 (2GB)    DirectX:  Version 11    Storage:  12 GB available space    Additional Notes:  Network: Broadband Internet Connection Expected Framerate: 30 FPS @ 1280x720 / Graphics preset: “Low”.,"Square Enix,KOEI TECMO GAMES CO., LTD.",Square Enix,0.9234,False,False,True,True,8.63,2019.0,6.5,Established,6.0,12.0
333640,425,"200,000 .. 500,000",9912,498,Caves of Qud,game,False,992.0,992.0,0,2024-12-05,English,91.0,"Adventure,Indie,RPG,Strategy","Single-player,Steam Achievements,Full controller support,Steam Workshop,Steam Cloud,Steam Leaderboards,Includes level editor,Family Sharing",True,True,True,"Minimum:     OS:  Windows 10 21H1, Windows 11 21H2    Processor:  1GHz or faster. SSE2 instruction set support.    Memory:  4 GB RAM    Graphics:  Graphics card:  DX10, DX11, DX12 capable    Storage:  2 GB available space",Freehold Games,Kitfox Games,0.9522,False,True,False,True,4.51,2024.0,1.5,Recent,4.0,2.0
32370,424,"2,000,000 .. 5,000,000",28928,2810,STAR WARS™ Knights of the Old Republic™,game,False,310.0,310.0,0,2009-09-05,"English<strong>*</strong>, German<strong>*</strong>, Spanish - Spain, Italian, French<strong>*</strong><br><strong>*</strong>languages with full audio support",,"Adventure,RPG","Single-player,Steam Cloud,Family Sharing",True,True,False,OS *:  Windows XP and Windows Vista 			   Processor:  Intel Pentium 3 1Ghz or AMD Athlon 1GHz 			   Memory:  256 RAM 			   Graphics:  32 MB with Hardware T&amp;L 			   DirectX®:  Directx 9.0b or better 			   Hard Drive:  3.5 GB 			   Sound:  Directx 9.0b compatible,"BioWare,Aspyr (Mac)","LucasArts,Aspyr (Mac),Disney,Lucasfilm",0.9115,False,False,False,True,1.41,2009.0,16.8,Classic,,
1105670,424,"500,000 .. 1,000,000",10557,939,The Last Spell,game,False,740.0,740.0,0,2023-03-09,"English, Simplified Chinese, Traditional Chinese, French, Japanese, German, Spanish - Spain, Korean, Russian, Ukrainian, Portuguese - Brazil",82.0,"Action,Indie,RPG,Strategy","Single-player,Steam Achievements,Steam Trading Cards,Adjustable Text Size,Camera Comfort,Custom Volume Controls,Adjustable Difficulty,Partial Controller Support,Steam Cloud,Family Sharing",True,False,False,"Minimum:     OS *:  Windows 7    Processor:  Intel Core i5-3470 or AMD FX-8370    Memory:  4 GB RAM    Graphics:  NVIDIA GeForce GTX 650, 2 GB or AMD Radeon HD 7770, 2 GB    DirectX:  Version 9.0    Storage:  2 GB available space",Ishtar Games,"Nacon,The Arcade Crew,Gamera Games,DANGEN Entertainment",0.9183,False,True,False,True,3.36,2023.0,3.3,Modern,4.0,2.0
2427410,424,"50,000 .. 100,000",2068,2538,S.T.A.L.K.E.R.: Shadow of Chornobyl - Enhanced Edition,game,False,595.0,595.0,0,2025-05-20,"English<strong>*</strong>, French<strong>*</strong>, Italian<strong>*</strong>, German<strong>*</strong>, Spanish - Spain<strong>*</strong>, Czech, Japanese, Korean, Polish<strong>*</strong>, Russian, Simplified Chinese, Traditional Chinese, Ukrainian<strong>*</strong><br><strong>*</strong>languages with full audio support",,"Action,Adventure,RPG","Single-player,Steam Achievements,Full controller support,Steam Workshop,Adjustable Difficulty,Save Anytime,Stereo Sound,Steam Cloud,Family Sharing",True,False,False,Minimum:    Requires a 64-bit processor and operating system    OS:  Windows 10 x64 / Windows 11 x64    Processor:  Intel Core i3-7100 / AMD Ryzen 3 1300X    Memory:  8 GB RAM    Graphics:  NVIDIA GeForce GTX960 4GB / AMD Radeon RX 560 4GB    Storage:  12 GB available space    Additional Notes:  Graphics Preset: LOW | FXAA; Resolution: 1080p; Target FPS: 60,GSC Game World,GSC Game World,0.449,False,False,False,True,2.7,2025.0,1.1,Recent,8.0,12.0
620980,423,"2,000,000 .. 5,000,000",71341,3271,Beat Saber,game,False,885.0,885.0,0,2019-05-21,"English<strong>*</strong>, French<strong>*</strong>, German<strong>*</strong>, Spanish - Spain<strong>*</strong>, Japanese<strong>*</strong>, Korean<strong>*</strong>, Spanish - Latin America<strong>*</strong><br><strong>*</strong>languages with full audio support",93.0,Indie,"Single-player,Multi-player,PvP,Online PvP,Tracked Controller Support,VR Only,Steam Leaderboards,Family Sharing",True,False,False,Minimum:     OS *:  Windows 7/8.1/10 (64bit)    Processor:  Intel Core i5 Sandy Bridge or equivalent    Memory:  4 GB RAM    Graphics:  Nvidia GTX 960 or equivalent    DirectX:  Version 11    Storage:  200 MB available space    VR Support:  SteamVR,Beat Games,Beat Games,0.9562,True,True,True,True,4.02,2019.0,7.1,Established,4.0,
410340,423,"500,000 .. 1,000,000",10535,572,Liftoff®: FPV Drone Racing,game,False,595.0,595.0,0,2018-09-13,"English<strong>*</strong>, French<strong>*</strong>, Ukrainian<strong>*</strong><br><strong>*</strong>languages with full audio support",,"Indie,Racing,Simulation,Sports","Single-player,Multi-player,PvP,Online PvP,Steam Achievements,Steam Trading Cards,Steam Workshop,Partial Controller Support,Steam Cloud,Includes level editor,Family Sharing",True,True,True,Minimum:    Requires a 64-bit processor and operating system    OS *:  Windows 7    Processor:  Intel 8th gen / AMD Ryzen 1st gen - 2.4GHz or faster.    Memory:  8 GB RAM    Graphics:  Geforce RTX 2060 / AMD RX Vega 56 - 4GB VRAM or more.    DirectX:  Version 11    Network:  Broadband Internet connection    Storage:  25 GB available space    Additional Notes:  Only playable with a game or radio controller. Single screen setups recommended. Intel integrated graphics not supported.,LuGus Studios,LuGus Studios,0.9485,False,True,True,True,2.7,2018.0,7.8,Established,8.0,25.0
2406770,422,"500,000 .. 1,000,000",25297,8507,Bodycam,game,False,1030.0,1030.0,0,2024-06-07,"English<strong>*</strong>, French, Italian, German, Spanish - Spain, Arabic, Japanese, Korean, Russian, Simplified Chinese<br><strong>*</strong>languages with full audio support",,"Action,Indie,Massively Multiplayer,Simulation,Strategy,Early Access","Multi-player,PvP,Online PvP,In-App Purchases,Stats,Steam Leaderboards,Family Sharing",True,False,False,"Minimum:    Requires a 64-bit processor and operating system    OS:  Windows 10/11    Processor:  AMD Ryzen 7 3700X, Intel Core i7-9700K    Memory:  8 GB RAM    Graphics:  AMD Radeon RX 5700 (8 GB), NVIDIA GeForce RTX 2070 (8 GB)    Network:  Broadband Internet connection    Storage:  50 GB available space    Additional Notes:  SSD Recommended",Reissad Studio,Reissad Studio,0.7483,False,True,True,False,4.68,2024.0,2.0,Recent,8.0,50.0
1629520,422,"200,000 .. 500,000",12461,1075,A Little to the Left,game,False,379.0,379.0,0,2022-11-08,"English, French, Italian, German, Spanish - Spain, Japanese, Korean, Polish, Simplified Chinese, Traditional Chinese, Turkish",75.0,"Casual,Indie","Single-player,Steam Achievements,Full controller support,Steam Trading Cards,Camera Comfort,Color Alternatives,Custom Volume Controls,Adjustable Difficulty,Keyboard Only Option,Mouse Only Option,Playable without Timed Input,Touch Only Option,Steam Cloud,Family Sharing",True,True,False,Minimum:    Requires a 64-bit processor and operating system    OS *:  Windows 7 (SP1+) and Windows 10    Processor:  1.8 GHz or faster processor    Memory:  2 GB RAM    Graphics:  Direct X 11.0 compatible video card    DirectX:  Version 11    Storage:  1250 MB available space    Sound Card:  Any,Max Inferno,Secret Mode,0.9206,False,True,False,True,1.72,2022.0,3.6,Modern,2.0,
253710,417,"5,000,000 .. 10,000,000",24959,17994,theHunter Classic,game,True,0.0,0.0,0,2014-06-03,"English<strong>*</strong>, French, Italian, German, Spanish - Spain, Czech, Danish, Dutch, Finnish, Hungarian, Norwegian, Polish, Portuguese - Portugal, Portuguese - Brazil, Russian, Swedish, Turkish<br><strong>*</strong>languages with full audio support",,"Action,Adventure,Free To Play,Simulation,Sports","Single-player,Multi-player,Co-op,Online Co-op,Steam Achievements,In-App Purchases,Family Sharing",True,False,False,"Minimum:     OS *:  Windows ® 10/8/7    Processor:  Intel 2 GHz or AMD Dual Core    Memory:  2 GB RAM    Graphics:  NVidia GeForce 8800, ATI/AMD Radeon HD 2400 (NVidia GeForce 8800, ATI/AMD Radeon HD 2400)    DirectX:  Version 9.0c    Network:  Broadband Internet connection    Storage:  8 GB available space    Sound Card:  DirectX Compatible","Expansive Worlds,Avalanche Studios","Expansive Worlds,Avalanche Studios",0.5811,False,False,True,True,0.0,2014.0,12.1,Classic,2.0,8.0
201810,417,"2,000,000 .. 5,000,000",51691,4778,Wolfenstein: The New Order,game,False,569.0,569.0,0,2014-05-19,"English<strong>*</strong>, French<strong>*</strong>, Italian<strong>*</strong>, Spanish - Spain<strong>*</strong>, Japanese<strong>*</strong>, Polish, Russian<br><strong>*</strong>languages with full audio support",81.0,Action,"Single-player,Steam Achievements,Playable without Timed Input,Stereo Sound,Surround Sound,Partial Controller Support,Steam Leaderboards,Family Sharing",True,False,False,"Minimum:    Requires a 64-bit processor and operating system    OS *:  64-bit Windows 7/Windows 8    Processor:  Intel Core i7 or equivalent AMD    Memory:  4 GB RAM    Graphics:  GeForce 460, ATI Radeon HD 6850    Storage:  50 GB available space",MachineGames,Bethesda Softworks,0.9154,False,False,False,True,2.59,2014.0,12.1,Classic,4.0,50.0
239030,416,"2,000,000 .. 5,000,000",72168,2019,"Papers, Please",game,False,310.0,310.0,0,2013-08-08,"English, French, German, Spanish - Spain, Portuguese - Brazil, Russian, Italian, Japanese, Polish, Ukrainian, Czech, Simplified Chinese, Turkish, Basque, Korean",85.0,"Adventure,Indie","Single-player,Steam Achievements,Steam Trading Cards,Steam Cloud,Stats,Steam Leaderboards,Remote Play on Phone,Remote Play on Tablet,Family Sharing",True,True,True,Minimum:    Requires a 64-bit processor and operating system    OS *:  Windows XP or later    Processor:  1.5 GHz Core2Duo    Memory:  2 GB RAM    Graphics:  OpenGL 1.4 or better    Storage:  100 MB available space    Additional Notes:  Minimum 1280x720 screen resolution,Lucas Pope,3909,0.9728,False,True,False,True,1.41,2013.0,12.9,Classic,2.0,
551170,412,"500,000 .. 1,000,000",2474,539,Onmyoji,game,True,0.0,0.0,0,2018-04-18,English,,"Adventure,RPG,Strategy","Multi-player,MMO,Steam Achievements,Steam Trading Cards,In-App Purchases,Family Sharing",True,False,False,Minimum:     OS *:  win7/8/10    Processor:  Intel E2140/Athlon 64 x2 4000    Memory:  1 GB RAM    Graphics:  G41    Network:  Broadband Internet connection    Storage:  2 GB available space,NetEase Games,NetEase Games,0.8211,False,False,True,False,0.0,2018.0,8.2,Established,1.0,2.0
3314070,412,"50,000 .. 100,000",1891,1102,The Sims™ 2 Legacy Collection,game,False,600.0,1200.0,50,2025-01-31,"English, French, Italian, German, Spanish - Spain, Danish, Dutch, Finnish, Japanese, Korean, Norwegian, Polish, Portuguese - Brazil, Simplified Chinese, Swedish, Traditional Chinese, Thai, Czech, Hungarian, Portuguese - Portugal, Russian",90.0,Simulation,"Single-player,Steam Cloud,Family Sharing",True,False,False,"Minimum:     OS:  Windows 10    Processor:  i3 3220, Ryzen 3 1200, AMD FX6300    Memory:  4 GB RAM    Graphics:  NVIDIA GTX 600, AMD Radeon HD 7000, Intel HD Graphics 620    Storage:  17 GB available space",MAXIS,Electronic Arts,0.6318,False,False,False,True,2.73,2025.0,1.4,Recent,4.0,17.0
1124300,411,"1,000,000 .. 2,000,000",18573,8672,HUMANKIND™,game,False,1499.0,1499.0,0,2021-08-17,"English<strong>*</strong>, French, German, Spanish - Spain, Polish, Russian, Simplified Chinese, Traditional Chinese, Portuguese - Brazil, Korean, Italian, Turkish<br><strong>*</strong>languages with full audio support",,Strategy,"Single-player,Multi-player,PvP,Online PvP,Steam Achievements,Steam Trading Cards,Steam Cloud,Includes level editor,Family Sharing",True,True,False,"Minimum:    Requires a 64-bit processor and operating system    OS *:  Windows 7, 64-bit    Processor:  Intel i5 4th generation / AMD FX-8300    Memory:  8 GB RAM    Graphics:  NVIDIA GTX 770 / AMD R9 290    DirectX:  Version 11    Storage:  25 GB available space",AMPLITUDE Studios,AMPLITUDE Studios,0.6817,False,False,True,True,6.81,2021.0,4.8,Modern,8.0,25.0
2780980,411,"1,000,000 .. 2,000,000",13058,1808,LOCKDOWN Protocol,game,False,310.0,310.0,0,2025-11-18,"English<strong>*</strong>, French<strong>*</strong>, Spanish - Spain<strong>*</strong>, Simplified Chinese<strong>*</strong>, Spanish - Latin America<strong>*</strong>, Japanese<strong>*</strong>, Portuguese - Brazil<strong>*</strong>, Portuguese - Portugal<strong>*</strong>, Russian<strong>*</strong><br><strong>*</strong>languages with full audio support",,"Action,Casual,Indie,Strategy","Multi-player,PvP,Online PvP,Co-op,Online Co-op,Steam Trading Cards,Family Sharing",True,False,False,"Minimum:    Requires a 64-bit processor and operating system    OS:  Windows 10    Processor:  Intel i3-4150, Ryzen 3 1200    Memory:  2 GB RAM    Graphics:  GTX 1050    DirectX:  Version 11    Network:  Broadband Internet connection    Storage:  2 GB available space",Mirage Creative Lab,Mirage Creative Lab,0.8784,True,True,True,False,1.41,2025.0,0.6,Recent,2.0,2.0
383150,410,"1,000,000 .. 2,000,000",20934,4593,Dead Island Definitive Edition,game,False,699.0,699.0,0,2016-05-31,"English<strong>*</strong>, French, Italian, German, Spanish - Spain, Czech, Polish, Russian<br><strong>*</strong>languages with full audio support",,Action,"Single-player,Multi-player,Co-op,Online Co-op,Steam Achievements,Full controller support,Steam Trading Cards,Captions available,Steam Cloud,Stats,Remote Play on TV,Family Sharing",True,False,True,"Minimum:     OS *:  Windows® 7 64-bit / Windows® 8 64-bit / Windows® 8.1 64-bit / Windows® 10 64-bit    Processor:  Intel® Core™ i5-2500 @3.3 GHz / AMD FX-8320 @3.5 GHz    Memory:  4 GB RAM    Graphics:  NVIDIA® GeForce® GTX 560 Ti / AMD Radeon™ HD 6870 (1GB VRAM)    DirectX:  Version 11    Network:  Broadband Internet connection    Storage:  10 GB available space    Sound Card:  DirectX® compatible    Additional Notes:  Laptop versions of graphics cards may work but are NOT officially supported. Windows-compatible keyboards, mouse, optional controller (Xbox 360 Controller for Windows recommended)",Techland,Deep Silver,0.8201,False,False,True,True,3.18,2016.0,10.1,Classic,4.0,10.0
1875830,410,"200,000 .. 500,000",8976,678,Shin Megami Tensei V: Vengeance,game,False,2350.0,2350.0,0,2024-06-13,"English<strong>*</strong>, French, Italian, German, Spanish - Spain, Traditional Chinese, Japanese<strong>*</strong>, Korean, Polish, Portuguese - Brazil, Simplified Chinese, Turkish, Russian<br><strong>*</strong>languages with full audio support",90.0,"Adventure,RPG","Single-player,Steam Achievements,Full controller support,Steam Cloud,Family Sharing",True,False,False,"Minimum:    Requires a 64-bit processor and operating system    OS:  Windows 10    Processor:  Intel Core i5-2400 or AMD FX-6350    Memory:  6 GB RAM    Graphics:  NVIDIA GeForce GTX 550 Ti, 1 GB or AMD Radeon HD 7750, 1 GB    DirectX:  Version 12    Storage:  30 GB available space    Additional Notes:  Low 720p @ 30 FPS. Microsoft no longer supports Windows 10 or older versions.",ATLUS,SEGA,0.9298,False,False,False,True,10.68,2024.0,2.0,Recent,6.0,30.0
1488200,409,"500,000 .. 1,000,000",12253,699,Symphony of War: The Nephilim Saga,game,False,579.0,579.0,0,2022-06-10,"English<strong>*</strong>, French, German, Spanish - Spain, Japanese, Korean, Portuguese - Brazil, Simplified Chinese<strong>*</strong>, Russian<br><strong>*</strong>languages with full audio support",81.0,"Adventure,Indie,RPG,Strategy","Single-player,Steam Achievements,Partial Controller Support,Steam Cloud,Family Sharing",True,False,False,Minimum:     OS *:  Windows 10 / 98 / XP / Vista / 7 / 8    Processor:  1 Ghz    Memory:  256 MB RAM    Storage:  1 GB available space,Dancing Dragon Games,indie.io,0.946,False,True,False,True,2.63,2022.0,4.0,Modern,,1.0
1144400,406,"500,000 .. 1,000,000",30868,358,Senren＊Banka,game,False,381.0,719.0,47,2020-02-14,"Japanese<strong>*</strong>, Simplified Chinese, Traditional Chinese, English<br><strong>*</strong>languages with full audio support",,"Adventure,Casual","Single-player,Steam Achievements,Steam Trading Cards,Partial Controller Support,Steam Cloud,Remote Play on Phone,Remote Play on Tablet,Family Sharing",True,False,False,Minimum:     OS *:  Windows10/8/7/Vista    Processor:  Core2Duo 2.4Ghz    Memory:  2 GB RAM    Graphics:  256M    DirectX:  Version 9.0c    Storage:  10 GB available space    Sound Card:  PCM,YUZUSOFT,"HIKARI FIELD,NekoNyan Ltd.",0.9885,False,False,False,True,1.73,2020.0,6.3,Established,2.0,10.0
1458140,406,"500,000 .. 1,000,000",17126,3370,Pacific Drive,game,False,850.0,850.0,0,2024-02-21,"English<strong>*</strong>, French, German, Spanish - Spain, Japanese, Korean, Russian, Simplified Chinese, Traditional Chinese, Polish, Portuguese - Brazil, Turkish, Italian, Ukrainian<br><strong>*</strong>languages with full audio support",,"Action,Adventure,Indie,Racing,Simulation","Single-player,Steam Achievements,Full controller support,Steam Cloud,Stats,Family Sharing",True,False,False,Minimum:    Requires a 64-bit processor and operating system    OS:  Windows 10    Processor:  Intel Core i5 8600    Memory:  16 GB RAM    Graphics:  Nvidia GTX 1060 6GB    DirectX:  Version 12    Storage:  18 GB available space    Additional Notes:  Requires a 64-bit processor and operating system,Ironwood Studios,Kepler Interactive,0.8356,False,True,False,True,3.86,2024.0,2.3,Modern,16.0,18.0
1954420,406,"200,000 .. 500,000",1831,1752,Riichi City - Japanese Mahjong,game,True,0.0,0.0,0,2022-09-08,"English, Japanese<strong>*</strong>, Traditional Chinese, Simplified Chinese<br><strong>*</strong>languages with full audio support",,,"Multi-player,PvP,Online PvP,Cross-Platform Multiplayer,In-App Purchases,Family Sharing",True,True,True,Minimum:    Requires a 64-bit processor and operating system    OS *:  Windows 7 SP1以上    Processor:  Intel Pentium Dual CPU E2180 2.00GHz    Memory:  2 GB RAM    Graphics:  GeForce GT 430 / ATI Radeon HD 2600XT    DirectX:  Version 10    Network:  Broadband Internet connection    Storage:  500 MB available space,"Formirai Co., Ltd.","Formirai Co., Ltd.",0.511,False,False,True,False,0.0,2022.0,3.8,Modern,2.0,
2098510,406,"50,000 .. 100,000",95,4,Zenkcraft,game,False,95.0,95.0,0,2022-08-12,English,,Utilities,,True,False,True,Minimum:     OS *:  Windows 7    Processor:  .6 GHz single core processor    Memory:  1 GB RAM    Graphics:  GTX 760 or better    Storage:  100 MB available space,Gas Lantern Games,Gas Lantern Games,0.9596,False,False,False,False,0.43,2022.0,3.9,Modern,1.0,
223710,405,"5,000,000 .. 10,000,000",65852,8556,Cry of Fear,game,True,0.0,0.0,0,2013-04-25,"English<strong>*</strong>, German, French, Spanish - Spain, Dutch, Norwegian, Swedish<br><strong>*</strong>languages with full audio support",,"Action,Adventure,Indie","Single-player,Multi-player,Co-op,Steam Cloud,Valve Anti-Cheat enabled,Family Sharing",True,False,False,Minimum:     OS *: Windows® 7 (32/64-bit)/Vista/XP 	   Processor: 1 ghz 	   Memory: 1024 MB RAM 	   Graphics: 128MB Video Card with OpenGL support 	   Hard Drive: 5 GB HD space 	   Additional: Microsoft .NET Framework 4 Required,Team Psykskallar,Team Psykskallar,0.885,False,True,True,True,0.0,2013.0,13.2,Classic,,
219150,404,"2,000,000 .. 5,000,000",103599,3058,Hotline Miami,game,False,31.0,310.0,90,2012-10-23,"English, French, German, Spanish - Spain, Portuguese - Brazil, Russian, Polish",85.0,"Action,Indie","Single-player,Steam Achievements,Full controller support,Steam Trading Cards,Steam Cloud,Steam Leaderboards,Family Sharing",True,True,True,"Minimum:     OS *: Microsoft® Windows® XP / Vista / 7 	   Processor: 1.2GHz processor 	   Memory: 512 MB RAM 	   Graphics: DirectX 8-compatible graphics card with at least 32MB of video memory 	   DirectX®: 9.0c 	   Hard Drive: 250 MB HD space 	   Additional: Microsoft Xbox 360 Controller or Direct Input compatible controller, OpenGL 2.x or better highly recommended.",Dennaton Games,Devolver Digital,0.9713,False,True,False,True,0.14,2012.0,13.7,Classic,,
39510,404,"500,000 .. 1,000,000",14520,987,Gothic II: Gold Edition,game,False,148.0,595.0,75,2010-01-13,"English<strong>*</strong>, French, German<strong>*</strong>, Italian, Spanish - Spain, Polish<strong>*</strong>, Russian<strong>*</strong><br><strong>*</strong>languages with full audio support",79.0,"Action,RPG","Single-player,Family Sharing",True,False,False,Minimum:     OS *:  Windows XP/2000/ME/98/Vista/7/8/10    Processor:  Intel Pentium III 700 MHz    Memory:  256 MB RAM    Graphics:  3D graphics card with 32 MB Ram    DirectX:  Version 8.1    Storage:  5 GB available space    Sound Card:  DirectX compatible,Piranha Bytes,THQ Nordic,0.9364,False,False,False,True,0.67,2010.0,16.4,Classic,,5.0
1637320,402,"2,000,000 .. 5,000,000",14952,1260,Dome Keeper,game,False,540.0,540.0,0,2022-09-27,"English, Italian, Japanese, French, German, Spanish - Spain, Polish, Portuguese - Brazil, Portuguese - Portugal, Russian, Simplified Chinese, Spanish - Latin America, Ukrainian, Czech, Danish, Dutch, Finnish, Hungarian, Norwegian, Turkish, Korean, Romanian, Swedish, Traditional Chinese, Bulgarian, Thai, Vietnamese, Catalan, Basque",,"Action,Adventure,Indie,Simulation","Single-player,Multi-player,PvP,Online PvP,LAN PvP,Shared/Split Screen PvP,Co-op,Online Co-op,LAN Co-op,Shared/Split Screen Co-op,Shared/Split Screen,Cross-Platform Multiplayer,Steam Achievements,Full controller support,Steam Trading Cards,Steam Workshop,Steam Cloud,Steam Leaderboards,Remote Play Together,Family Sharing",True,True,True,Minimum:    Requires a 64-bit processor and operating system    OS *:  Windows 7 or newer    Processor:  2.5Ghz or better    Memory:  2 GB RAM    Graphics:  Support for OpenGL 3.3    Storage:  1 GB available space,Bippinbits,Raw Fury,0.9223,True,True,True,True,2.45,2022.0,3.7,Modern,2.0,1.0
237310,401,"1,000,000 .. 2,000,000",7057,2516,Elsword,game,True,0.0,0.0,0,2014-07-02,"English<strong>*</strong>, Portuguese - Brazil, Thai<br><strong>*</strong>languages with full audio support",,"Action,Adventure,Casual,Massively Multiplayer,RPG,Free To Play","Single-player,Multi-player,MMO,PvP,Online PvP,Co-op,Partial Controller Support,Family Sharing",True,False,False,,KOG,KOG Games,0.7372,False,False,True,True,0.0,2014.0,12.0,Classic,,
265970,401,"200,000 .. 500,000",268,284,Worlds of Magic,game,False,414.0,414.0,0,2015-03-19,"English<strong>*</strong>, German, Spanish - Spain, Polish, Russian, Greek<br><strong>*</strong>languages with full audio support",52.0,"RPG,Strategy","Single-player,Multi-player,Co-op,Shared/Split Screen,Steam Achievements,Steam Trading Cards,Remote Play Together,Family Sharing",True,True,True,Minimum:     OS:  Vista 64bit    Processor:  Core2Duo 2GHz    Memory:  4 GB RAM    Graphics:  HD Graphics 4000    DirectX:  Version 9.0c    Storage:  3 GB available space,Wastelands Interactive,Conglomerate 5,0.4855,False,False,True,True,1.88,2015.0,11.3,Classic,4.0,3.0
10180,399,"5,000,000 .. 10,000,000",54145,3973,Call of Duty®: Modern Warfare® 2 (2009),game,False,759.0,759.0,0,2009-11-11,"English, French, German, Italian, Spanish - Spain",86.0,Action,"Single-player,Multi-player,Co-op,Steam Achievements,Steam Cloud,Valve Anti-Cheat enabled,Family Sharing",True,True,False,"OS *:  Microsoft Windows XP or Windows Vista (Windows 95/98/ME/2000 are unsupported) 							   Processor:  Intel Pentium 4 3.2 GHz or AMD Athlon 64 3200+ processor or better supported 							   Memory:  1 GB RAM 							   Graphics:  256 MB NVIDIA GeForce 6600GT or better or ATI Radeon 1600XT or better 							   DirectX®:  Microsoft DirectX(R) 9.0c 							   Hard Drive:  12GB of free hard drive space 							   Sound:  100% DirectX 9.0c compatible sound card 							   Internet:  Broadband connection and service required for Multiplayer Connectivity. Internet Connection required for activation. 							   Co-op/Multiplayer Hosting:  To host Co-op or MP matches, a 2Ghz dual-core or better processor is recommended.",Infinity Ward,Activision,0.9316,False,False,True,True,3.45,2009.0,16.6,Classic,1.0,
463530,399,"500,000 .. 1,000,000",14446,838,Empires of the Undergrowth,game,False,699.0,699.0,0,2024-06-07,"English<strong>*</strong>, German, Simplified Chinese, Spanish - Spain, Russian, French, Czech, Dutch, Japanese, Korean, Polish, Italian, Hungarian, Traditional Chinese, Turkish, Ukrainian, Portuguese - Brazil<br><strong>*</strong>languages with full audio support",,"Simulation,Strategy","Single-player,Steam Achievements,Full controller support,Steam Trading Cards,Steam Cloud,Family Sharing",True,True,False,Minimum:    Requires a 64-bit processor and operating system    OS:  Windows® 10 (64-bit)    Processor:  Intel® Core™ i5-760 (quad-core) / AMD® Phenom™ II X4 965 (quad-core)    Memory:  4 GB RAM    Graphics:  NVIDIA® GeForce® GT 440 (1 GB) / AMD® Radeon™ HD 6750 (1 GB)    DirectX:  Version 11    Storage:  5 GB available space,Slug Disco,"Hooded Horse,Slug Disco",0.9452,False,False,False,True,3.18,2024.0,2.0,Recent,4.0,5.0
1971650,398,"200,000 .. 500,000",12882,692,OCTOPATH TRAVELER II,game,False,2100.0,2100.0,0,2023-02-24,"English<strong>*</strong>, French, Italian, German, Spanish - Spain, Japanese<strong>*</strong>, Korean, Simplified Chinese, Traditional Chinese<br><strong>*</strong>languages with full audio support",,RPG,"Single-player,Steam Achievements,Full controller support,Steam Trading Cards,Camera Comfort,Color Alternatives,Custom Volume Controls,Keyboard Only Option,Playable without Timed Input,Stereo Sound,Steam Cloud,Family Sharing",True,False,False,"Minimum:     OS:  Windows® 10 / 11 64-bit    Processor:  AMD Ryzen™ 3 1200 / Intel® Core™ i3-6100    Memory:  8 GB RAM    Graphics:  AMD Radeon™ RX 460 / NVIDIA® GeForce® GTX 750    DirectX:  Version 12    Storage:  10 GB available space    Additional Notes:  60 FPS @ 1280x720, Preset &quot;Low&quot;, 2GB VRAM required","Square Enix,ACQUIRE Corp.",Square Enix,0.949,False,False,False,True,9.55,2023.0,3.3,Modern,8.0,10.0
1096530,396,"1,000,000 .. 2,000,000",17785,2608,Solasta: Crown of the Magister,game,False,221.0,885.0,75,2021-05-27,"English<strong>*</strong>, French, German, Simplified Chinese, Portuguese - Brazil, Russian<br><strong>*</strong>languages with full audio support",,"Adventure,RPG,Strategy","Single-player,Multi-player,Co-op,Online Co-op,Cross-Platform Multiplayer,Steam Achievements,Full controller support,Steam Workshop,Custom Volume Controls,Adjustable Difficulty,Mouse Only Option,Playable without Timed Input,Save Anytime,Stereo Sound,Subtitle Options,Surround Sound,Steam Cloud,Includes level editor,Family Sharing",True,True,False,Minimum:    Requires a 64-bit processor and operating system    OS *:  Windows 7 / 8.1 / 10    Processor:  AMD FX 4300 / Intel Core i5-3570K    Memory:  8 GB RAM    Graphics:  Radeon R9 285 / GeForce GTX 950    DirectX:  Version 11    Storage:  30 GB available space    Sound Card:  DirectX compatible sound card,Tactical Adventures,Tactical Adventures,0.8721,False,False,True,True,1.0,2021.0,5.1,Established,8.0,30.0
47810,394,"1,000,000 .. 2,000,000",24599,3813,Dragon Age: Origins - Ultimate Edition,game,False,130.0,1300.0,90,2010-10-26,"English<strong>*</strong>, Italian, Spanish - Spain, German<br><strong>*</strong>languages with full audio support",91.0,RPG,"Single-player,Family Sharing",True,False,False,Minimum:  								   OS *:  Windows XP (SP3) or Windows Vista (SP1) or Windows 7 									   Processor:  Intel Core 2 Single 1.6 Ghz Processor (or equivalent) or AMD 64 2.0 GHz Processor (or equivalent) 									   Memory:  1GB (1.5 GB Vista and Windows 7) 									   Graphics:  ATI Radeon X850 256MB or NVIDIA GeForce 6600 GT 128MB or greater (Windows Vista: Radeon X1550 256 MB or NVidia GeForce 7600GT 256MB) 									   DirectX®:  DirectX (November 2007) 									   Hard Drive:  20 GB HD space 									   Sound:  Direct X Compatible Sound Card,BioWare,Electronic Arts,0.8658,False,False,False,True,0.59,2010.0,15.7,Classic,,
2138710,394,"500,000 .. 1,000,000",19536,1593,Sifu,game,False,274.0,1099.0,75,2023-03-28,"English<strong>*</strong>, French, Italian, German, Spanish - Spain, Japanese, Korean, Portuguese - Brazil, Russian, Simplified Chinese<strong>*</strong>, Traditional Chinese<strong>*</strong>, Turkish, Polish, Czech<br><strong>*</strong>languages with full audio support",81.0,"Action,Indie","Single-player,Steam Achievements,Full controller support,Steam Cloud,Family Sharing",True,False,False,Minimum:    Requires a 64-bit processor and operating system    OS *:  Windows 8.1    Processor:  AMD FX-4350 or Intel Core i5-3470 or equivalent    Memory:  8 GB RAM    Graphics:  Radeon R7 250 or GeForce GT 640 or equivalent    DirectX:  Version 11    Storage:  22 GB available space,Sloclap,"Sloclap,Kepler Interactive",0.9246,False,True,False,True,1.25,2023.0,3.2,Modern,8.0,22.0
342200,392,"2,000,000 .. 5,000,000",9790,2430,MechWarrior Online™ Legends,game,True,0.0,0.0,0,2015-12-10,English<strong>*</strong><br><strong>*</strong>languages with full audio support,,"Action,Massively Multiplayer,Simulation,Strategy,Free To Play","Multi-player,MMO,Steam Achievements,In-App Purchases,Family Sharing",True,False,False,Minimum:    Requires a 64-bit processor and operating system    OS *:  64-Bit Windows 8.1    Processor:  Intel: Core 2 Duo E7300 @ 2.66 GHz / AMD: Athlon 64 X2 6400+ @ 3.2GHz    Memory:  4 GB RAM    Graphics:  NVIDIA: 8800 GT / AMD: Radeon HD 5670    DirectX:  Version 9.0c    Network:  Broadband Internet connection    Storage:  16 GB available space    Additional Notes:  45GB temporarily required during installation,Piranha Games Inc.,Piranha Games Inc.,0.8011,False,False,True,False,0.0,2015.0,10.5,Classic,4.0,16.0
371970,390,"500,000 .. 1,000,000",9725,786,Barony,game,False,595.0,595.0,0,2015-06-23,English<strong>*</strong><br><strong>*</strong>languages with full audio support,,"Action,Adventure,Indie,RPG","Single-player,Multi-player,Co-op,Online Co-op,LAN Co-op,Shared/Split Screen Co-op,Shared/Split Screen,Cross-Platform Multiplayer,Steam Achievements,Full controller support,Steam Trading Cards,Steam Workshop,Includes level editor,Remote Play Together,Family Sharing",True,True,True,Minimum:    Requires a 64-bit processor and operating system    OS:  Windows 10 (64-bit)    Processor:  Intel i5 2.5 ghz    Memory:  4 GB RAM    Graphics:  Intel HD Graphics 630 (OpenGL 3.2+)    Storage:  4 GB available space,Turning Wheel LLC,Turning Wheel LLC,0.9252,False,True,True,True,2.7,2015.0,11.0,Classic,4.0,4.0
2370570,389,"100,000 .. 200,000",988,236,Standable: Full Body Estimation,game,False,595.0,595.0,0,2023-05-08,English,,"Indie,Utilities",VR Only,True,False,False,"Minimum:    Requires a 64-bit processor and operating system    OS:  Windows 10    VR Support:  SteamVR Only, requires motion controllers",Standable,Standable,0.8072,False,True,False,False,2.7,2023.0,3.1,Modern,,
482730,388,"2,000,000 .. 5,000,000",6576,4465,Football Manager 2017,game,False,0.0,0.0,0,2016-11-03,"English, French, Italian, Spanish - Spain, Czech, Danish, Dutch, Greek, Korean, Norwegian, Polish, Portuguese - Portugal, Russian, Swedish, Turkish, Simplified Chinese, Traditional Chinese",80.0,"Simulation,Sports","Single-player,Multi-player,Steam Achievements,Steam Trading Cards,Steam Workshop,Steam Cloud,Steam Leaderboards,Remote Play on Tablet,Family Sharing",True,True,True,"Minimum:     OS *:  Windows Vista (SP2), 7 (SP1), 8, 8.1, 10 (1607) – 64-bit or 32-bit    Processor:  Intel Pentium 4, Intel Core or AMD Athlon – 2.2 GHz +    Memory:  2 GB RAM    Graphics:  Intel GMA X3100, NVIDIA GeForce 8600M GT or AMD/ATI Mobility Radeon HD 2400 – 256MB VRAM    DirectX:  Version 9.0c    Storage:  3 GB available space",Sports Interactive,SEGA,0.5956,False,False,True,True,0.0,2016.0,9.6,Established,2.0,3.0
243470,388,"1,000,000 .. 2,000,000",35770,9953,Watch_Dogs™,game,False,849.0,849.0,0,2014-05-26,"English<strong>*</strong>, French<strong>*</strong>, Italian<strong>*</strong>, German<strong>*</strong>, Spanish - Spain<strong>*</strong>, Czech, Danish, Dutch, Hungarian, Polish, Portuguese - Brazil<strong>*</strong>, Swedish, Finnish, Norwegian, Portuguese - Portugal<strong>*</strong><br><strong>*</strong>languages with full audio support",77.0,"Action,Adventure","Single-player,Multi-player,Steam Achievements,Steam Trading Cards,Partial Controller Support",True,False,False,"Minimum:     OS *:  Originally released for Windows 7, the game can be played on Windows 10 and Windows 11 OS    Processor:  Intel Core 2 Quad Q8400 @ 2.66Ghz or AMD Phenom II X4 940 @ 3.0Ghz    Memory:  6 GB RAM    Graphics:  DirectX 11 graphics card with 1 GB Video RAM - Nvidia Geforce GTX 460 or AMD Radeon  HD 5770    DirectX:  Version 11    Storage:  25 GB available space    Sound Card:  DirectX 9.0c Compatible Sound Card with Latest Drivers    Additional Notes:  Broadband connection and service required for multiplayer mode. Supported Video Cards at Time of Release: nVidia GeForce GTX460 or better, GT500, GT600, GT700 series;  AMD Radeon HD5850 or better, HD6000, HD7000, R7 and R9 series Intel® Iris™ Pro HD 5200",Ubisoft,Ubisoft,0.7823,False,False,True,True,3.86,2014.0,12.1,Classic,6.0,25.0
373420,387,"1,000,000 .. 2,000,000",26069,2997,Divinity: Original Sin - Enhanced Edition,game,False,799.0,799.0,0,2015-10-27,"English<strong>*</strong>, French, Italian, German, Spanish - Spain, Russian, Polish, Czech, Simplified Chinese, Korean, Portuguese - Brazil<br><strong>*</strong>languages with full audio support",94.0,"Adventure,Indie,RPG,Strategy","Single-player,Multi-player,Co-op,Shared/Split Screen,Cross-Platform Multiplayer,Steam Achievements,Full controller support,Steam Trading Cards,Captions available,Steam Cloud,Remote Play Together,Family Sharing",True,True,True,Minimum:     OS *:  Windows 7 SP1 64-bit or Windows 8.1 64-bit or Windows 10 64-bit    Processor:  Intel Core2 Duo E6600 or equivalent    Memory:  2048 MB RAM    Graphics:  DirectX 11 Compatible GPU    DirectX:  Version 11    Storage:  10000 MB available space,Larian Studios,Larian Studios,0.8969,False,True,True,True,3.63,2015.0,10.7,Classic,,
78000,387,"500,000 .. 1,000,000",6963,296,Bejeweled® 3,game,False,24.0,120.0,80,2010-12-07,"English, French, German, Italian, Spanish - Spain",82.0,"Casual,Strategy","Single-player,Steam Achievements,Remote Play on Phone,Remote Play on Tablet,Family Sharing",True,True,False,OS *:  Windows XP SP2/Vista/7 							   Processor:  1.2+GHz processor 							   Memory:  1+GB of RAM 							   Graphics:  128+MB of video memory (256+MB recommended) 							   DirectX®:  9.0c or higher 							   Hard Drive:  320+MB of free hard drive space 							   Sound:  DirectX 9.0c or higher sound,"PopCap Games, Inc.","PopCap Games, Inc.,Electronic Arts",0.9592,False,False,False,True,0.11,2010.0,15.5,Classic,,
868360,387,"200,000 .. 500,000",7392,956,Project Hospital,game,False,740.0,740.0,0,2018-10-30,"English, French, German, Spanish - Spain, Czech, Portuguese - Brazil, Spanish - Latin America, Traditional Chinese, Russian, Turkish, Ukrainian, Italian, Simplified Chinese, Dutch, Japanese, Hungarian, Polish, Korean, Swedish",75.0,"Indie,Simulation,Strategy","Single-player,Steam Achievements,Steam Trading Cards,Steam Workshop,Steam Cloud,Stats,Family Sharing",True,True,True,"Minimum:    Requires a 64-bit processor and operating system    OS *:  Windows 7 64bit    Processor:  Intel i3 3210, AMD Ryzen 3 1200    Memory:  4 GB RAM    Graphics:  Integrated Intel HD 4000    Storage:  1 GB available space",Oxymoron Games,Oxymoron Games,0.8855,True,True,False,True,3.36,2018.0,7.6,Established,4.0,1.0
39140,386,"1,000,000 .. 2,000,000",25998,2013,FINAL FANTASY VII,game,False,0.0,0.0,0,,"English, German, French, Spanish - Spain",,RPG,"Single-player,Steam Achievements,Full controller support,Remote Play on Phone,Remote Play on Tablet,Family Sharing",True,False,False,Minimum:     OS *: Microsoft Windows XP/Vista/7 (32/64bits) 	   Processor: 2GHz 	   Memory: 1 GB RAM 	   Graphics: DirectX 9.0c-compatible graphic card 	   DirectX®: 9.0c 	   Hard Drive: 3 GB HD space   Requires a Square Enix account.,Square Enix,Square Enix,0.9281,False,False,False,True,0.0,,,,1.0,
2849080,386,"500,000 .. 1,000,000",7763,1092,Kingdom Rush 5: Alliance TD,game,False,595.0,595.0,0,2024-07-25,"English<strong>*</strong>, French, German, Japanese, Korean, Portuguese - Brazil, Russian, Simplified Chinese, Spanish - Latin America, Traditional Chinese<br><strong>*</strong>languages with full audio support",,"Indie,Strategy","Single-player,Steam Achievements,Partial Controller Support,Steam Cloud,Family Sharing",True,True,False,Minimum:    Requires a 64-bit processor and operating system    OS:  Windows 10    Processor:  Dual Core CPU    Memory:  4 GB RAM    Graphics:  OpenGL 3.0 compliant with 1.0GB of video RAM.    Storage:  1 GB available space,Ironhide Game Studio,Ironhide Game Studio,0.8767,True,True,False,True,2.7,2024.0,1.9,Recent,4.0,1.0
1700870,386,"200,000 .. 500,000",2832,276,Clanfolk,game,False,699.0,699.0,0,2022-07-14,"English, French, German, Simplified Chinese, Traditional Chinese, Italian, Spanish - Spain, Japanese, Korean, Polish, Portuguese - Brazil, Russian, Thai, Hungarian",,"RPG,Simulation,Strategy,Early Access","Single-player,Adjustable Text Size,Custom Volume Controls,Adjustable Difficulty,Save Anytime,Stereo Sound,Steam Cloud,Family Sharing",True,False,False,Minimum:    Requires a 64-bit processor and operating system    OS:  Windows® 10 (64-bit)    Processor:  Intel® Core™ i5-4670K (quad-core) / AMD® Ryzen™ 3 2200G (quad-core)    Memory:  4 GB RAM    Graphics:  NVIDIA® GeForce® GTX 750 (2 GB) / AMD® Radeon™ HD 7850 (2 GB)    DirectX:  Version 9.0c    Storage:  1 GB available space,MinMax Games Ltd.,Hooded Horse,0.9112,False,False,False,True,3.18,2022.0,3.9,Modern,4.0,1.0
1340990,385,"100,000 .. 200,000",3691,2562,Rise of the Ronin,game,False,1750.0,1750.0,0,2025-03-10,"English<strong>*</strong>, French<strong>*</strong>, Italian<strong>*</strong>, German<strong>*</strong>, Spanish - Spain<strong>*</strong>, Dutch, Swedish, Spanish - Latin America<strong>*</strong>, Thai, Danish, Turkish, Norwegian, Finnish, Portuguese - Brazil<strong>*</strong>, Portuguese - Portugal, Polish, Russian, Simplified Chinese, Traditional Chinese, Japanese<strong>*</strong>, Korean<br><strong>*</strong>languages with full audio support",73.0,"Action,Adventure,RPG","Single-player,Multi-player,Co-op,Online Co-op,Steam Achievements,Steam Trading Cards,Captions available,Partial Controller Support,Steam Cloud,Steam Leaderboards,Family Sharing",True,False,False,"Minimum:    Requires a 64-bit processor and operating system    OS:  Windows® 10/11 64bit    Processor:  Intel Core i5-10400 or better, AMD Ryzen 5 1600 or better    Memory:  16 GB RAM    Graphics:  NVIDIA GeForce GTX 1060 (VRAM 6GB) or better, AMD Radeon RX 5500 XT (VRAM 8GB) or better    DirectX:  Version 12    Network:  Broadband Internet connection    Storage:  155 GB available space    Sound Card:  16-bit stereo with 48KHz playback    Additional Notes:  SSD required. Poor SSD performance may affect gameplay. Multi-channel memory architecture recommended. This game is expected to run at 1080p/30FPS under the lowest graphics settings (upscaled). Frame Generation can be used to increase FPS. Note: Windows® 11 system requirements apply when using that OS.","KOEI TECMO GAMES CO., LTD.","KOEI TECMO GAMES CO., LTD.",0.5903,True,False,True,True,7.95,2025.0,1.3,Recent,16.0,155.0
349040,384,"2,000,000 .. 5,000,000",80515,7987,NARUTO SHIPPUDEN: Ultimate Ninja STORM 4,game,False,599.0,599.0,0,2016-02-04,"English<strong>*</strong>, French, Italian, German, Spanish - Spain<strong>*</strong>, Arabic, Polish, Russian, Portuguese - Brazil<strong>*</strong>, Thai, Korean, Traditional Chinese<br><strong>*</strong>languages with full audio support",,"Action,Adventure","Single-player,Multi-player,PvP,Shared/Split Screen PvP,Steam Achievements,Full controller support,Steam Cloud,Steam Leaderboards,Remote Play on Phone,Remote Play on Tablet,Remote Play on TV,Remote Play Together,Family Sharing",True,False,False,"Minimum:     OS *:  Windows (64bit) 7 or higher up to date    Processor:  Intel Core2 Duo, 3.0GHz - AMD Athlon 64 X2 Dual Core 6400+ 3.2GHz    Memory:  2 GB RAM    Graphics:  1024 MB video card    DirectX:  Version 11    Storage:  40 GB available space",CyberConnect2 Co. Ltd.,BANDAI NAMCO Entertainment,0.9098,False,False,True,True,2.72,2016.0,10.4,Classic,2.0,40.0
1286220,384,"50,000 .. 100,000",3411,376,Sea Power : Naval Combat in the Missile Age,game,False,1450.0,1450.0,0,2024-11-12,"English<strong>*</strong>, German, Russian<strong>*</strong>, Simplified Chinese<br><strong>*</strong>languages with full audio support",,"Action,Simulation,Strategy,Early Access","Single-player,Steam Workshop,Steam Cloud,Includes level editor,Family Sharing",True,False,False,"Minimum:    Requires a 64-bit processor and operating system    OS:  Windows 10 64-bit    Processor:  AMD Ryzen 5 2600X / Intel Core i5-8600K    Memory:  8 GB RAM    Graphics:  4 GB VRAM, AMD Radeon RX 480 / Nvidia GeForce GTX 1650    DirectX:  Version 11    Storage:  20 GB available space",Triassic Games,MicroProse Software,0.9007,False,False,False,True,6.59,2024.0,1.6,Recent,8.0,20.0
2767520,383,"20,000 .. 50,000",393,7,LurkBait Twitch Fishing,game,False,220.0,220.0,0,2024-02-21,English,,"Casual,Indie,Simulation,Sports","Single-player,Steam Achievements,Steam Cloud,Family Sharing",True,False,False,Minimum:    Requires a 64-bit processor and operating system    OS:  Windows 10    Processor:  Intel i5    Memory:  8 GB RAM    Graphics:  NVIDIA RTX 2080    Network:  Broadband Internet connection    Storage:  300 MB available space    Additional Notes:  These specs are intended to be a minimum required to support LurkBait + OBS + another game in a normal streaming scenario,BLAMCAM Interactive,BLAMCAM Interactive,0.9825,False,True,False,True,1.0,2024.0,2.3,Modern,8.0,
2140510,382,"500,000 .. 1,000,000",5692,2092,Town of Salem 2,game,True,0.0,0.0,0,2023-08-25,"English, French, Italian, German, Spanish - Spain, Japanese, Korean, Polish, Portuguese - Brazil, Portuguese - Portugal, Russian, Simplified Chinese, Spanish - Latin America, Turkish, Thai, Vietnamese",,"Action,Casual,RPG,Strategy,Free To Play","Multi-player,PvP,Online PvP,Steam Achievements,In-App Purchases,Family Sharing",True,True,False,"Minimum:    Requires a 64-bit processor and operating system    OS *:  Windows 7 64-bit    Processor:  2 Ghz    Memory:  8 GB RAM    Graphics:  DX10, DX11, DX12 capable GPUs 2gb+ VRAM    Network:  Broadband Internet connection    Storage:  6 GB available space",BlankMediaGames LLC,Digital Bandidos,0.7312,True,False,True,False,0.0,2023.0,2.8,Modern,8.0,6.0
269950,381,"1,000,000 .. 2,000,000",17554,1363,X-Plane 11,game,False,619.0,619.0,0,2017-03-30,"English<strong>*</strong>, French, Italian, German, Spanish - Spain, Portuguese - Portugal, Russian<br><strong>*</strong>languages with full audio support",,Simulation,"Single-player,Multi-player,PvP,Shared/Split Screen PvP,Tracked Controller Support,VR Supported,Partial Controller Support,Includes level editor,Family Sharing",True,True,True,"Minimum:    Requires a 64-bit processor and operating system    OS *:  Windows 7, 8.1, or 10, 64-bit    Processor:  Intel Core i3, i5, or i7 CPU with 2 or more cores, or AMD equivalent    Memory:  8 GB RAM    Graphics:  DirectX 11-capable video card from NVIDIA or AMD w/512 MB VRAM    DirectX:  Version 11    Storage:  20 GB available space    Sound Card:  Default    VR Support:  SteamVR or Oculus PC    Additional Notes:  The disk requirements are based on how many world scenery areas are downloaded.  Minimum with one scenery area is 20 GB . Additional scenery areas can be downloaded at no charge at any time after purchase",Laminar Research,Laminar Research,0.9279,False,False,True,True,2.81,2017.0,9.2,Established,8.0,20.0
410900,379,"1,000,000 .. 2,000,000",20535,1786,Forts,game,False,164.0,329.0,50,2017-04-19,"English<strong>*</strong>, French, German, Spanish - Spain, Russian, Italian, Japanese, Korean, Polish, Portuguese - Portugal, Portuguese - Brazil, Simplified Chinese, Turkish, Hungarian, Traditional Chinese, Slovak, Ukrainian<br><strong>*</strong>languages with full audio support",74.0,"Action,Indie,Strategy","Single-player,Multi-player,PvP,Online PvP,LAN PvP,Co-op,Online Co-op,LAN Co-op,Steam Achievements,Steam Trading Cards,Captions available,Steam Workshop,Steam Cloud,Steam Leaderboards,Includes level editor,Family Sharing",True,False,False,"Minimum:    Requires a 64-bit processor and operating system    OS *:  Windows Vista, 7, 8, 10, or 11 (64-bit)    Processor:  Pentium Dual-Core 2.7GHz    Memory:  8 GB RAM    Graphics:  Intel HD Graphics 520    DirectX:  Version 9.0c    Storage:  3 GB available space",EarthWork Games,EarthWork Games,0.92,False,True,True,True,0.75,2017.0,9.2,Established,8.0,3.0
2828860,379,"500,000 .. 1,000,000",13766,5280,The Forever Winter,game,False,885.0,885.0,0,2024-09-24,"English<strong>*</strong>, French, Italian, German, Spanish - Spain, Japanese, Korean, Polish, Russian, Simplified Chinese, Ukrainian<br><strong>*</strong>languages with full audio support",,"Action,Early Access","Single-player,Multi-player,Co-op,Online Co-op,Partial Controller Support,Family Sharing",True,False,False,Minimum:    Requires a 64-bit processor and operating system    OS:  Windows 10 64bit    Processor:  Intel Core i7-9700 / AMD Ryzen 7 3700X    Memory:  16 GB RAM    Graphics:  NVIDIA GeForce RTX 2080 Super (VRAM 8 GB) / Radeon RX 5700XT (8GB)    DirectX:  Version 12    Storage:  60 GB available space    Additional Notes:  SSD recommended,Fun Dog Studios,Fun Dog Studios,0.7228,False,False,True,True,4.02,2024.0,1.7,Recent,16.0,60.0
228280,378,"1,000,000 .. 2,000,000",15123,1275,Baldur's Gate: Enhanced Edition,game,False,595.0,595.0,0,2013-01-16,"English<strong>*</strong>, German<strong>*</strong>, French<strong>*</strong>, Spanish - Spain, Polish<strong>*</strong>, Czech, Italian, Japanese, Korean, Portuguese - Brazil, Simplified Chinese, Turkish, Russian<strong>*</strong>, Ukrainian<strong>*</strong>, Hungarian<br><strong>*</strong>languages with full audio support",78.0,"Adventure,RPG","Single-player,Multi-player,Co-op,Cross-Platform Multiplayer,Steam Achievements,Steam Trading Cards,Steam Cloud,Family Sharing",True,True,True,"Minimum:     OS *: Windows 7, 8.1, 10 64 bit 	   Processor:  Dual Core Processor 	   Memory:  1 GB RAM 	   Graphics:  OpenGL 2.0 compatible 	   Hard Drive:  5 GB available space",Beamdog,Beamdog,0.9222,False,False,True,True,2.7,2013.0,13.4,Classic,1.0,5.0
1295500,378,"100,000 .. 200,000",4970,673,"Warhammer 40,000: Battlesector",game,False,1150.0,1150.0,0,2021-07-22,"English<strong>*</strong>, French, German, Spanish - Spain, Polish, Portuguese - Brazil, Russian, Simplified Chinese, Korean<br><strong>*</strong>languages with full audio support",,Strategy,"Single-player,Multi-player,PvP,Online PvP,Shared/Split Screen PvP,Shared/Split Screen,Steam Achievements,Partial Controller Support,Steam Cloud,Remote Play Together,Family Sharing",True,False,False,Minimum:    Requires a 64-bit processor and operating system    OS:  64-bit Windows 10    Processor:  i5-4460 (or equivalent)    Memory:  4 GB RAM    Graphics:  Geforce GTX 750 (2GB VRAM)    DirectX:  Version 11    Storage:  25 GB available space    Sound Card:  DirectX Compatible Sound Card,Slitherine Ltd.,Slitherine Ltd.,0.8807,False,False,True,True,5.23,2021.0,4.9,Modern,4.0,25.0
7940,377,"2,000,000 .. 5,000,000",23438,1632,Call of Duty® 4: Modern Warfare® (2007),game,False,759.0,759.0,0,2007-11-12,"English, French, German, Italian, Spanish - Spain",92.0,Action,"Single-player,Multi-player,Family Sharing",True,True,False,"Minimum:   					   Supported OS:  Microsoft® Windows® XP/Vista (Windows 95/98/ME/2000 are unsupported) 					   DirectX Version:  Microsoft DirectX 9.0c (included) 					   Processor:  Intel® Pentium® 4 2.4 Ghz / AMD(R) 64 (TM)  2800+ / Intel® and AMD® 1.8 Ghz Dual Core Processor or better supported 					   Memory:  512MB RAM (Windows® XP), 768MB RAM (Vista®) 					   Graphics:  NVIDIA Geforce 6600 or better or ATI Radeon® 9800Pro or better 					   Sound:  100% DirectX 9.0c compatible sound card 					   Hard Drive:  8GB of free hard drive space 					   Internet:  Broadband connection and service required for multiplayer connectivity",Infinity Ward,Activision,0.9349,False,False,True,True,3.45,2007.0,18.6,Classic,,
1017180,377,"1,000,000 .. 2,000,000",42761,4666,The Long Drive,game,False,485.0,485.0,0,2019-09-25,English,,"Action,Adventure,Casual,Indie,Simulation,Early Access","Single-player,Remote Play Together,Family Sharing",True,False,False,Minimum:     OS:  Windows 10 64bit    Processor:  +3 GHZ dual core processor    Memory:  4 GB RAM    Graphics:  Nvidia GTX 650 TI or AMD equivalent    Storage:  700 MB available space,Genesz,Genesz,0.9016,False,True,False,True,2.2,2019.0,6.7,Established,4.0,
1817190,377,"1,000,000 .. 2,000,000",40722,2959,Marvel’s Spider-Man: Miles Morales,game,False,1799.0,1799.0,0,2022-11-18,"English<strong>*</strong>, French<strong>*</strong>, Italian<strong>*</strong>, German<strong>*</strong>, Spanish - Spain<strong>*</strong>, Czech, Danish, Dutch, Finnish, Greek, Hungarian, Japanese<strong>*</strong>, Korean, Norwegian, Polish<strong>*</strong>, Portuguese - Brazil<strong>*</strong>, Portuguese - Portugal<strong>*</strong>, Russian<strong>*</strong>, Simplified Chinese, Spanish - Latin America<strong>*</strong>, Swedish, Traditional Chinese<br><strong>*</strong>languages with full audio support",,"Action,Adventure","Single-player,Steam Achievements,Adjustable Text Size,Camera Comfort,Color Alternatives,Custom Volume Controls,Adjustable Difficulty,Playable without Timed Input,Save Anytime,Stereo Sound,Subtitle Options,Surround Sound,Partial Controller Support,Steam Cloud,Remote Play on TV,Family Sharing",True,False,False,"Minimum:    Requires a 64-bit processor and operating system    OS:  Windows 10 64-bit 1909    Processor:  Intel Core i3-4160, 3.6 GHz or AMD equivalent    Memory:  8 GB RAM    Graphics:  NVIDIA GTX 950 or AMD Radeon RX 470    DirectX:  Version 12    Storage:  75 GB available space","Insomniac Games,Nixxes Software",PlayStation Publishing LLC,0.9323,True,False,False,True,8.18,2022.0,3.6,Modern,8.0,75.0
285900,376,"2,000,000 .. 5,000,000",51267,9003,Gang Beasts,game,False,579.0,579.0,0,2017-12-12,"English, French, Italian, German, Spanish - Spain, Portuguese - Brazil, Japanese, Korean, Simplified Chinese, Traditional Chinese",,"Action,Adventure,Casual,Indie,Simulation","Multi-player,PvP,Online PvP,Shared/Split Screen PvP,Shared/Split Screen,Steam Achievements,Full controller support,Remote Play on Phone,Remote Play on Tablet,Remote Play on TV,Remote Play Together,Family Sharing",True,True,True,"Minimum:     OS *:  Windows 7    Processor:  2nd generation Core i3, AMD A6, or higher    Memory:  4 GB RAM    Graphics:  Nvidia 8800 GT, AMD 5670, Intel HD 3000    Network:  Broadband Internet connection    Storage:  2 GB available space    Additional Notes:  DirectX 10 or higher","Boneloaf,Rocket Science",Boneloaf,0.8506,False,True,True,False,2.63,2017.0,8.5,Established,4.0,2.0
1106840,374,"1,000,000 .. 2,000,000",21755,3368,Hydroneer,game,False,455.0,455.0,0,2020-05-08,"English<strong>*</strong>, Russian, Portuguese - Brazil, French, German, Turkish, Dutch, Polish, Spanish - Spain, Romanian, Simplified Chinese, Czech, Italian, Korean, Arabic, Japanese, Danish, Norwegian, Swedish<br><strong>*</strong>languages with full audio support",,"Adventure,Casual,Indie,Simulation,Strategy","Single-player,Multi-player,Co-op,Shared/Split Screen Co-op,Shared/Split Screen,Steam Achievements,Steam Trading Cards,Steam Workshop,Partial Controller Support,Steam Cloud,Remote Play Together,Family Sharing",True,False,False,"Minimum:    Requires a 64-bit processor and operating system    OS:  Windows 10    Processor:  Quad-Core 64-bit Intel or AMD processor, 2.4 GHZ CPU    Memory:  8 GB RAM    Graphics:  1 GB DirectX 11 dedicated video card    Storage:  10 GB available space",Foulball Hangover,Foulball Hangover,0.8659,False,True,True,True,2.07,2020.0,6.1,Established,8.0,10.0
1676840,374,"500,000 .. 1,000,000",8827,3999,For The King II,game,False,247.0,729.0,66,2023-11-02,"English, French, Italian, German, Spanish - Spain, Japanese, Korean, Polish, Portuguese - Brazil, Russian, Simplified Chinese, Traditional Chinese, Ukrainian",76.0,"Adventure,Indie,RPG,Strategy","Single-player,Multi-player,Co-op,Online Co-op,Shared/Split Screen Co-op,Shared/Split Screen,Cross-Platform Multiplayer,Steam Achievements,Full controller support,Steam Trading Cards,Adjustable Text Size,Camera Comfort,Custom Volume Controls,Adjustable Difficulty,Keyboard Only Option,Mouse Only Option,Save Anytime,Steam Cloud,Remote Play Together,Family Sharing",True,False,False,Minimum:     OS:  Windows 10 x64    Processor:  Intel Core i5-4670K (4 * 3400) or equivalent / AMD FX-8350 (4 * 4000) or equivalent    Memory:  8 GB RAM    Graphics:  GeForce GTX 960 (4 GB) / Radeon RX 550 (4 GB)    Storage:  7 GB available space,IronOak Games,Curve Games,0.6882,False,True,True,True,1.12,2023.0,2.6,Modern,8.0,7.0
289650,373,"2,000,000 .. 5,000,000",58065,16229,Assassin's Creed® Unity,game,False,999.0,999.0,0,2014-11-11,"English<strong>*</strong>, French<strong>*</strong>, Italian<strong>*</strong>, German<strong>*</strong>, Spanish - Spain<strong>*</strong>, Czech, Japanese<strong>*</strong>, Korean, Polish, Portuguese - Brazil, Russian<strong>*</strong>, Traditional Chinese, Dutch<br><strong>*</strong>languages with full audio support",,"Action,Adventure","Single-player,Multi-player,Co-op,Steam Achievements,In-App Purchases,Custom Volume Controls,Adjustable Difficulty,Mouse Only Option,Playable without Timed Input,Save Anytime,Stereo Sound,Surround Sound,Partial Controller Support",True,False,False,"Minimum:     OS:  Windows 10 (64-bit versions only)    Processor:  Intel Core i5-2500K @ 3.3 GHz or AMD FX-8350 @ 4.0 GHz    Memory:  6 GB RAM    Graphics:  NVIDIA GeForce GTX 680 or AMD Radeon HD 7970 (2 GB VRAM)    Storage:  50 GB available space    Sound Card:  DirectX 9.0c compatible sound card with latest drivers    Additional Notes:  Windows-compatible keyboard and mouse required, optional controller",Ubisoft,Ubisoft,0.7816,False,False,True,True,4.54,2014.0,11.6,Classic,6.0,50.0
1611910,373,"2,000,000 .. 5,000,000",10162,2945,"Warhammer 40,000: Chaos Gate - Daemonhunters",game,False,1099.0,1099.0,0,2022-05-05,"English<strong>*</strong>, French, Italian, German, Spanish - Spain, Polish, Portuguese - Brazil, Russian, Simplified Chinese, Traditional Chinese, Japanese, Korean<br><strong>*</strong>languages with full audio support",81.0,"RPG,Strategy","Single-player,Steam Achievements,Full controller support,Steam Trading Cards,Steam Cloud,Family Sharing",True,False,False,Minimum:     OS *:  Windows 8.1/10 64bit    Processor:  Intel i5-4590 / AMD FX-8350    Memory:  8 GB RAM    Graphics:  NVIDIA GeForce GTX 770 / AMD Radeon R9 280X    DirectX:  Version 11    Storage:  18 GB available space,Complex Games,Frontier Foundry,0.7753,False,False,False,True,5.0,2022.0,4.1,Modern,8.0,18.0
2239150,373,"500,000 .. 1,000,000",19846,698,Thronefall,game,False,399.0,399.0,0,2024-10-11,"English, French, German, Spanish - Spain, Japanese, Polish, Portuguese - Brazil, Russian, Simplified Chinese, Turkish, Italian, Czech, Korean, Ukrainian",,"Action,Indie,Strategy","Single-player,Steam Achievements,Full controller support,Steam Cloud,Steam Leaderboards,Family Sharing",True,True,False,Minimum:    Requires a 64-bit processor and operating system    OS:  Windows 10    Processor:  Intel® Core™ i5-9600    Memory:  4 GB RAM    Graphics:  Nvidia GeForce GTX970    Storage:  1 GB available space    Sound Card:  Just whistle your favourite tune :),"GrizzlyGames,Mythwright",Mythwright,0.966,False,True,False,True,1.81,2024.0,1.7,Recent,4.0,1.0
415200,373,"500,000 .. 1,000,000",12504,1132,Motorsport Manager,game,False,799.0,799.0,0,2016-11-09,"English, French, Italian, German, Spanish - Spain, Polish, Russian, Portuguese - Brazil, Dutch, Hungarian",81.0,"Racing,Simulation,Sports,Strategy","Single-player,Steam Achievements,Steam Trading Cards,Steam Workshop,Steam Cloud,Family Sharing",True,True,True,"Minimum:    Requires a 64-bit processor and operating system    OS *:  Microsoft Windows 7/8/10 (64-bit).    Processor:  Intel Core 2 Duo P8700 @ 2.5 GHz    Memory:  4 GB RAM    Graphics:  nVIDIA GT 335M, 512MB or AMD Radeon HD 4670, 512MB or Intel HD 4000 series    DirectX:  Version 11    Storage:  16 GB available space",Playsport Games,Miniclip,0.917,False,False,False,True,3.63,2016.0,9.6,Established,4.0,16.0
2933130,370,"200,000 .. 500,000",6840,1404,The Lord of the Rings: Return to Moria™,game,False,398.0,885.0,55,2024-08-27,"English<strong>*</strong>, French, Italian, German, Spanish - Spain, Japanese, Korean, Portuguese - Brazil, Simplified Chinese<br><strong>*</strong>languages with full audio support",,"Action,Adventure,RPG","Single-player,Multi-player,Co-op,Online Co-op,Cross-Platform Multiplayer,Steam Achievements,Full controller support,Steam Cloud,Family Sharing",True,False,False,Minimum:    Requires a 64-bit processor and operating system    OS:  Windows 10/11 64-bit    Processor:  Intel® Core i5 (Quad Core or better)    Memory:  8 GB RAM    Graphics:  NVIDIA® GeForce® GTX 1060    DirectX:  Version 12    Network:  Broadband Internet connection    Storage:  20 GB available space    Additional Notes:  SSD Recommended,Free Range Games,North Beach Games,0.8297,False,False,True,True,1.81,2024.0,1.8,Recent,8.0,20.0
273110,369,"5,000,000 .. 10,000,000",28373,14329,Counter-Strike Nexon,game,True,0.0,0.0,0,2014-10-07,"English<strong>*</strong>, French, German, Russian, Turkish, Spanish - Spain, Indonesian<br><strong>*</strong>languages with full audio support",,"Action,Casual,Indie,Massively Multiplayer,Free To Play","Single-player,Multi-player,MMO,Co-op,Steam Achievements,Steam Trading Cards,Captions available,In-App Purchases,Family Sharing",True,False,False,Minimum:     OS *:  Windows 7 or later    Processor:  Intel(R) Pentium® 4 CPU 2.80GHz or higher    Memory:  2 GB RAM    Graphics:  NVIDIA GeForce 6xxx or higher    DirectX:  Version 9.0c    Network:  Broadband Internet connection    Storage:  5 GB available space,"Valve,NEXON",NEXON,0.6644,False,True,True,True,0.0,2014.0,11.7,Classic,2.0,5.0
269210,369,"1,000,000 .. 2,000,000",29813,13699,Hero Siege,game,False,249.0,249.0,0,2014-01-29,"English<strong>*</strong>, Finnish, Portuguese - Brazil, Russian, Simplified Chinese, Japanese, Korean, German<br><strong>*</strong>languages with full audio support",,"Action,Adventure,Indie,Massively Multiplayer,RPG","Single-player,Multi-player,Co-op,Online Co-op,Shared/Split Screen Co-op,Shared/Split Screen,Cross-Platform Multiplayer,Steam Achievements,Full controller support,Steam Trading Cards,In-App Purchases,Steam Cloud,Remote Play on TV,Remote Play Together",True,False,True,Minimum:    Requires a 64-bit processor and operating system    OS:  Windows 10    Processor:  Intel Core i5    Memory:  8 GB RAM    Graphics:  GeForce 8 Series 2 GB+    Storage:  4 GB available space,Panic Art Studios Ltd,Panic Art Studios Ltd,0.6852,False,True,True,True,1.13,2014.0,12.4,Classic,8.0,4.0
2291060,369,"200,000 .. 500,000",4262,2084,EARTH DEFENSE FORCE 6,game,False,1900.0,1900.0,0,2024-07-25,"English<strong>*</strong>, Traditional Chinese<strong>*</strong>, Japanese<strong>*</strong>, Korean<strong>*</strong>, Simplified Chinese<strong>*</strong><br><strong>*</strong>languages with full audio support",79.0,Action,"Single-player,Multi-player,Co-op,Online Co-op,Shared/Split Screen Co-op,Shared/Split Screen,Steam Achievements,Full controller support,Steam Cloud,Remote Play Together,Family Sharing",True,False,False,"Minimum:     OS:  Windows 10    Processor:  Intel Core i7 3770, AMD Ryzen 3 1200    Memory:  8 GB RAM    Graphics:  NVIDIA GeForce GTX 1060,  AMD Radeon RX 580    DirectX:  Version 11    Network:  Broadband Internet connection    Storage:  45 GB available space    Additional Notes:  This application supports online cross-play. To use online cross-play features such as Epic Games Store player friend registration and invitations, you must sign in to your Epic Games account.",SANDLOT,D3PUBLISHER,0.6716,False,False,True,True,8.64,2024.0,1.9,Recent,8.0,45.0
1377380,368,"200,000 .. 500,000",8877,2518,Night of the Dead,game,False,885.0,885.0,0,2024-05-31,"English, French, German, Spanish - Spain, Russian, Korean, Simplified Chinese, Portuguese - Brazil, Italian, Arabic, Japanese, Traditional Chinese, Thai, Turkish, Polish, Hungarian",,"Action,Adventure,Indie,RPG,Simulation","Single-player,Multi-player,PvP,Online PvP,LAN PvP,Co-op,Online Co-op,LAN Co-op,Partial Controller Support,Steam Cloud,Family Sharing",True,False,False,Minimum:    Requires a 64-bit processor and operating system    OS:  Windows 10 64-bit    Processor:  Intel® Core™ i3-8100    Memory:  16 GB RAM    Graphics:  Intel® Arc™ A380 / NVIDIA® GeForce GTX 960    DirectX:  Version 11    Storage:  40 GB available space,Jackto Studios,Jackto Studios,0.779,False,True,True,True,4.02,2024.0,2.1,Modern,16.0,40.0
2231450,367,"1,000,000 .. 2,000,000",65599,1094,Pizza Tower,game,False,429.0,429.0,0,2023-01-26,"English, French, Italian, German, Spanish - Spain, Japanese, Korean, Portuguese - Brazil, Russian, Simplified Chinese, Spanish - Latin America, Traditional Chinese",,"Action,Indie","Single-player,Multi-player,Co-op,Shared/Split Screen Co-op,Shared/Split Screen,Steam Achievements,Full controller support,Steam Cloud,Remote Play Together,Family Sharing",True,False,False,Minimum:    Requires a 64-bit processor and operating system    OS *:  Windows 7    Processor:  Intel or AMD Dual Core CPU    Memory:  512 MB RAM    Graphics:  GeForce GT 1030 (2 GB) or equivalent    DirectX:  Version 11    Storage:  300 MB available space,Tour De Pizza,Tour De Pizza,0.9836,True,True,True,True,1.95,2023.0,3.4,Modern,,
1455840,365,"1,000,000 .. 2,000,000",26639,958,Dorfromantik,game,False,319.0,319.0,0,2022-04-28,"English, German, French, Italian, Portuguese - Brazil, Russian, Simplified Chinese, Spanish - Latin America, Traditional Chinese, Polish, Swedish, Spanish - Spain, Turkish, Arabic, Dutch, Hungarian, Japanese, Norwegian, Portuguese - Portugal, Ukrainian, Korean, Czech",,"Casual,Indie,Simulation,Strategy","Single-player,Steam Achievements,Full controller support,Steam Trading Cards,Steam Cloud,Steam Leaderboards,Family Sharing",True,False,False,Minimum:     OS *:  Windows 7    Processor:  2 GHz Dual Core (Intel / AMD)    Memory:  3 GB RAM    Graphics:  Nvidia GT550M | AMD Radeon R7/HD 5650 | Intel HD 520    Storage:  650 MB available space    Sound Card:  use your imagination to make your own sounds :),Toukana Interactive,Toukana Interactive,0.9653,True,True,False,True,1.45,2022.0,4.1,Modern,3.0,
409710,364,"2,000,000 .. 5,000,000",47962,10301,BioShock™ Remastered,game,False,551.0,551.0,0,2016-09-15,"English<strong>*</strong>, French<strong>*</strong>, Italian<strong>*</strong>, German<strong>*</strong>, Spanish - Spain<strong>*</strong>, Japanese<strong>*</strong>, Simplified Chinese<br><strong>*</strong>languages with full audio support",80.0,"Action,RPG","Single-player,Steam Achievements,Full controller support,Steam Trading Cards,Steam Cloud,Commentary available,Remote Play on Phone,Remote Play on Tablet,Remote Play on TV,Family Sharing",True,True,False,"Minimum:    Requires a 64-bit processor and operating system    OS *:  Windows 7 Service Pack 1 64-bit. Platform Update for Windows 7 SP1 and Windows Server 2008 R2 SP1    Processor:  Intel E6750 Core 2 Duo 2.66 GHz / AMD Athlon X2 2.7 GHZ    Memory:  4 GB RAM    Graphics:  2GB AMD Radeon HD 7770 / 2GB NVIDIA GeForce GTX 670    DirectX:  Version 11    Storage:  25 GB available space    Sound Card:  DirectX Compatible Sound Device    Additional Notes:  Other Requirements: Software installations required including DirectX and Microsoft Visual C++ 2010 &amp; 2012 Redistributable Package.  Some system components such as mobile chipsets, integrated, and AGP graphics cards may be incompatible. Unlisted specifications may not be supported by publisher.","2K Boston,2K Australia,Blind Squirrel,Feral Interactive (Mac)","2K,Feral Interactive (Mac)",0.8232,False,False,False,True,2.5,2016.0,9.8,Established,4.0,25.0
843380,364,"1,000,000 .. 2,000,000",39667,2700,Super Animal Royale,game,True,0.0,0.0,0,2021-08-26,"English<strong>*</strong>, Japanese, Korean, Russian, Simplified Chinese, Traditional Chinese, French, Italian, German, Spanish - Spain, Spanish - Latin America, Portuguese - Brazil<br><strong>*</strong>languages with full audio support",,"Action,Adventure,Casual,Indie,Massively Multiplayer,Free To Play","Multi-player,PvP,Online PvP,Co-op,Online Co-op,Cross-Platform Multiplayer,Steam Achievements,Full controller support,Steam Trading Cards,In-App Purchases,Steam Cloud,Stats,Remote Play on TV,Family Sharing",True,True,False,"Minimum:    Requires a 64-bit processor and operating system    OS *:  Windows 7+    Processor:  Core i3 and up    Memory:  4 GB RAM    Graphics:  256mb video memory, DX11    Network:  Broadband Internet connection    Storage:  900 MB available space    Additional Notes:  64 bit required",Pixile,Pixile,0.9363,True,True,True,False,0.0,2021.0,4.8,Modern,4.0,
2842040,364,"100,000 .. 200,000",3549,1243,Star Wars Outlaws,game,False,2999.0,2999.0,0,2024-11-21,"English<strong>*</strong>, French<strong>*</strong>, Italian, German<strong>*</strong>, Spanish - Spain<strong>*</strong>, Japanese<strong>*</strong>, Korean, Polish, Portuguese - Brazil<strong>*</strong>, Russian, Simplified Chinese, Traditional Chinese<br><strong>*</strong>languages with full audio support",,"Action,Adventure","Single-player,Steam Achievements,Full controller support,Captions available,In-App Purchases,HDR available",True,False,False,"Minimum:    Requires a 64-bit processor and operating system    OS:  Windows 10, Windows 11 (64-bit versions)    Processor:  AMD Ryzen 5 3600 @ 3.6 GHz, Intel Core i7-8700K @ 3.70 GHz, or better    Memory:  16 GB RAM    Graphics:  NVIDIA GeForce GTX 1660 (6 GB), AMD RX 5600XT (6 GB), Intel Arc A750 (8 GB, with ReBAR on) or better    DirectX:  Version 12    Storage:  65 GB available space    Additional Notes:  SSD Required. Visual settings: 1080p at 30 frames per second, Low graphics preset, Upscaler set to Quality",Massive Entertainment – A Ubisoft Studio,Ubisoft,0.7406,False,False,False,True,13.63,2024.0,1.6,Recent,16.0,65.0
12120,363,"2,000,000 .. 5,000,000",76056,6573,Grand Theft Auto: San Andreas,game,False,0.0,0.0,0,2008-01-04,English,93.0,Action,"Single-player,Family Sharing",True,False,False,Minimum:     OS *:  Microsoft® Windows® 2000/XP    Processor:  1Ghz Pentium III or AMD Athlon Processor    Memory:  256MB of RAM    Graphics:  64MB Video Card (Geforce 3 or better)    Hard Drive:  3.6GB of free hard disk space (minimal install)    Other Requirements:  Software installations required including DirectX and Sony DADC SecuROM    Partner Requirements:  Please check the terms of service of this site before purchasing this software.,Rockstar Games,Rockstar Games,0.9205,False,False,False,True,0.0,2008.0,18.5,Classic,,
1084160,363,"200,000 .. 500,000",11576,1364,Jagged Alliance 3,game,False,384.0,1280.0,70,2023-07-14,"English<strong>*</strong>, German, Russian, French, Spanish - Spain, Portuguese - Brazil, Traditional Chinese, Simplified Chinese, Polish, Indonesian<br><strong>*</strong>languages with full audio support",81.0,"Action,Strategy","Single-player,Multi-player,Co-op,Online Co-op,Steam Achievements,Full controller support,Steam Trading Cards,Steam Cloud,Family Sharing",True,False,False,"Minimum:    Requires a 64-bit processor and operating system    OS:  Windows 10 &amp; 11 (64 bit)    Processor:  Intel Quad Core or AMD Ryzen with 3 GHz    Memory:  8 GB RAM    Graphics:  DirectX12 compatible card with 2GB of VRAM, NVIDIA Geforce GTX 950 or AMD Radeon R7 370 with 2GB of VRAM    DirectX:  Version 12    Storage:  20 GB available space    Sound Card:  DirectX compatible    Additional Notes:  Some modern integrated GPUs from Intel, and all AMD Ryzen integrated GPUs are compatible, but performance may be low",Haemimont Games,THQ Nordic,0.8946,False,False,True,True,1.75,2023.0,2.9,Modern,8.0,20.0
760160,362,"2,000,000 .. 5,000,000",43433,13651,Vampire: The Masquerade - Bloodhunt,game,False,0.0,0.0,0,2022-04-27,"English<strong>*</strong>, French<strong>*</strong>, Italian<strong>*</strong>, German<strong>*</strong>, Spanish - Spain<strong>*</strong>, Japanese<strong>*</strong>, Korean<strong>*</strong>, Polish<strong>*</strong>, Portuguese - Brazil<strong>*</strong>, Russian<strong>*</strong>, Simplified Chinese<strong>*</strong>, Spanish - Latin America<strong>*</strong>, Traditional Chinese<br><strong>*</strong>languages with full audio support",,"Action,Free To Play","Multi-player,PvP,Online PvP,Cross-Platform Multiplayer,Steam Achievements,Full controller support,In-App Purchases,Family Sharing",True,False,False,Minimum:    Requires a 64-bit processor and operating system    OS:  Windows 10 64-bit    Processor:  Intel i5-7400/AMD Ryzen 1300X or better    Memory:  8 GB RAM    Graphics:  Nvidia GTX 970/Radeon RX 580 or better    DirectX:  Version 11    Network:  Broadband Internet connection    Storage:  20 GB available space    Additional Notes:  HDD,Sharkmob AB,Sharkmob AB,0.7609,True,False,True,False,0.0,2022.0,4.1,Modern,8.0,20.0
952060,362,"2,000,000 .. 5,000,000",74536,16699,Resident Evil 3,game,False,1190.0,1190.0,0,2020-04-02,"English<strong>*</strong>, French<strong>*</strong>, Italian<strong>*</strong>, German<strong>*</strong>, Spanish - Spain<strong>*</strong>, Portuguese - Brazil, Polish, Russian, Simplified Chinese<strong>*</strong>, Traditional Chinese, Japanese<strong>*</strong>, Korean, Arabic, Thai, Spanish - Latin America<br><strong>*</strong>languages with full audio support",77.0,Action,"Single-player,Multi-player,PvP,Online PvP,Steam Achievements,Full controller support,Steam Trading Cards,Steam Cloud,Remote Play on Tablet,HDR available,Family Sharing",True,False,False,"Minimum:    Requires a 64-bit processor and operating system    OS:  WINDOWS® 10 (64-BIT Required)    Processor:  Intel® Core™ i5-4460 or AMD FX™-6300 or better    Memory:  8 GB RAM    Graphics:  NVIDIA® GeForce® GTX 960 or AMD Radeon™ RX 460    DirectX:  Version 12    Network:  Broadband Internet connection    Storage:  45 GB available space    Additional Notes:  Anticipated performance at these specifications is 1080p/30FPS for Resident Evil 3 and 720p/30FPS for Resident Evil Resistance. If you don't have enough graphics memory to run the game at your selected texture quality, you must go to Options &gt; Graphics and lower the texture quality or shadow quality, or decrease the resolution. An internet connection is required for product activation. In addition, an internet connection is required at all times when playing Resident Evil Resistance. (Network connectivity uses Steam® developed by Valve® Corporation.)","CAPCOM Co., Ltd.","CAPCOM Co., Ltd.",0.817,True,False,True,True,5.41,2020.0,6.2,Established,8.0,45.0
17480,362,"1,000,000 .. 2,000,000",12792,2220,Command & Conquer™ Red Alert™ 3,game,False,0.0,0.0,0,2009-01-08,"English<strong>*</strong>, French<strong>*</strong>, German<strong>*</strong>, Italian<strong>*</strong>, Czech, Hungarian, Polish, Russian<strong>*</strong>, Spanish - Latin America<strong>*</strong>, Korean, Thai, Traditional Chinese<br><strong>*</strong>languages with full audio support",82.0,"Action,Strategy","Single-player,Steam Workshop,Steam Cloud,Includes level editor,Family Sharing",True,False,False,"Supported OS:  Microsoft Windows® XP SP2, Windows Vista (32-bit)                     					   Processor:  Any Intel Core Duo machine; XP: Intel Pentium 4 2.2 GHz or better, AMD Athlon XP 2100+ or better; Vista: Intel Pentium 4 2.6 GHz or better, AMD Athlon XP 2800+ or better                     					   Memory:  1 GB RAM                     					   Graphics:  DirectX® 9.0c compatible video card, NVIDIA GeForce 6800 or better, ATI Radeon X800 or better                     					   Hard Drive:  At least 10 GB of free space                     					   Sound:  DirectX® 9.0c compatible sound card (Yamaha Xwave-512 is not supported)                     					   Multiplayer:  2 - 6 players with optional voice support, network or Internet connection required (Cable, DSL or faster connection).                        INTERNET CONNECTION, ONLINE AUTHENTICATION AND ACCEPTANCE OF END USER LICENSE AGREEMENT REQUIRED TO PLAY. TO ACCESS ONLINE FEATURES, YOU MUST REGISTER ONLINE. ONLY ONE REGISTRATION IS AVAILABLE PER GAME.  EA ONLINE TERMS &amp; CONDITIONS AND FEATURE UPDATES CAN BE FOUND AT . YOU MUST BE 13+ TO REGISTER WITH EA ONLINE.                     EA MAY RETIRE ONLINE FEATURES AFTER 30 DAYS NOTICE POSTED ON .",EA Los Angeles,Electronic Arts,0.8521,True,False,False,True,0.0,2009.0,17.5,Classic,1.0,
2218750,361,"500,000 .. 1,000,000",27801,1218,Halls of Torment,game,False,141.0,189.0,25,2024-09-24,"English<strong>*</strong>, French, Italian, German, Spanish - Spain, Czech, Japanese, Korean, Polish, Portuguese - Brazil, Portuguese - Portugal, Russian, Simplified Chinese, Spanish - Latin America, Ukrainian, Traditional Chinese, Vietnamese<br><strong>*</strong>languages with full audio support",88.0,"Action,Indie,RPG","Single-player,Steam Achievements,Full controller support,Steam Trading Cards,Custom Volume Controls,Keyboard Only Option,Mouse Only Option,Playable without Timed Input,Steam Cloud,Family Sharing",True,False,True,Minimum:    Requires a 64-bit processor and operating system    OS:  Windows 10 or newer    Processor:  4 Cores / 2.5 GHz+    Memory:  4 GB RAM    Graphics:  Intel Iris Xe / Nvidia GTX 970 / AMD RX 570 (Adrenalin 22.1.2)    Storage:  4 GB available space,Chasing Carrots,Chasing Carrots,0.958,True,True,False,True,0.64,2024.0,1.7,Recent,4.0,4.0
800270,361,"500,000 .. 1,000,000",4758,1871,Terraforming Mars,game,False,595.0,595.0,0,2018-10-17,"English, French, Italian, German, Spanish - Spain, Swedish",,Strategy,"Single-player,Multi-player,PvP,Online PvP,Shared/Split Screen PvP,Steam Achievements,Steam Turn Notifications,Remote Play Together,Family Sharing",True,True,False,Minimum:     OS *:  Windows 7 / Windows 8 / Windows 10    Processor:  Dual Core 3.0 GHz    Memory:  4 GB RAM    Storage:  250 MB available space,Artefacts Studio,Twin Sails Interactive,0.7178,False,False,True,True,2.7,2018.0,7.7,Established,4.0,
3330250,361,"0 .. 20,000",685,18,Ithya: Magic Studies,game,False,280.0,280.0,0,2025-05-07,"English, French, Japanese, Korean, Russian, Simplified Chinese, Italian, German, Spanish - Spain, Portuguese - Brazil, Thai",,Casual,"Single-player,Steam Achievements,Steam Cloud,Family Sharing",True,True,False,Minimum:     OS:  Windows 10 (or Higher)    Processor:  Dual-core from Intel or AMD at 2.0 GHz    Memory:  2 GB RAM    Graphics:  Integrated graphics or DirectX 10 compatible GPU    Storage:  1 GB available space,BlueTurtle,BlueTurtle,0.9744,False,False,False,True,1.27,2025.0,1.1,Recent,2.0,1.0
392110,359,"1,000,000 .. 2,000,000",18526,3664,ENDLESS Space™ 2,game,False,799.0,799.0,0,2017-05-18,"English<strong>*</strong>, French, German, Spanish - Spain, Korean, Polish, Portuguese - Brazil, Russian, Simplified Chinese, Traditional Chinese<br><strong>*</strong>languages with full audio support",80.0,Strategy,"Single-player,Multi-player,PvP,Online PvP,Cross-Platform Multiplayer,Steam Achievements,Steam Trading Cards,Steam Workshop,Steam Cloud,Remote Play on Tablet,Family Sharing",True,True,False,Minimum:    Requires a 64-bit processor and operating system    OS *:  Windows  (64bits only) 7 / 8 / 8.1 / 10    Processor:  i3 4th generation / i5 2nd generation / A6 series    Memory:  4 GB RAM    Graphics:  Intel HD 4000 / AMD Radeon 5800 series / NVidia 550Ti    DirectX:  Version 11    Storage:  8 GB available space    Sound Card:  DX11 compatible    Additional Notes:  Minimum Resolution: 1280 x 720,AMPLITUDE Studios,AMPLITUDE Studios,0.8349,False,False,True,True,3.63,2017.0,9.1,Established,4.0,8.0
1088790,358,"200,000 .. 500,000",5212,1104,Rebel Inc: Escalation,game,False,349.0,349.0,0,2021-10-13,"English<strong>*</strong>, French<strong>*</strong>, Italian<strong>*</strong>, German<strong>*</strong>, Spanish - Spain<strong>*</strong>, Japanese<strong>*</strong>, Korean<strong>*</strong>, Portuguese - Portugal<strong>*</strong>, Portuguese - Brazil<strong>*</strong>, Russian<strong>*</strong>, Simplified Chinese<strong>*</strong>, Traditional Chinese<strong>*</strong>, Turkish<strong>*</strong><br><strong>*</strong>languages with full audio support",,"Simulation,Strategy","Single-player,Multi-player,PvP,Online PvP,Co-op,Online Co-op,Cross-Platform Multiplayer,Steam Achievements,Steam Trading Cards,Steam Workshop,Camera Comfort,Custom Volume Controls,Adjustable Difficulty,Mouse Only Option,Playable without Timed Input,Save Anytime,Stereo Sound,Steam Cloud,Stats,Steam Leaderboards,Includes level editor,Family Sharing",True,True,False,"Minimum:     OS *:  Windows 7    Processor:  2.0GHz i5 Dual Core or equivalent    Memory:  2 GB RAM    Graphics:  Intel HD graphics 530    Storage:  1 GB available space    Additional Notes:  Unsupported video chipsets: Intel HD Graphics 3000, Intel GMA X3100, Intel GMA 950",Ndemic Creations,"Hooded Horse,Ndemic Creations",0.8252,False,False,True,True,1.59,2021.0,4.7,Modern,2.0,1.0
1796470,358,"100,000 .. 200,000",5603,531,Haste,game,False,579.0,579.0,0,2025-04-01,"English<strong>*</strong>, Simplified Chinese, French, Italian, German, Spanish - Spain, Japanese, Portuguese - Brazil, Russian, Swedish<br><strong>*</strong>languages with full audio support",,"Action,Adventure,Indie,Racing","Single-player,Multi-player,Co-op,Online Co-op,Steam Achievements,Full controller support,Steam Cloud,Family Sharing",True,True,True,Minimum:    Requires a 64-bit processor and operating system    OS:  Win 10    Processor:  Intel Core i5-2400 @ 3.1 GHz or AMD FX-6300 @ 3.5 GHz or equivalent    Memory:  8 GB RAM    Graphics:  NVIDIA GeForce GTX 670 or AMD R9 270 (2GB VRAM with Shader Model 5.0 or better)    DirectX:  Version 10    Network:  Broadband Internet connection    Storage:  4 GB available space    Additional Notes:  Only runs on 64 bit systems,Landfall,Evil Landfall?,0.9134,False,True,True,True,2.63,2025.0,1.2,Recent,8.0,4.0
42680,357,"2,000,000 .. 5,000,000",21320,3686,Call of Duty®: Modern Warfare® 3 (2011),game,False,1519.0,1519.0,0,2011-11-08,"English, German, Italian, Spanish - Spain, French",,Action,"Single-player,Multi-player,Co-op,Steam Achievements,Steam Cloud,Valve Anti-Cheat enabled,Family Sharing",True,False,False,OS Version:  Windows® XP/ Windows® Vista / Windows® 7    Processor:  Intel® Core™ 2 Duo E6600 or AMD Phenom™ X3 8750 processor or better    Memory:  2 GB    Graphics:  Shader 3.0 or better 256 MB NVIDIA® GeForce™ 8600GT / ATI® Radeon™ X1950 or better    Network:  Broadband connection and service required for Multiplayer Connectivity. Internet connection required for activation.    DirectX®:  DirectX® 9.0c or later    Disk Space:  16 GB    Sound Card:  DirectX® 9.0c or later,"Infinity Ward,Sledgehammer Games",Activision,0.8526,False,False,True,True,6.9,2011.0,14.6,Classic,,
230290,357,"1,000,000 .. 2,000,000",26456,992,Universe Sandbox,game,False,885.0,885.0,0,2015-08-24,"English, French, Italian, German, Spanish - Spain, Czech, Danish, Dutch, Finnish, Hungarian, Japanese, Korean, Norwegian, Polish, Portuguese - Portugal, Russian, Swedish, Thai, Turkish, Simplified Chinese, Traditional Chinese, Bulgarian, Greek, Romanian, Ukrainian, Vietnamese, Filipino, Indonesian",,"Casual,Indie,Simulation,Early Access","Single-player,Steam Workshop,Adjustable Text Size,Custom Volume Controls,Mouse Only Option,Playable without Timed Input,Save Anytime,Touch Only Option,Partial Controller Support,Steam Cloud,Family Sharing",True,True,False,"Minimum:     OS:  Windows 10 21H1+ (64-bit, x86)    Processor:  1.6 GHz dual-core    Memory:  4 GB RAM    Graphics:  4 GB Video Memory†, Shader Model 6.0    DirectX:  Version 12    Storage:  4 GB available space    Additional Notes:  † Laptops or other computers that use integrated graphics (rather than dedicated graphics hardware) may see issues with Universe Sandbox even if they meet the video memory requirement. Dedicated video hardware is recommended.",Giant Army,Giant Army,0.9639,False,True,False,True,4.02,2015.0,10.8,Classic,4.0,4.0
1372110,357,"200,000 .. 500,000",10640,1311,JoJo's Bizarre Adventure: All-Star Battle R,game,False,1549.0,1549.0,0,2022-09-01,"English, French, Italian, German, Spanish - Spain, Simplified Chinese, Traditional Chinese, Japanese<strong>*</strong>, Korean<br><strong>*</strong>languages with full audio support",,Action,"Single-player,Multi-player,Co-op,Shared/Split Screen Co-op,Shared/Split Screen,Steam Achievements,Full controller support,Steam Trading Cards,Steam Cloud,Steam Leaderboards,Remote Play Together,Family Sharing",True,False,False,Minimum:    Requires a 64-bit processor and operating system    OS:  Windows 10    Processor:  AMD FX-4350 or Intel Core i3-6300    Memory:  8 GB RAM    Graphics:  Nvidia GeForce GTX 770 or AMD Radeon HD 7950    DirectX:  Version 11    Storage:  6 GB available space    Sound Card:  DirectSound Supported    Additional Notes:  Estimated performance: 1080p/60fps with graphics settings at &quot;Low&quot;. Framerate might drop in graphics-intensive scenes.  - 64-bit processor and operating system are required.,CyberConnect2 Co. Ltd.,Bandai Namco Entertainment,0.8903,False,False,True,True,7.04,2022.0,3.8,Modern,8.0,6.0
2064650,354,"1,000,000 .. 2,000,000",7595,3375,Tower of Fantasy,game,True,0.0,0.0,0,2022-10-19,"English<strong>*</strong>, French, German, Japanese<strong>*</strong>, Thai, Portuguese - Brazil<strong>*</strong>, Spanish - Latin America, Russian, Simplified Chinese<strong>*</strong>, Korean<strong>*</strong><br><strong>*</strong>languages with full audio support",,"Action,Massively Multiplayer,RPG,Free To Play","Multi-player,MMO,PvP,Online PvP,Co-op,Online Co-op,Cross-Platform Multiplayer,In-App Purchases,Family Sharing",True,False,False,Minimum:    Requires a 64-bit processor and operating system    OS *:  Windows 8.1    Processor:  Intel Core i5 or equivalent    Memory:  8 GB RAM    Graphics:  NVIDIA GeForce GT 1030    DirectX:  Version 11    Network:  Broadband Internet connection    Storage:  90 GB available space,Hotta Studio,Perfect World Games,0.6923,True,False,True,False,0.0,2022.0,3.7,Modern,8.0,90.0
266410,354,"500,000 .. 1,000,000",4323,700,iRacing,game,False,310.0,310.0,0,2015-01-12,English<strong>*</strong><br><strong>*</strong>languages with full audio support,79.0,"Massively Multiplayer,Racing,Simulation,Sports","Single-player,Multi-player,MMO,PvP,Online PvP,VR Support,Partial Controller Support,Family Sharing",True,False,False,"Minimum:    Requires a 64-bit processor and operating system    OS:  Windows 10 64-Bit, Windows 11 64-Bit    Processor:  4 core CPU or better – Some Examples (but not limited to): Intel Core i5-6600, Intel Core i7-4790, AMD Ryzen 3 4300G    Memory:  16 GB RAM    Graphics:  A gaming graphics card with at least 6GB of DEDICATED memory – Some examples (but not limited to): Nvidia GeForce GTX 1070, RX 5600XT    DirectX:  Version 11    Network:  Broadband Internet connection    Storage:  25 GB available space    VR Support:  iRacing supports the optional use of virtual reality headsets!","iRacing.com Motorsport Simulations,iRacing","iRacing.com Motorsport Simulations,iRacing",0.8606,False,False,True,True,1.41,2015.0,11.4,Classic,16.0,25.0
571740,352,"1,000,000 .. 2,000,000",26261,2748,Golf It!,game,False,209.0,209.0,0,2023-08-18,"English, German, Spanish - Spain, Japanese, Russian, Czech, French, Korean, Swedish, Finnish, Portuguese - Portugal, Simplified Chinese, Turkish, Ukrainian",,"Casual,Indie,Simulation,Sports","Single-player,Multi-player,PvP,Online PvP,Shared/Split Screen PvP,Cross-Platform Multiplayer,Steam Achievements,Tracked Controller Support,VR Supported,Steam Trading Cards,Steam Workshop,Partial Controller Support,Steam Cloud,Stats,Steam Leaderboards,Includes level editor,Remote Play on Phone,Remote Play on Tablet,Remote Play Together,Family Sharing",True,True,False,Minimum:    Requires a 64-bit processor and operating system    OS *:  Windows 7 or higher (64-bit)    Processor:  2 GHz Processor or better    Memory:  4 GB RAM    Graphics:  1024 MB    DirectX:  Version 10    Storage:  15 GB available space    VR Support:  SteamVR or Oculus PC,Perfuse Entertainment,Perfuse Entertainment,0.9053,False,True,True,True,0.95,2023.0,2.8,Modern,4.0,15.0
236110,351,"2,000,000 .. 5,000,000",16882,4941,Dungeon Defenders II,game,True,0.0,0.0,0,2017-06-20,English<strong>*</strong><br><strong>*</strong>languages with full audio support,,"Action,Indie,RPG,Strategy,Free To Play","Single-player,Multi-player,Co-op,Online Co-op,Steam Achievements,Steam Trading Cards,Partial Controller Support,Family Sharing",True,False,False,"Minimum:     OS *:  Windows 7 (SP1) 64-Bit    Processor:  2.0 Ghz Dual-Core CPU    Memory:  3 GB RAM    Graphics:  ATI Radeon HD 2600 or better / NVIDIA GeForce 8600 or better, 512 MB video memory, with Shader Model 3 support    DirectX:  Version 9.0    Network:  Broadband Internet connection    Storage:  20 GB available space    Sound Card:  DirectSound-compatible sound device    Additional Notes:  Internet connection is required to play.",Chromatic Games,Chromatic Games,0.7736,False,True,True,True,0.0,2017.0,9.0,Established,3.0,20.0
996580,351,"1,000,000 .. 2,000,000",19266,1240,Spyro™ Reignited Trilogy,game,False,1519.0,1519.0,0,2019-09-03,"English<strong>*</strong>, French<strong>*</strong>, Italian<strong>*</strong>, German<strong>*</strong>, Spanish - Spain<strong>*</strong>, Arabic<strong>*</strong>, Danish<strong>*</strong>, Dutch<strong>*</strong>, Finnish<strong>*</strong>, Norwegian<strong>*</strong>, Polish<strong>*</strong>, Portuguese - Brazil<strong>*</strong>, Spanish - Latin America<strong>*</strong>, Swedish<strong>*</strong><br><strong>*</strong>languages with full audio support",,"Action,Adventure","Single-player,Steam Achievements,Full controller support,Steam Trading Cards,Steam Cloud,Remote Play on Phone,Remote Play on Tablet,Remote Play on TV,Family Sharing",True,False,False,Minimum:    Requires a 64-bit processor and operating system    OS *:  Windows 7    Processor:  Intel Core i3-2100 | AMD FX-6300    Memory:  4 GB RAM    Graphics:  NVIDIA GeForce GTX 660 (2 GB) | AMD Radeon HD 7850 (2 GB)    DirectX:  Version 9.0    Storage:  40 GB available space    Sound Card:  DirectX Compatible,"Toys for Bob,Iron Galaxy Studios",Activision,0.9395,True,False,False,True,6.9,2019.0,6.8,Established,4.0,40.0
377840,351,"1,000,000 .. 2,000,000",11281,611,FINAL FANTASY IX,game,False,128.0,429.0,70,2016-04-14,"English, French, Italian, German, Spanish - Spain",84.0,RPG,"Single-player,Steam Achievements,Steam Trading Cards,Camera Comfort,Playable without Timed Input,Partial Controller Support,Steam Cloud,Remote Play on Phone,Remote Play on Tablet,Family Sharing",True,False,False,Minimum:     OS *:  Windows Vista /7/8/8.1/10    Processor:  Intel Core 2 Duo 2GHz or higher    Memory:  2 GB RAM    Graphics:  NVIDIA GeForce 8600GTS or ATI Radeon HD4650 or higher    DirectX:  Version 9.0c    Storage:  7 GB available space    Sound Card:  DirectSound® compatible sound card（DirectX®9.0c or later）,Square Enix,Square Enix,0.9486,False,False,False,True,0.58,2016.0,10.2,Classic,2.0,7.0
386940,350,"1,000,000 .. 2,000,000",46319,1981,Ultimate Chicken Horse,game,False,400.0,400.0,0,2016-03-04,"English<strong>*</strong>, French<strong>*</strong>, Italian<strong>*</strong>, German<strong>*</strong>, Spanish - Spain<strong>*</strong>, Japanese<strong>*</strong>, Korean<strong>*</strong>, Polish<strong>*</strong>, Portuguese - Brazil<strong>*</strong>, Russian<strong>*</strong>, Simplified Chinese<strong>*</strong>, Swedish<strong>*</strong>, Traditional Chinese<strong>*</strong>, Turkish<strong>*</strong>, Czech<strong>*</strong><br><strong>*</strong>languages with full audio support",,"Action,Casual,Indie","Multi-player,PvP,Online PvP,Shared/Split Screen PvP,Co-op,Online Co-op,Shared/Split Screen Co-op,Shared/Split Screen,Cross-Platform Multiplayer,Steam Achievements,Full controller support,Steam Trading Cards,Steam Cloud,Includes level editor,Remote Play on TV,Remote Play Together,Family Sharing",True,True,True,Minimum:     OS *:  Windows 7 or later    Processor:  1.5GHZ +    Memory:  2 GB RAM    Graphics:  512 MB VRAM  Intel HD 4000 / GeForce 200  Series / Radeon HD 4000 Series    DirectX:  Version 9.0c    Storage:  2 GB available space    Additional Notes:  Broadband internet is required for online play.,Clever Endeavour Games,Clever Endeavour Games,0.959,False,True,True,False,1.82,2016.0,10.3,Classic,2.0,2.0
16900,349,"1,000,000 .. 2,000,000",19351,2325,GROUND BRANCH,game,False,619.0,619.0,0,2018-08-14,English<strong>*</strong><br><strong>*</strong>languages with full audio support,,"Action,Indie,Simulation,Early Access","Single-player,Multi-player,PvP,Online PvP,Co-op,Online Co-op,Steam Workshop,Partial Controller Support,Family Sharing",True,False,False,Minimum:    Requires a 64-bit processor and operating system    OS *:  Windows 7 SP1 64-bit    Processor:  Intel Core i5-2500K / AMD FX-8350    Memory:  8 GB RAM    Graphics:  NVIDIA GeForce GTX 760 2GB / AMD Radeon HD 7850    DirectX:  Version 11    Network:  Broadband Internet connection    Storage:  30 GB available space,BlackFoot Studios,MicroProse Software,0.8927,False,True,True,True,2.81,2018.0,7.9,Established,8.0,30.0
1094780,349,"200,000 .. 500,000",3453,640,Fisher Online,game,False,425.0,425.0,0,2019-10-27,"Russian, English, German",,Simulation,"Multi-player,MMO,PvP,Co-op,Steam Achievements,Steam Workshop,In-App Purchases,Partial Controller Support,Family Sharing",True,False,False,Minimum:    Requires a 64-bit processor and operating system    OS:  Windows 10    Processor:  intel i5    Memory:  8 GB RAM    Graphics:  GFX 1650 4Gb+    DirectX:  Version 11    Storage:  30 GB available space,R-Age LLC,R-Age LLC,0.8436,False,False,True,False,1.93,2019.0,6.6,Established,8.0,30.0
1282730,348,"1,000,000 .. 2,000,000",32214,2445,Loop Hero,game,False,91.0,455.0,80,2021-03-04,"English, French, German, Spanish - Spain, Japanese, Korean, Russian, Simplified Chinese, Traditional Chinese, Portuguese - Brazil, Italian, Dutch, Turkish",82.0,"Indie,RPG,Strategy","Single-player,Steam Achievements,Steam Trading Cards,Steam Cloud,Family Sharing",True,True,True,"Minimum:     OS *:  Windows 7, 8.1, 10 x64    Processor:  Intel Core2 Duo E4500 (2 * 2200) or equivalent, AMD Athlon 64 X2 Dual Core 3600+ (2 * 1910) or equivalent    Memory:  2 GB RAM    Graphics:  GeForce 7300 GT (512 MB), Radeon X1300 Pro (256 MB)    Storage:  300 MB available space",Four Quarters,Devolver Digital,0.9295,False,True,False,True,0.41,2021.0,5.3,Established,2.0,
1948280,347,"500,000 .. 1,000,000",0,0,Stacklands,game,False,249.0,249.0,0,2022-04-08,"English, French, Italian, German, Spanish - Spain, Dutch, Japanese, Korean, Polish, Portuguese - Brazil, Simplified Chinese, Traditional Chinese",,"Casual,Indie,Simulation","Single-player,Steam Achievements,Steam Trading Cards,Steam Workshop,Partial Controller Support,Steam Cloud,Family Sharing",True,True,False,Minimum:    Requires a 64-bit processor and operating system    OS *:  Windows 7    Processor:  Dual Core 2 GHz    Memory:  2 GB RAM    Graphics:  DirectX9 compatible with at least 500MB of memory    DirectX:  Version 9.0    Storage:  200 MB available space,Sokpop Collective,Sokpop Collective,,False,True,False,True,1.13,2022.0,4.2,Modern,2.0,
24810,346,"200,000 .. 500,000",4778,294,Command & Conquer™ 3: Kane’s Wrath,game,False,0.0,0.0,0,2009-11-13,"Dutch, English<strong>*</strong>, French<strong>*</strong>, German<strong>*</strong>, Italian<strong>*</strong>, Polish, Russian<strong>*</strong>, Spanish - Spain<strong>*</strong>, Swedish, Hungarian, Czech, Korean, Simplified Chinese, Thai, Traditional Chinese<br><strong>*</strong>languages with full audio support",77.0,"Action,Strategy","Single-player,Multi-player,Steam Workshop,Steam Cloud,Includes level editor,Family Sharing",True,False,False,"OS *:  Windows XP/Vista (64-bit not supported) 						   Processor:  2GHz (2.2GHz Vista) 						   Memory:  512 MB (1GB Vista) 						   Graphics:  nVIDIA GeForce 4, ATI Radeon 8500 or greater (ATI Radeon 9200 and 9250 PCI, nVIDIA Geforce 4 MX cards not supported.); for Vista NVIDIA GeForce 6100 or ATI Radeon 9500 or greater 						   DirectX®:  DirectX 9.0 compatible 						   Hard Drive:  6GB of free space 						   Sound:  DirectX 9.0 compatible 						   Controller Support:  Keyboard, mouse, optional controller (Xbox 360® Controller for Windows) 					  INTERNET CONNECTION, ONLINE AUTHENTICATION AND ACCEPTANCE OF END USER LICENSE AGREEMENT REQUIRED TO PLAY. TO ACCESS ONLINE FEATURES, YOU MUST REGISTER ONLINE. ONLY ONE REGISTRATION IS AVAILABLE PER GAME. EA ONLINE TERMS &amp; CONDITIONS AND FEATURE UPDATES CAN BE FOUND AT . YOU MUST BE 13+ TO REGISTER WITH EA ONLINE. EA MAY RETIRE ONLINE FEATURES AFTER 30 DAYS NOTICE POSTED ON .",EA Los Angeles,Electronic Arts,0.942,False,False,True,True,0.0,2009.0,16.6,Classic,,
1324780,346,"200,000 .. 500,000",7601,793,Easy Red 2,game,False,313.0,313.0,0,2022-01-06,"English<strong>*</strong>, Italian, French, German, Spanish - Spain, Simplified Chinese, Russian, Spanish - Latin America, Arabic, Portuguese - Portugal, Portuguese - Brazil, Polish, Turkish, Japanese, Ukrainian<br><strong>*</strong>languages with full audio support",,"Action,Indie,Simulation,Strategy","Single-player,Multi-player,PvP,Online PvP,Co-op,Online Co-op,Cross-Platform Multiplayer,Steam Achievements,Full controller support,Steam Trading Cards,Steam Workshop,Steam Workshop,Steam Cloud,Includes level editor,Family Sharing",True,True,True,Minimum:    Requires a 64-bit processor and operating system    OS *:  Windows 7 64bit    Processor:  Intel Celeron G530 / AMD Athlon II X2 250    Memory:  1500 MB RAM    Graphics:  NVIDIA GeForce GT710 / AMD Radeon R5 240    Storage:  10 GB available space    Additional Notes:  1 GB of VRAM required,Marco Amadei,Corvostudio di Amadei Marco,0.9055,True,True,True,True,1.42,2022.0,4.5,Modern,,10.0
3373660,346,"50,000 .. 100,000",2615,27,Look Outside,game,False,186.0,310.0,40,2025-03-21,English,,"Adventure,RPG","Single-player,Steam Achievements,Steam Cloud,Family Sharing",True,False,False,Minimum:     OS *:  Windows 7 x64    Processor:  Intel Core i5-2500 / AMD Phenom II X4 965    Memory:  8 GB RAM    Graphics:  GeForce GTX 750 / Radeon RX 560X    Storage:  1 GB available space,Francis Coulombe,Devolver Digital,0.9898,False,False,False,True,0.85,2025.0,1.2,Recent,8.0,1.0
2280,345,"1,000,000 .. 2,000,000",24105,879,DOOM + DOOM II,game,False,500.0,500.0,0,2007-08-03,"English, French, Italian, German, Spanish - Spain, Japanese, Korean, Portuguese - Brazil, Russian, Simplified Chinese, Spanish - Latin America, Traditional Chinese",,Action,"Single-player,Multi-player,PvP,Online PvP,LAN PvP,Shared/Split Screen PvP,Co-op,Online Co-op,LAN Co-op,Shared/Split Screen Co-op,Shared/Split Screen,Cross-Platform Multiplayer,Full controller support,Camera Comfort,Custom Volume Controls,Adjustable Difficulty,Keyboard Only Option,Stereo Sound,Steam Cloud,Remote Play Together,Family Sharing",True,False,False,OS Version:  Windows 10 64-bit  Processor:  Intel Core i5-3570 @3.4GHz or AMD Ryzen 5 1400 @3.5GHz  Memory:  8GB System RAM  Graphics: NVIDIA Geforce GTX 650 TI (2GB) or AMD HD 7750 (1GB)   Direct X:  Version 12  Disk Space:  Minimum 2GB free space on hard drive,"id Software,Nightdive Studios",Bethesda,0.9648,True,False,True,True,2.27,2007.0,18.9,Classic,,
1602000,344,"20,000 .. 50,000",245,19,Hotel Architect,game,False,992.0,992.0,0,2026-05-14,"English<strong>*</strong>, French, Italian, German<strong>*</strong>, Spanish - Spain, Korean, Portuguese - Brazil, Russian, Simplified Chinese<strong>*</strong>, Traditional Chinese, Japanese<br><strong>*</strong>languages with full audio support",,"Indie,Simulation,Strategy","Single-player,Steam Achievements,Steam Trading Cards,Camera Comfort,Color Alternatives,Custom Volume Controls,Mouse Only Option,Playable without Timed Input,Save Anytime,Steam Cloud,Family Sharing",True,False,False,"Minimum:    Requires a 64-bit processor and operating system    OS:  Windows 10    Processor:  Intel Core i5-7500, AMD Ryzen 5 1600    Memory:  8 GB RAM    Graphics:  Intel Iris Xe Graphics, NVIDIA GeForce GTX 1050, AMD Radeon R9 280    DirectX:  Version 12    Storage:  5 GB available space    Additional Notes:  30 FPS Average, 1080p. DirectX12 Required",Pathos Interactive,"Wired Productions,Gamersky Games",0.928,False,True,False,True,4.51,2026.0,0.1,Recent,8.0,5.0
2254890,343,"100,000 .. 200,000",4214,464,The Killing Antidote,game,False,885.0,885.0,0,2024-10-05,"Simplified Chinese<strong>*</strong>, English, Russian, Japanese, Traditional Chinese, Portuguese - Brazil, Spanish - Latin America, Korean, French, German, Ukrainian, Indonesian, Polish, Persian, Italian, Spanish - Spain, Hungarian, Portuguese - Portugal, Vietnamese, Arabic<br><strong>*</strong>languages with full audio support",,"Action,Adventure,Indie,RPG,Early Access","Single-player,Steam Achievements,Full controller support,Steam Workshop,Steam Cloud,Family Sharing",True,False,False,Minimum:    Requires a 64-bit processor and operating system    OS:  Windows10    Processor:  i5    Memory:  4 GB RAM    Graphics:  GTX 960    DirectX:  Version 11    Storage:  6 GB available space,MetalStar Studio,MetalStar Studio,0.9008,True,True,False,True,4.02,2024.0,1.7,Recent,4.0,6.0
502500,340,"2,000,000 .. 5,000,000",42202,5990,ACE COMBAT™ 7: SKIES UNKNOWN,game,False,1799.0,1799.0,0,2019-01-31,"English<strong>*</strong>, French, Italian, German, Spanish - Spain, Japanese<strong>*</strong>, Polish, Portuguese - Brazil, Russian, Korean, Traditional Chinese, Spanish - Latin America, Simplified Chinese<br><strong>*</strong>languages with full audio support",78.0,"Action,Simulation","Single-player,Multi-player,PvP,Online PvP,Steam Achievements,Full controller support,Steam Trading Cards,Steam Cloud,Family Sharing",True,False,False,Minimum:    Requires a 64-bit processor and operating system    OS *:  Windows 7 / 8 / 8.1 / 10 (64-bit OS required)    Processor:  Intel Core i3-7100    Memory:  4 GB RAM    Graphics:  NVIDIA GeForce GTX 750Ti(2GB)    DirectX:  Version 11    Network:  Broadband Internet connection    Storage:  50 GB available space    Sound Card:  DirectX 11 sound card    Additional Notes:  Estimated performance: 1080p/60fps with graphics settings at &quot;Low&quot;. Framerate might drop in graphics-intensive scenes.  - 64-bit processor and operating system are required.,Bandai Namco Studios Inc.,Bandai Namco Entertainment,0.8757,True,False,True,True,8.18,2019.0,7.4,Established,4.0,50.0
2186320,340,"200,000 .. 500,000",4708,195,Ages of Conflict: World War Simulator,game,False,220.0,220.0,0,2023-02-17,"English, French, Italian, German, Spanish - Spain, Finnish, Portuguese - Brazil, Spanish - Latin America, Turkish, Polish, Portuguese - Portugal, Russian, Simplified Chinese, Ukrainian, Japanese, Korean",,"Casual,Indie,Simulation,Early Access","Single-player,Steam Achievements,Steam Workshop,Camera Comfort,Custom Volume Controls,Playable without Timed Input,Save Anytime,Steam Cloud,Stats,Includes level editor,Family Sharing",True,True,True,Minimum:    Requires a 64-bit processor and operating system    OS:  Windows 10    Processor:  Intel Core i5-8250U 1.60 GHz    Memory:  1 GB RAM    Graphics:  GeForce GTX 560    DirectX:  Version 10    Storage:  180 MB available space    Additional Notes:  16:9 recommended,JoySpark Games,JoySpark Games,0.9602,True,True,False,True,1.0,2023.0,3.3,Modern,1.0,
637650,339,"2,000,000 .. 5,000,000",44632,9056,FINAL FANTASY XV WINDOWS EDITION,game,False,480.0,1200.0,60,2018-03-06,"English<strong>*</strong>, French<strong>*</strong>, Italian, German<strong>*</strong>, Spanish - Spain, Japanese<strong>*</strong>, Korean, Portuguese - Brazil, Russian<strong>*</strong>, Simplified Chinese, Traditional Chinese<br><strong>*</strong>languages with full audio support",,RPG,"Single-player,Multi-player,PvP,Online PvP,Co-op,Online Co-op,Steam Achievements,Full controller support,Steam Trading Cards,Camera Comfort,Custom Volume Controls,Adjustable Difficulty,Keyboard Only Option,Playable without Timed Input,Save Anytime,Stereo Sound,Surround Sound,Steam Cloud,Remote Play on Tablet,Family Sharing",True,False,False,"Minimum:    Requires a 64-bit processor and operating system    OS *:  Windows® 7 SP1/ Windows® 8.1 / Windows® 10 64-bit    Processor:  Intel® Core™ i5-2500（3.3GHz and above）/ AMD FX™-6100 （3.3GHz and above）    Memory:  8 GB RAM    Graphics:  NVIDIA® GeForce® GTX 760 / NVIDIA® GeForce® GTX 1050 / AMD Radeon™ R9 280    DirectX:  Version 11    Storage:  100 GB available space    Sound Card:  DirectSound® compatible sound card, Windows Sonic and Dolby Atmos support    Additional Notes:  720p 30fps",Square Enix,Square Enix,0.8313,False,False,True,True,2.18,2018.0,8.3,Established,8.0,100.0
768200,338,"200,000 .. 500,000",6985,1454,Smalland: Survive the Wilds,game,False,1030.0,1030.0,0,2024-02-15,"English, French, German, Spanish - Spain, Japanese, Portuguese - Brazil, Russian, Korean, Simplified Chinese, Traditional Chinese",,"Action,Adventure,Indie,RPG","Single-player,Multi-player,Co-op,Online Co-op,Steam Achievements,Full controller support,Family Sharing",True,False,False,Minimum:    Requires a 64-bit processor and operating system    OS *:  Windows 7 SP1    Processor:  Intel(R) Core(TM) i5-9400 CPU @ 2.90GHz or equivalent    Memory:  8 GB RAM    Graphics:  NVIDIA GeForce GTX 1650 or equivalent    DirectX:  Version 12    Network:  Broadband Internet connection    Storage:  20 GB available space    Additional Notes:  Connecting to Epic EOS is required for online multiplayer,Merge Games,Maximum Entertainment,0.8277,False,True,True,True,4.68,2024.0,2.3,Modern,8.0,20.0
1433140,336,"200,000 .. 500,000",14423,7117,The Texas Chain Saw Massacre,game,False,455.0,455.0,0,2023-08-18,"English<strong>*</strong>, French, Italian, German, Spanish - Spain, Japanese, Portuguese - Brazil, Russian, Simplified Chinese<br><strong>*</strong>languages with full audio support",,"Action,Indie","Multi-player,PvP,Online PvP,Steam Achievements,Full controller support,Steam Trading Cards,Steam Cloud,Family Sharing",True,False,False,Minimum:    Requires a 64-bit processor and operating system    OS:  Windows 10    Processor:  Intel Core i5 6th gen or AMD Ryzen 5 1600    Memory:  8 GB RAM    Graphics:  Nvidia Geforce GTX 1060 or AMD Radeon RX 580    Network:  Broadband Internet connection    Storage:  30 GB available space,Sumo Digital,Gun Interactive,0.6696,False,True,True,False,2.07,2023.0,2.8,Modern,8.0,30.0
32440,334,"1,000,000 .. 2,000,000",23000,787,LEGO® Star Wars™ - The Complete Saga,game,False,595.0,595.0,0,2009-11-12,"English, French, Italian, German, Spanish - Spain",77.0,Adventure,"Single-player,Multi-player,Shared/Split Screen,Full controller support,Steam Cloud,Remote Play on Phone,Remote Play on Tablet,Remote Play on TV,Remote Play Together,Family Sharing",True,False,False,"OS *:  Windows XP SP2/Vista 								   Processor:  Intel P3 1.0GHz or AMD Athlon XP or higher 								   Memory:  156MB of RAM, 512MB required for Vista 								   Graphics:  128MB Graphics card with Shader Model 2.0 Capability 								   Hard Drive:  5GB of free space",Traveller's Tales,"LucasArts,Lucasfilm,Disney",0.9669,False,False,True,True,2.7,2009.0,16.6,Classic,,
979920,334,"200,000 .. 500,000",2895,978,Supremacy: 1914,game,True,0.0,0.0,0,2019-07-16,"English<strong>*</strong>, French<strong>*</strong>, Italian<strong>*</strong>, German<strong>*</strong>, Spanish - Spain<strong>*</strong>, Dutch<strong>*</strong>, Polish<strong>*</strong>, Portuguese - Portugal<strong>*</strong>, Russian<strong>*</strong>, Czech<strong>*</strong>, Turkish<strong>*</strong>, Greek, Portuguese - Brazil<strong>*</strong>, Spanish - Latin America<strong>*</strong><br><strong>*</strong>languages with full audio support",,"Massively Multiplayer,Simulation,Strategy,Free To Play","Multi-player,MMO,PvP,Online PvP,Co-op,Online Co-op,Cross-Platform Multiplayer,In-App Purchases,Stats,Family Sharing",True,True,False,Minimum:     OS *:  Windows 7    Processor:  Intel Core 2 Duo 2.2 GHz or AMD Athlon 64 X2 2.0 GHz    Memory:  2 GB RAM    Graphics:  64 MB NVIDIA GeForce 6800 or ATI Radeon X1300    Network:  Broadband Internet connection    Storage:  500 MB available space,Bytro Labs GmbH,Bytro Labs GmbH,0.7475,True,False,True,False,0.0,2019.0,6.9,Established,2.0,
1245560,334,"200,000 .. 500,000",3653,240,Roots of Pacha,game,False,749.0,749.0,0,2023-04-25,"English, French, German, Portuguese - Brazil, Russian, Simplified Chinese, Spanish - Spain, Japanese, Korean, Traditional Chinese",,"Indie,RPG,Simulation","Single-player,Multi-player,Co-op,Online Co-op,Cross-Platform Multiplayer,Steam Achievements,Partial Controller Support,Steam Cloud,Family Sharing",True,True,True,"Minimum:     OS *:  Windows 7 or greater    Processor:  2 GHz    Memory:  4 GB RAM    Graphics:  2 gb dedicated video card, shader model 3.0+    DirectX:  Version 10    Storage:  1 GB available space",Soda Den,Soda Den,0.9384,False,True,True,True,3.4,2023.0,3.2,Modern,4.0,1.0
1128920,331,"1,000,000 .. 2,000,000",10088,1540,EVERSPACE™ 2,game,False,1450.0,1450.0,0,2023-04-06,"English<strong>*</strong>, French, Italian, German<strong>*</strong>, Spanish - Spain, Czech, Japanese, Korean, Polish, Portuguese - Brazil, Simplified Chinese, Traditional Chinese, Russian<br><strong>*</strong>languages with full audio support",81.0,"Action,Adventure,RPG,Simulation","Single-player,Steam Achievements,Full controller support,Steam Trading Cards,Steam Cloud,Family Sharing",True,True,False,Minimum:    Requires a 64-bit processor and operating system    OS:  Windows 10 64-bit    Processor:  Intel Core i5-2500K@3.3GHz or AMD FX 6300@3.5GHz    Memory:  8 GB RAM    Graphics:  Nvidia GeForce GTX 970 (4 GB) or AMD Radeon RX 6400 (4GB)    DirectX:  Version 11    Storage:  35 GB available space,ROCKFISH Games,ROCKFISH Games,0.8676,False,False,False,True,6.59,2023.0,3.2,Modern,8.0,35.0
24780,331,"500,000 .. 1,000,000",7456,1652,SimCity™ 4 Deluxe Edition,game,False,85.0,429.0,80,2010-07-20,"Danish, Dutch, English, French, German, Italian, Spanish - Spain, Swedish",,"Simulation,Strategy","Single-player,Family Sharing",True,True,False,"OS *:  Windows XP 						   Processor:  PIII 500 or equivalent  						   Memory:  256MB  						   Graphics:  32MB supported Direct3D capable video card with DirectX 7.0 or greater 					compatible driver 						   DirectX®:  DirectX 8.1 						   Hard Drive:  1.6GB 						   Supported 3D Accelerator Hardware:  SimCity 4 Deluxe / Rush Hour requires a 32MB 3D Direct3D chipset, and a display that is at least 800x600 in size, and supports 16 or 32-bit color.  It is recommended to always install the latest certified drivers for all your hardware 					    					 Supported Graphics Chipsets 					Cards with these chipsets are officially supported by the SimCity 4 hardware graphics driver: 					nVidia:   					   nVidia TNT2, TNT2 M64, &amp; TNT2 Ultra  					   nVidia GeForce SDR, GeForce DDR, GeForce Quadro, GeForce2 GTS, GeForce2 MX, GeForce2 GTS, GeForce3, GeForce4 MX, GeForce4 Ti 4200/4400/4600/4800 SE, and GeForceFX 5200/5600/5800/5900  					  ATI:   					   ATI Radeon 7000, 7200, 7500, 8500, 9000, 9200, 9500, 9600, 9700, 9800  					   Known Issues:  Due to hardware limitations with the ATI Radeon series, some buildings and graphic effects will be temporarily turned off while scrolling. There is a known ATI driver defect that results in SimCity advisor animations dropping polygons. To fix this, please download ATI driver 7.79 or later (also referred to as CATALYST 02.4) from  on the Internet. 					  Matrox:    					   Matrox G400, G450, G550, Parhelia  					  SiS:    					   SiS 315, Xabre 400  					   Software Mode:  SimCity 4 also provides a software-based graphics driver which will work with most video cards. 32MB of video memory is recommended. The graphics mode driver can be selected from the Graphics Options panel in the game, or may be run from the command line using the switch -d:Software. The following video chipsets will run the game properly in software mode: 					   PowerVR KYRO, KYRO II  					   Trident Blade 64","EA - Maxis,Aspyr (Mac)","Electronic Arts,Aspyr (Mac)",0.8186,False,False,False,True,0.39,2010.0,15.9,Classic,,
1547000,330,"500,000 .. 1,000,000",6814,2051,Grand Theft Auto: San Andreas – The Definitive Edition,game,False,2599.0,2599.0,0,2023-01-19,"English<strong>*</strong>, French, Italian, German, Spanish - Spain, Japanese, Korean, Polish, Portuguese - Brazil, Russian, Simplified Chinese, Spanish - Latin America, Traditional Chinese<br><strong>*</strong>languages with full audio support",,"Action,Adventure","Single-player,Full controller support",True,False,False,Minimum:    Requires a 64-bit processor and operating system    OS:  Windows 10    Processor:  Intel® Core™ i5-6600K / AMD FX-6300    Memory:  8GB GB RAM    Graphics:  Nvidia GeForce GTX 760 2GB / AMD Radeon R9 280 3GB    Storage:  19 GB available space    Sound Card:  Direct X Compatible,Rockstar Games,Rockstar Games,0.7686,True,False,False,True,11.81,2023.0,3.4,Modern,,19.0
1357210,330,"200,000 .. 500,000",1378,509,Galactic Civilizations IV,game,False,1290.0,1290.0,0,2023-10-19,"English<strong>*</strong>, German, French, Russian, Spanish - Spain, Polish, Spanish - Latin America, Portuguese - Brazil, Portuguese - Portugal, Italian, Simplified Chinese, Korean<br><strong>*</strong>languages with full audio support",,"Simulation,Strategy","Single-player,Multi-player,PvP,Online PvP,Co-op,Online Co-op,Cross-Platform Multiplayer,Steam Achievements,Steam Workshop,Adjustable Text Size,Camera Comfort,Custom Volume Controls,Adjustable Difficulty,Playable without Timed Input,Save Anytime,Stereo Sound,Surround Sound,Steam Cloud,Family Sharing",True,False,False,Minimum:    Requires a 64-bit processor and operating system    OS:  Windows 10 64-bit    Processor:  Quad-Core Processor (Intel Core i5 / AMD Ryzen 2x00)    Memory:  8 GB RAM    Graphics:  1GB VRAM Video Card    DirectX:  Version 11    Network:  Broadband Internet connection    Storage:  22 GB available space    Sound Card:  Any    Additional Notes:  720p Minimum Screen Resolution Required,Stardock Entertainment,Stardock Entertainment,0.7303,True,False,True,True,5.86,2023.0,2.7,Modern,8.0,22.0
367500,329,"2,000,000 .. 5,000,000",41310,5376,Dragon's Dogma: Dark Arisen,game,False,940.0,940.0,0,2016-01-15,"English<strong>*</strong>, French, Italian, German, Spanish - Spain, Japanese, Traditional Chinese<br><strong>*</strong>languages with full audio support",81.0,"Action,Adventure,RPG","Single-player,Steam Achievements,Full controller support,Steam Trading Cards,Steam Cloud,Steam Leaderboards,Remote Play on Phone,Remote Play on Tablet,Remote Play on TV,Family Sharing",True,False,False,"Minimum:     OS *:  Windows Vista or newer (32 or 64 bit)    Processor:  Intel Core i5 660 CPU or equivalent    Memory:  4 GB RAM    Graphics:  Radeon HD 5870 or equivalent    DirectX:  Version 9.0c    Network:  Broadband Internet connection    Storage:  20 GB available space    Sound Card:  DirectX-compatible sound card or onboard audio chip    Additional Notes:  1) Supports Keyboard+Mouse and XInput/DirectInput devices including Xbox 360, Xbox One, DualShock4 and Steam Controller. 2) Some high end integrated graphics chips and modern gaming laptops with a discrete GPU may work but have not been tested, nor are they officially supported by Capcom.",Capcom,Capcom,0.8848,False,False,False,True,4.27,2016.0,10.4,Classic,4.0,20.0
1660080,329,"500,000 .. 1,000,000",2013,383,Aloft,game,False,740.0,740.0,0,2025-01-15,"English, French, Italian, German, Spanish - Spain, Japanese, Korean, Polish, Portuguese - Brazil, Russian, Ukrainian, Simplified Chinese",,"Adventure,Casual,Indie,Simulation,Early Access","Single-player,Multi-player,Co-op,Online Co-op,Steam Achievements,Full controller support,Steam Workshop,Steam Cloud,Family Sharing",True,False,False,"Minimum:    Requires a 64-bit processor and operating system    OS:  Windows 10+, 64-bit    Processor:  Intel® Core™ i5-8600K / AMD Ryzen™ 5 3600    Memory:  16 GB RAM    Graphics:  NVIDIA® GeForce® GTX 1060 6GB / AMD Radeon™ RX 580 / Intel® Arc™ A750    DirectX:  Version 11    Storage:  12 GB available space",Astrolabe Interactive Inc.,Funcom,0.8402,False,True,True,True,3.36,2025.0,1.4,Recent,16.0,12.0
228380,328,"1,000,000 .. 2,000,000",34031,4586,Wreckfest,game,False,68.0,689.0,90,2018-06-14,"English, French, Italian, German, Spanish - Spain, Portuguese - Brazil, Simplified Chinese, Finnish, Japanese, Korean, Polish, Russian, Hungarian",81.0,"Action,Indie,Racing,Simulation,Sports","Single-player,Multi-player,PvP,Online PvP,Steam Achievements,Steam Workshop,Partial Controller Support,Steam Cloud,Stats,Steam Leaderboards,Family Sharing",True,False,False,Minimum:     OS:  Windows 10    Processor:  Intel® Core™ i3 with 2.8 GHz or AMD equivalent    Memory:  8 GB RAM    Graphics:  NVIDIA Geforce® GTX™ 560 or AMD Radeon™ HD 7770    DirectX:  Version 11    Storage:  32 GB available space    Sound Card:  DirectX®-compatible    Additional Notes:  This config will run the game with approx 30 FPS on 1080p,Bugbear,THQ Nordic,0.8812,False,True,True,True,0.31,2018.0,8.0,Established,8.0,32.0
1127500,328,"500,000 .. 1,000,000",20615,817,Mini Motorways,game,False,229.0,229.0,0,2021-07-20,"English, French, Italian, German, Spanish - Spain, Arabic, Dutch, Japanese, Korean, Portuguese - Brazil, Russian, Simplified Chinese, Traditional Chinese, Turkish",87.0,"Casual,Simulation,Strategy","Single-player,Steam Achievements,Full controller support,Steam Cloud,Steam Leaderboards,Family Sharing",True,True,False,Minimum:     OS *:  Windows 7 SP1+    Processor:  2 GHz or faster processor    Graphics:  Shader Model 4.0    DirectX:  Version 10    Storage:  350 MB available space,Dinosaur Polo Club,Dinosaur Polo Club,0.9619,False,False,False,True,1.04,2021.0,4.9,Modern,,
1180660,328,"500,000 .. 1,000,000",11457,2426,Tell Me Why,game,True,0.0,0.0,0,2020-08-27,"English<strong>*</strong>, French<strong>*</strong>, Italian, German<strong>*</strong>, Japanese, Korean, Portuguese - Brazil<strong>*</strong>, Spanish - Latin America<strong>*</strong><br><strong>*</strong>languages with full audio support",,"Adventure,Free To Play","Single-player,Steam Achievements,Full controller support,Captions available,Steam Cloud,Family Sharing",True,False,False,Minimum:     OS *:  Windows 7 64-bit version 1903 or higher    Processor:  Intel core i3 4130 (3.4 Ghz 2C / 4T) AMD FX 4300 (3.8 Ghz 4C / 4T)    Memory:  4 GB RAM    Graphics:  Nvidia GTX 750Ti or Nvidia GTX 1050 or AMD Radeon R7 260X or AMD Radeon RX 560    DirectX:  Version 11    Storage:  25 GB available space,DONTNOD Entertainment,Xbox Game Studios,0.8253,True,False,False,True,0.0,2020.0,5.8,Established,4.0,25.0
588030,328,"500,000 .. 1,000,000",7100,275,Derail Valley,game,False,1290.0,1290.0,0,2019-01-25,"English, French, Italian, German, Spanish - Spain, Dutch, Finnish, Japanese, Norwegian, Polish, Portuguese - Brazil, Russian, Spanish - Latin America, Swedish, Traditional Chinese, Ukrainian",,"Adventure,Indie,Simulation,Early Access","Single-player,Tracked Controller Support,VR Supported,Camera Comfort,Adjustable Difficulty,Keyboard Only Option,Playable without Timed Input,Save Anytime,Stereo Sound,Partial Controller Support,Steam Cloud,Family Sharing",True,False,False,Minimum:    Requires a 64-bit processor and operating system    OS:  Windows 64-bit    Processor:  Intel i5-7400 or equivalent    Memory:  16 GB RAM    Graphics:  Nvidia GTX 650 (VR: GTX 970)    Storage:  6 GB available space    VR Support:  SteamVR or Meta Quest Link,Altfuture,Altfuture,0.9627,True,True,False,True,5.86,2019.0,7.4,Established,16.0,6.0
1318690,328,"200,000 .. 500,000",13165,516,shapez,game,False,31.0,310.0,90,2020-06-07,"English, French, Czech, German, Korean, Spanish - Spain, Dutch, Polish, Portuguese - Portugal, Russian, Norwegian, Japanese, Portuguese - Brazil, Spanish - Latin America, Simplified Chinese, Traditional Chinese, Danish, Italian, Finnish, Hungarian, Romanian, Swedish, Turkish, Ukrainian",,"Casual,Indie,Simulation,Strategy","Single-player,Steam Achievements,Adjustable Text Size,Camera Comfort,Color Alternatives,Custom Volume Controls,Keyboard Only Option,Mouse Only Option,Playable without Timed Input,Save Anytime,Subtitle Options,Steam Cloud,Family Sharing",True,True,True,Minimum:    Requires a 64-bit processor and operating system    OS:  Windows 10 64bit    Processor:  2 Ghz or faster    Memory:  2048 MB RAM    Graphics:  Any    Storage:  300 MB available space,Tobias Springer,"tobspr Games,Doyoyo Games",0.9623,True,True,False,True,0.14,2020.0,6.0,Established,,
292730,326,"1,000,000 .. 2,000,000",16982,11396,Call of Duty®: Infinite Warfare,game,False,2279.0,2279.0,0,2016-11-03,"English<strong>*</strong>, French<strong>*</strong>, Italian<strong>*</strong>, German<strong>*</strong>, Spanish - Spain<strong>*</strong>, Japanese, Korean, Polish<strong>*</strong>, Portuguese - Brazil<strong>*</strong>, Russian<strong>*</strong>, Simplified Chinese, Traditional Chinese<br><strong>*</strong>languages with full audio support",73.0,"Action,Adventure","Single-player,Multi-player,PvP,Online PvP,Co-op,Online Co-op,Steam Achievements,Full controller support,Valve Anti-Cheat enabled,Remote Play on TV,Family Sharing",True,False,False,Minimum:    Requires a 64-bit processor and operating system    OS *:  Windows 7 64-Bit or later    Processor:  Intel Core i3-3225 @ 3.30GHz or equivalent    Memory:  8 GB RAM    Graphics:  NVIDIA GeForce GTX 660 2GB / AMD Radeon HD 7850 2GB    DirectX:  Version 11    Network:  Broadband Internet connection    Storage:  70 GB available space    Sound Card:  DirectX 11 Compatible    Additional Notes:  Disk space requirement may change over time.,Infinity Ward,Activision,0.5984,False,False,True,True,10.36,2016.0,9.6,Established,8.0,70.0
1243830,325,"500,000 .. 1,000,000",4457,1684,Overcooked! All You Can Eat,game,False,359.0,1199.0,70,2021-03-23,"English, French, Italian, German, Spanish - Spain, Japanese, Korean, Portuguese - Brazil, Russian, Simplified Chinese, Thai, Traditional Chinese, Polish",,"Casual,Indie,Simulation,Strategy","Single-player,Multi-player,PvP,Online PvP,Shared/Split Screen PvP,Co-op,Online Co-op,Shared/Split Screen Co-op,Shared/Split Screen,Cross-Platform Multiplayer,Steam Achievements,Full controller support,Remote Play Together,Family Sharing",True,False,False,"Minimum:    Requires a 64-bit processor and operating system    OS:  WIN7-64 bit    Processor:  Intel Core 2 Quad Q6600 or AMD Phenom II X3 720    Memory:  4 GB RAM    Graphics:  NVIDIA GeForce GTS 450, 1 GB / AMD Radeon HD 5750, 1 GB    DirectX:  Version 11    Storage:  8 GB available space","Team17 Digital,Ghost Town Games",Team17 Digital,0.7258,False,True,True,True,1.63,2021.0,5.2,Established,4.0,8.0
3028310,325,"200,000 .. 500,000",1924,216,Nordhold,game,False,595.0,595.0,0,2025-03-25,"English, German, French, Spanish - Spain, Japanese, Korean, Polish, Portuguese - Brazil, Russian, Simplified Chinese, Traditional Chinese, Turkish",80.0,"Indie,Strategy","Single-player,Steam Achievements,Steam Trading Cards,Steam Cloud,Steam Leaderboards,Family Sharing",True,True,True,"Minimum:    Requires a 64-bit processor and operating system    OS:  Windows 10, 11 (64 bit)    Processor:  3.5 GHz    Memory:  4 GB RAM    Graphics:  2 GB    DirectX:  Version 11    Storage:  4 GB available space",StunForge,"HypeTrain Digital,StunForge",0.8991,False,True,False,True,2.7,2025.0,1.2,Recent,4.0,4.0
6060,323,"2,000,000 .. 5,000,000",50396,2891,"STAR WARS™ Battlefront II (Classic, 2005)",game,False,310.0,310.0,0,2009-07-08,English<strong>*</strong><br><strong>*</strong>languages with full audio support,78.0,Action,"Single-player,Multi-player,PvP,Online PvP,Steam Cloud,Family Sharing",True,False,False,"OS *:  Windows 2000, XP, Vista, 8, or 10 				   Processor:  Intel Pentium 4 1.5 GHz or Athlon XP 1500+ 				   Memory:  256 MB 				   Graphics:  64MB 3d Graphics card with Vertex Shader and Pixel Shader (VS/PS) Capability 				   DirectX®:  9.0c 				   Hard Drive:  4.3 GB 				   Sound:  100% DirectX 9.0c compatible Sound Card",Pandemic Studios,"Lucasfilm,LucasArts,Disney",0.9457,False,False,True,True,1.41,2009.0,17.0,Classic,,
858810,323,"1,000,000 .. 2,000,000",14845,2252,Dawn of Man,game,False,740.0,740.0,0,2019-03-01,"English, French, German, Spanish - Spain",,"Indie,Simulation,Strategy","Single-player,Steam Achievements,Steam Workshop,Family Sharing",True,True,False,Minimum:    Requires a 64-bit processor and operating system    OS *:  Windows 7/8/10 (64 bit)    Processor:  2 GHz Dual Core    Memory:  4 GB RAM    Graphics:  1 GB VRAM (Shader Model 3)    DirectX:  Version 11    Storage:  2 GB available space,Madruga Works,Madruga Works,0.8683,False,True,False,True,3.36,2019.0,7.3,Established,4.0,2.0
1437880,323,"500,000 .. 1,000,000",2289,552,Heroes of the Three Kingdoms 7,game,False,185.0,185.0,0,2020-11-12,Traditional Chinese<strong>*</strong><br><strong>*</strong>languages with full audio support,,"RPG,Simulation,Strategy","Single-player,Family Sharing",True,False,False,Minimum:     OS *:  Windows 7/8    Processor:  PentiumIV 1.6GHZ或更高    Memory:  512 MB RAM    Graphics:  nVidia GeForce4（64M或更高）    Storage:  3 GB available space,"USERJOY Technology Co.,Ltd.","USERJOY Technology Co.,Ltd.,Phoenix Game",0.8057,False,False,False,True,0.84,2020.0,5.6,Established,,3.0
223470,320,"5,000,000 .. 10,000,000",112414,3644,POSTAL 2,game,False,310.0,310.0,0,2012-11-02,"English<strong>*</strong>, Russian<strong>*</strong>, Simplified Chinese<strong>*</strong>, Spanish - Spain, Turkish<br><strong>*</strong>languages with full audio support",59.0,"Action,Adventure,Indie","Single-player,Steam Achievements,Full controller support,Steam Trading Cards,Steam Workshop,Steam Cloud,Includes level editor,Family Sharing",True,False,True,Minimum:     OS *: Windows XP SP3/Vista/7/8/10 	   Processor: Pentium 3 1133MHz or AMD Athlon 733MHz Processor 	   Memory: 128 MB RAM 	   Graphics: 32MB GeForce 2 or Radeon Video Card 	   DirectX®: 8.0 	   Hard Drive: 10 GB available space 	   Other Requirements: Broadband Internet connection,Running With Scissors,Running With Scissors,0.9686,False,True,False,True,1.41,2012.0,13.6,Classic,,10.0
287390,320,"2,000,000 .. 5,000,000",63534,6562,Metro: Last Light Redux,game,False,699.0,699.0,0,2014-08-25,"English<strong>*</strong>, French<strong>*</strong>, Italian<strong>*</strong>, German<strong>*</strong>, Spanish - Spain<strong>*</strong>, Czech, Dutch, Polish, Russian<strong>*</strong>, Ukrainian<strong>*</strong><br><strong>*</strong>languages with full audio support",76.0,Action,"Single-player,Steam Achievements,Full controller support,Steam Trading Cards,Steam Cloud,Remote Play on TV,Family Sharing",True,True,True,"Minimum:     OS *:  Windows Vista, 7 or 8 (64-bit only)    Processor:  Dual Core CPU (2.2+ GHz Dual Core CPU or better)    Memory:  2 GB RAM    Graphics:  DirectX 10, Shader Model 4 compliant graphics cards (GeForce 8800 GT 512 MB, GeForce GTS 250, etc)    DirectX:  Version 10    Storage:  10 GB available space    Additional Notes:  64-bit only",4A Games,Deep Silver,0.9064,False,False,False,True,3.18,2014.0,11.8,Classic,2.0,10.0
2492040,320,"50,000 .. 100,000",1251,250,FATAL FURY: City of the Wolves,game,False,455.0,455.0,0,2026-01-22,"English<strong>*</strong>, French, Italian, German, Spanish - Spain, Arabic, Thai, Russian, Simplified Chinese, Traditional Chinese, Japanese<strong>*</strong>, Korean, Portuguese - Brazil, Spanish - Latin America<br><strong>*</strong>languages with full audio support",80.0,Action,"Single-player,Multi-player,PvP,Online PvP,Cross-Platform Multiplayer,Steam Achievements,Full controller support,Steam Cloud,Family Sharing",True,False,False,Minimum:    Requires a 64-bit processor and operating system    OS:  Windows 10    Processor:  Intel Core i5-7500 / AMD Ryzen 3 1200    Memory:  8 GB RAM    Graphics:  GTX1060 (VRAM 6GB) / Radeon RX 580 (VRAM 4GB)    DirectX:  Version 12    Storage:  60 GB available space,SNK CORPORATION,SNK CORPORATION,0.8334,True,False,True,True,2.07,2026.0,0.4,Recent,8.0,60.0
777130,319,"500,000 .. 1,000,000",6314,932,Blush Blush,game,True,0.0,0.0,0,2020-04-22,English,,"Casual,Indie,Simulation,Free To Play","Single-player,Steam Achievements,In-App Purchases,Family Sharing",True,True,True,"Minimum:     OS *:  Windows 7 SP1, Windows 8.1, Windows 10    Processor:  Modern Intel/AMD CPU 1.6GHz+    Memory:  2 GB RAM    Graphics:  Graphics card with DX9 (shader model 2.0) capabilities. Anything made since 2004 should work.    DirectX:  Version 9.0    Storage:  400 MB available space",Sad Panda Studios,Sad Panda Studios,0.8714,False,True,False,True,0.0,2020.0,6.2,Established,2.0,
1635450,319,"100,000 .. 200,000",4789,2202,Longvinter,game,False,595.0,595.0,0,2025-02-21,"English<strong>*</strong>, French<strong>*</strong>, German<strong>*</strong>, Spanish - Spain<strong>*</strong>, Korean<strong>*</strong>, Simplified Chinese<strong>*</strong>, Thai<strong>*</strong>, Dutch<strong>*</strong>, Russian<strong>*</strong>, Spanish - Latin America<strong>*</strong>, Vietnamese<strong>*</strong>, Italian<strong>*</strong>, Portuguese - Portugal<strong>*</strong>, Turkish<strong>*</strong>, Japanese<strong>*</strong><br><strong>*</strong>languages with full audio support",,"Action,Adventure,Massively Multiplayer,RPG,Simulation","Multi-player,MMO,PvP,Online PvP,Co-op,Online Co-op,Steam Achievements,In-App Purchases,Partial Controller Support",True,False,False,Minimum:    Requires a 64-bit processor and operating system    OS *:  Windows 7 or later    Processor:  2.6 GHz Quad Core or similar    Memory:  8 GB RAM    Graphics:  GeForce GTX 950 or Radeon HD 7970    DirectX:  Version 12    Network:  Broadband Internet connection    Storage:  3 GB available space,Uuvana Studios,Uuvana Studios,0.685,True,False,True,False,2.7,2025.0,1.3,Recent,8.0,3.0
1479730,319,"20,000 .. 50,000",1034,341,Commandos: Origins,game,False,1450.0,1450.0,0,2025-04-09,"English<strong>*</strong>, French<strong>*</strong>, Italian, German<strong>*</strong>, Spanish - Spain<strong>*</strong>, Arabic, Japanese, Polish, Portuguese - Brazil, Russian, Simplified Chinese<strong>*</strong>, Traditional Chinese<strong>*</strong>, Turkish, Korean<br><strong>*</strong>languages with full audio support",71.0,Strategy,"Single-player,Multi-player,Co-op,Online Co-op,LAN Co-op,Shared/Split Screen Co-op,Shared/Split Screen,Cross-Platform Multiplayer,Steam Achievements,Full controller support,Steam Trading Cards,Color Alternatives,Custom Volume Controls,Adjustable Difficulty,Playable without Timed Input,Stereo Sound,Steam Cloud,Family Sharing",True,False,False,Minimum:    Requires a 64-bit processor and operating system    OS:  Windows 10 (64-bit)    Processor:  i5-4690K / Ryzen 7 2700    Memory:  8 GB RAM    Graphics:  GeForce GTX 970 / Radeon RX 580    DirectX:  Version 11    Storage:  31 GB available space    Sound Card:  Integrated or dedicated compatible soundcard    Additional Notes:  Low settings | Full-HD | Average performance | SSD recommended | Upscaling via FSR available,Claymore Game Studios,Kalypso Media,0.752,False,False,True,True,6.59,2025.0,1.2,Recent,8.0,31.0
2285550,319,"0 .. 20,000",935,52,Doloc Town,game,False,306.0,340.0,10,2025-05-07,"English, Simplified Chinese, Traditional Chinese",,"Adventure,Casual,Indie,RPG,Simulation,Early Access","Single-player,Steam Achievements,Steam Workshop,Camera Comfort,Color Alternatives,Custom Volume Controls,Playable without Timed Input,Partial Controller Support,Steam Cloud,Family Sharing",True,False,False,Minimum:     OS:  Windows 10    Processor:  Intel i3 6100    Memory:  8 GB RAM    Graphics:  NVIDIA GeForce GTX 460    DirectX:  Version 11    Storage:  2 GB available space,RedSaw Games Studio,Logoi Games,0.9473,False,True,False,True,1.39,2025.0,1.1,Recent,8.0,2.0
22370,318,"2,000,000 .. 5,000,000",41078,9515,Fallout 3: Game of the Year Edition,game,False,599.0,599.0,0,2009-12-17,"English, French, German, Italian, Spanish - Spain",91.0,RPG,"Single-player,Family Sharing",True,False,False,"Minimum:                      					   Operating system:  Windows XP/Vista                     					   Processor:  2.4 Ghz Intel Pentium 4 or equivalent processor                      					   Memory:  1 GB (XP)/ 2 GB (Vista)                     					   Hard disk space:  7 GB                     					   Video:  Direct X 9.0c compliant video card with 256MB RAM (NVIDIA 6800 or better/ATI X850 or better)                      					   Sound:  DirectX®: 9.0c                     					   Controller support:   Xbox 360 controller                     					   Supported Video Card Chipsets:                       					   NVIDIA  GeForce 200 series, Geforce 9800 series, Geforce 9600 series, Geforce 8800 series, Geforce 8600 series, Geforce 8500 series, Geforce 8400 series, Geforce 7900 series, Geforce 7800 series, Geforce 7600 series, Geforce 7300 series, GeForce 6800 series                     					   ATI  HD 4800 series, HD 4600 series, HD 3800 series, HD 3600 series, HD 3400 series, HD 2900 series, HD 2600 series, HD 2400 series, X1900 series, X1800 series, X1600 series, X1300 series, X850 series",Bethesda Game Studios,Bethesda Softworks,0.8119,False,False,False,True,2.72,2009.0,16.5,Classic,,
997010,318,"1,000,000 .. 2,000,000",15108,4313,Police Simulator: Patrol Officers,game,False,885.0,885.0,0,2022-11-10,"English<strong>*</strong>, German<strong>*</strong>, Simplified Chinese, Traditional Chinese, French, Italian, Spanish - Spain, Japanese, Korean, Polish, Russian, Turkish, Portuguese - Brazil, Spanish - Latin America<br><strong>*</strong>languages with full audio support",,Simulation,"Single-player,Multi-player,Co-op,Online Co-op,Steam Achievements,Steam Trading Cards,Steam Workshop,Camera Comfort,Custom Volume Controls,Adjustable Difficulty,Subtitle Options,Partial Controller Support,Steam Cloud,Family Sharing",True,False,False,Minimum:    Requires a 64-bit processor and operating system    OS:  Windows 10 64-Bit    Processor:  Intel® Core™ i3-2120 or higher    Memory:  8 GB RAM    Graphics:  NVIDIA GeForce GTX 760 (2 GB VRAM) or higher    Network:  Broadband Internet connection    Storage:  12 GB available space,Aesir Interactive,astragon Entertainment,0.7779,True,False,True,True,4.02,2022.0,3.6,Modern,8.0,12.0
331470,318,"500,000 .. 1,000,000",71592,3922,Everlasting Summer,game,True,0.0,0.0,0,2014-11-19,"English, Russian, Spanish - Spain, Italian, Simplified Chinese, French, Portuguese - Portugal, Turkish",,"Adventure,Casual,Indie,Free To Play","Single-player,Steam Achievements,Partial Controller Support,Steam Cloud,Family Sharing",True,True,True,Minimum:     OS *:  Microsoft® Windows® XP/Vista/7/8/8.1/10/11    Processor:  Pentium® 4 1.5 GHz / Athlon® XP    Memory:  512 MB RAM    Graphics:  DirectX® 9.0c compatible    DirectX:  Version 9.0c    Storage:  877 MB available space    Sound Card:  DirectX® 9.0c compatible,Soviet Games,Soviet Games,0.9481,False,True,False,True,0.0,2014.0,11.6,Classic,,
